ISO-10303-21;
HEADER;
/* Generated by software containing ST-Developer
 * from STEP Tools, Inc. (www.steptools.com) 
 */

FILE_DESCRIPTION(
/* description */ (''),
/* implementation_level */ '2;1');

FILE_NAME(
/* name */ 'EncoderBottom.step',
/* time_stamp */ '2026-06-08T15:53:19+02:00',
/* author */ (''),
/* organization */ (''),
/* preprocessor_version */ 'ST-DEVELOPER v20.1',
/* originating_system */ 'Autodesk Translation Framework v15.8.0.0',
/* authorisation */ '');

FILE_SCHEMA (('AUTOMOTIVE_DESIGN { 1 0 10303 214 3 1 1 }'));
ENDSEC;

DATA;
#10=MECHANICAL_DESIGN_GEOMETRIC_PRESENTATION_REPRESENTATION('',(#13,#14,
#15,#16,#17,#18,#19),#8503);
#11=SHAPE_REPRESENTATION_RELATIONSHIP('SRR','None',#8510,#12);
#12=ADVANCED_BREP_SHAPE_REPRESENTATION('',(#20,#21,#22,#23,#24,#25,#26),
#8502);
#13=STYLED_ITEM('',(#8519),#20);
#14=STYLED_ITEM('',(#8519),#21);
#15=STYLED_ITEM('',(#8519),#22);
#16=STYLED_ITEM('',(#8519),#23);
#17=STYLED_ITEM('',(#8519),#24);
#18=STYLED_ITEM('',(#8519),#25);
#19=STYLED_ITEM('',(#8519),#26);
#20=MANIFOLD_SOLID_BREP('Bry\X2\0142\X0\a2',#4273);
#21=MANIFOLD_SOLID_BREP('Bry\X2\0142\X0\a7',#4274);
#22=MANIFOLD_SOLID_BREP('Bry\X2\0142\X0\a8',#4275);
#23=MANIFOLD_SOLID_BREP('Bry\X2\0142\X0\a9',#4276);
#24=MANIFOLD_SOLID_BREP('Bry\X2\0142\X0\a10',#4277);
#25=MANIFOLD_SOLID_BREP('Bry\X2\0142\X0\a11',#4278);
#26=MANIFOLD_SOLID_BREP('Bry\X2\0142\X0\a12',#4279);
#27=ELLIPSE('',#4347,2.82842712474619,2.);
#28=ELLIPSE('',#4348,2.82842712474619,2.);
#29=CIRCLE('',#4327,3.);
#30=CIRCLE('',#4328,3.);
#31=CIRCLE('',#4330,2.35);
#32=CIRCLE('',#4332,3.);
#33=CIRCLE('',#4333,3.);
#34=CIRCLE('',#4335,2.35);
#35=CIRCLE('',#4337,2.35);
#36=CIRCLE('',#4339,2.35);
#37=CIRCLE('',#4341,2.99999928474437);
#38=CIRCLE('',#4342,2.35);
#39=CIRCLE('',#4344,3.);
#40=CIRCLE('',#4345,2.35);
#41=CIRCLE('',#4350,2.);
#42=CIRCLE('',#4351,4.5);
#43=CIRCLE('',#4352,4.5);
#44=CIRCLE('',#4353,4.);
#45=CIRCLE('',#4354,4.5);
#46=CIRCLE('',#4355,2.);
#47=CIRCLE('',#4358,2.);
#48=CIRCLE('',#4361,2.);
#49=CIRCLE('',#4362,4.5);
#50=CIRCLE('',#4363,4.);
#51=CIRCLE('',#4364,4.5);
#52=CIRCLE('',#4365,4.5);
#53=CIRCLE('',#4366,2.);
#54=CIRCLE('',#4367,2.);
#55=CIRCLE('',#4368,5.);
#56=CIRCLE('',#4369,4.99999999999999);
#57=CIRCLE('',#4370,4.99999999999999);
#58=CIRCLE('',#4371,4.99999999999999);
#59=CIRCLE('',#4372,2.35);
#60=CIRCLE('',#4373,2.35);
#61=CIRCLE('',#4382,2.99999928474437);
#62=CIRCLE('',#4384,3.);
#63=CIRCLE('',#4386,5.);
#64=CIRCLE('',#4387,4.99999999999999);
#65=CIRCLE('',#4388,4.99999999999999);
#66=CIRCLE('',#4389,4.99999999999999);
#67=CYLINDRICAL_SURFACE('',#4326,3.);
#68=CYLINDRICAL_SURFACE('',#4331,3.);
#69=CYLINDRICAL_SURFACE('',#4336,2.35);
#70=CYLINDRICAL_SURFACE('',#4338,2.35);
#71=CYLINDRICAL_SURFACE('',#4346,2.);
#72=CYLINDRICAL_SURFACE('',#4357,2.);
#73=CYLINDRICAL_SURFACE('',#4374,2.);
#74=CYLINDRICAL_SURFACE('',#4376,2.);
#75=CYLINDRICAL_SURFACE('',#4377,2.);
#76=CYLINDRICAL_SURFACE('',#4381,2.99999928474437);
#77=CYLINDRICAL_SURFACE('',#4383,3.);
#78=CYLINDRICAL_SURFACE('',#4390,4.5);
#79=CYLINDRICAL_SURFACE('',#4392,4.);
#80=CYLINDRICAL_SURFACE('',#4394,4.5);
#81=CYLINDRICAL_SURFACE('',#4396,4.5);
#82=CYLINDRICAL_SURFACE('',#4397,2.35);
#83=CYLINDRICAL_SURFACE('',#4398,2.35);
#84=CYLINDRICAL_SURFACE('',#4399,5.);
#85=CYLINDRICAL_SURFACE('',#4401,4.99999999999999);
#86=CYLINDRICAL_SURFACE('',#4403,4.99999999999999);
#87=CYLINDRICAL_SURFACE('',#4405,4.99999999999999);
#88=FACE_BOUND('',#766,.T.);
#89=FACE_BOUND('',#798,.T.);
#90=FACE_BOUND('',#826,.T.);
#91=FACE_BOUND('',#829,.T.);
#92=FACE_BOUND('',#833,.T.);
#93=FACE_BOUND('',#835,.T.);
#94=FACE_BOUND('',#842,.T.);
#95=FACE_BOUND('',#843,.T.);
#96=FACE_BOUND('',#844,.T.);
#97=FACE_BOUND('',#845,.T.);
#98=FACE_BOUND('',#856,.T.);
#99=FACE_BOUND('',#857,.T.);
#100=FACE_BOUND('',#858,.T.);
#101=FACE_BOUND('',#859,.T.);
#102=FACE_BOUND('',#860,.T.);
#103=FACE_BOUND('',#861,.T.);
#104=FACE_BOUND('',#862,.T.);
#105=FACE_BOUND('',#863,.T.);
#106=FACE_BOUND('',#864,.T.);
#107=FACE_BOUND('',#865,.T.);
#108=FACE_BOUND('',#903,.T.);
#109=FACE_BOUND('',#905,.T.);
#110=FACE_BOUND('',#927,.T.);
#111=FACE_BOUND('',#929,.T.);
#112=B_SPLINE_CURVE_WITH_KNOTS('',3,(#5125,#5126,#5127,#5128,#5129),
 .UNSPECIFIED.,.F.,.F.,(4,1,4),(0.,0.0702509292256347,0.145119013704073),
 .UNSPECIFIED.);
#113=B_SPLINE_CURVE_WITH_KNOTS('',3,(#5132,#5133,#5134,#5135,#5136),
 .UNSPECIFIED.,.F.,.F.,(4,1,4),(0.,0.0702509292256347,0.145119013704073),
 .UNSPECIFIED.);
#114=B_SPLINE_CURVE_WITH_KNOTS('',3,(#5148,#5149,#5150,#5151,#5152),
 .UNSPECIFIED.,.F.,.F.,(4,1,4),(0.,0.0398662277779966,0.0822767754282021),
 .UNSPECIFIED.);
#115=B_SPLINE_CURVE_WITH_KNOTS('',3,(#5155,#5156,#5157,#5158,#5159),
 .UNSPECIFIED.,.F.,.F.,(4,1,4),(0.,0.0398662277779966,0.0822767754282021),
 .UNSPECIFIED.);
#116=B_SPLINE_CURVE_WITH_KNOTS('',3,(#5171,#5172,#5173,#5174,#5175),
 .UNSPECIFIED.,.F.,.F.,(4,1,4),(0.,0.0386759335825582,0.0773163566455584),
 .UNSPECIFIED.);
#117=B_SPLINE_CURVE_WITH_KNOTS('',3,(#5178,#5179,#5180,#5181,#5182),
 .UNSPECIFIED.,.F.,.F.,(4,1,4),(0.,0.0386759335825582,0.0773163566455584),
 .UNSPECIFIED.);
#118=B_SPLINE_CURVE_WITH_KNOTS('',3,(#5194,#5195,#5196,#5197,#5198),
 .UNSPECIFIED.,.F.,.F.,(4,1,4),(0.,0.0492437489818715,0.0947529159440166),
 .UNSPECIFIED.);
#119=B_SPLINE_CURVE_WITH_KNOTS('',3,(#5201,#5202,#5203,#5204,#5205),
 .UNSPECIFIED.,.F.,.F.,(4,1,4),(0.,0.0492437489818715,0.0947529159440166),
 .UNSPECIFIED.);
#120=B_SPLINE_CURVE_WITH_KNOTS('',3,(#5223,#5224,#5225,#5226,#5227),
 .UNSPECIFIED.,.F.,.F.,(4,1,4),(0.,0.0633618536234193,0.133550842088611),
 .UNSPECIFIED.);
#121=B_SPLINE_CURVE_WITH_KNOTS('',3,(#5230,#5231,#5232,#5233,#5234),
 .UNSPECIFIED.,.F.,.F.,(4,1,4),(0.,0.0633618536234193,0.133550842088611),
 .UNSPECIFIED.);
#122=B_SPLINE_CURVE_WITH_KNOTS('',3,(#5246,#5247,#5248,#5249,#5250),
 .UNSPECIFIED.,.F.,.F.,(4,1,4),(0.,0.0418705841713832,0.0835091193918517),
 .UNSPECIFIED.);
#123=B_SPLINE_CURVE_WITH_KNOTS('',3,(#5253,#5254,#5255,#5256,#5257),
 .UNSPECIFIED.,.F.,.F.,(4,1,4),(0.,0.0418705841713832,0.0835091193918517),
 .UNSPECIFIED.);
#124=B_SPLINE_CURVE_WITH_KNOTS('',3,(#5269,#5270,#5271,#5272,#5273),
 .UNSPECIFIED.,.F.,.F.,(4,1,4),(0.,0.0757875108363581,0.128905154862107),
 .UNSPECIFIED.);
#125=B_SPLINE_CURVE_WITH_KNOTS('',3,(#5276,#5277,#5278,#5279,#5280),
 .UNSPECIFIED.,.F.,.F.,(4,1,4),(0.,0.0757875108363581,0.128905154862107),
 .UNSPECIFIED.);
#126=B_SPLINE_CURVE_WITH_KNOTS('',3,(#5315,#5316,#5317,#5318,#5319),
 .UNSPECIFIED.,.F.,.F.,(4,1,4),(0.,0.0791240079989,0.156242843503925),
 .UNSPECIFIED.);
#127=B_SPLINE_CURVE_WITH_KNOTS('',3,(#5323,#5324,#5325,#5326,#5327),
 .UNSPECIFIED.,.F.,.F.,(4,1,4),(0.,0.0791240079989,0.156242843503925),
 .UNSPECIFIED.);
#128=B_SPLINE_CURVE_WITH_KNOTS('',3,(#5340,#5341,#5342,#5343,#5344),
 .UNSPECIFIED.,.F.,.F.,(4,1,4),(0.,0.0858386808380482,0.172428856475681),
 .UNSPECIFIED.);
#129=B_SPLINE_CURVE_WITH_KNOTS('',3,(#5347,#5348,#5349,#5350,#5351),
 .UNSPECIFIED.,.F.,.F.,(4,1,4),(0.,0.0858386808380482,0.172428856475681),
 .UNSPECIFIED.);
#130=B_SPLINE_CURVE_WITH_KNOTS('',3,(#5363,#5364,#5365,#5366,#5367),
 .UNSPECIFIED.,.F.,.F.,(4,1,4),(0.,0.081503791990215,0.146356466704551),
 .UNSPECIFIED.);
#131=B_SPLINE_CURVE_WITH_KNOTS('',3,(#5370,#5371,#5372,#5373,#5374),
 .UNSPECIFIED.,.F.,.F.,(4,1,4),(0.,0.081503791990215,0.146356466704551),
 .UNSPECIFIED.);
#132=B_SPLINE_CURVE_WITH_KNOTS('',3,(#5391,#5392,#5393,#5394,#5395),
 .UNSPECIFIED.,.F.,.F.,(4,1,4),(0.,0.0798866452705054,0.167247022874005),
 .UNSPECIFIED.);
#133=B_SPLINE_CURVE_WITH_KNOTS('',3,(#5396,#5397,#5398,#5399,#5400),
 .UNSPECIFIED.,.F.,.F.,(4,1,4),(0.,0.0798866452705054,0.167247022874005),
 .UNSPECIFIED.);
#134=B_SPLINE_CURVE_WITH_KNOTS('',3,(#5413,#5414,#5415,#5416,#5417),
 .UNSPECIFIED.,.F.,.F.,(4,1,4),(0.,0.0632102158152455,0.122239374973024),
 .UNSPECIFIED.);
#135=B_SPLINE_CURVE_WITH_KNOTS('',3,(#5421,#5422,#5423,#5424,#5425),
 .UNSPECIFIED.,.F.,.F.,(4,1,4),(0.,0.0632102158152455,0.122239374973024),
 .UNSPECIFIED.);
#136=B_SPLINE_CURVE_WITH_KNOTS('',3,(#5438,#5439,#5440,#5441,#5442),
 .UNSPECIFIED.,.F.,.F.,(4,1,4),(0.,0.0831668247843591,0.167884078798029),
 .UNSPECIFIED.);
#137=B_SPLINE_CURVE_WITH_KNOTS('',3,(#5445,#5446,#5447,#5448,#5449),
 .UNSPECIFIED.,.F.,.F.,(4,1,4),(0.,0.0831668247843591,0.167884078798029),
 .UNSPECIFIED.);
#138=B_SPLINE_CURVE_WITH_KNOTS('',3,(#5461,#5462,#5463,#5464,#5465),
 .UNSPECIFIED.,.F.,.F.,(4,1,4),(0.,0.107324887136278,0.198019249617392),
 .UNSPECIFIED.);
#139=B_SPLINE_CURVE_WITH_KNOTS('',3,(#5468,#5469,#5470,#5471,#5472),
 .UNSPECIFIED.,.F.,.F.,(4,1,4),(0.,0.107324887136278,0.198019249617392),
 .UNSPECIFIED.);
#140=B_SPLINE_CURVE_WITH_KNOTS('',3,(#5490,#5491,#5492,#5493,#5494),
 .UNSPECIFIED.,.F.,.F.,(4,1,4),(0.,0.0136436145152145,0.0327500595241844),
 .UNSPECIFIED.);
#141=B_SPLINE_CURVE_WITH_KNOTS('',3,(#5497,#5498,#5499,#5500,#5501),
 .UNSPECIFIED.,.F.,.F.,(4,1,4),(0.,0.0136436145152145,0.0327500595241844),
 .UNSPECIFIED.);
#142=B_SPLINE_CURVE_WITH_KNOTS('',3,(#5513,#5514,#5515,#5516,#5517),
 .UNSPECIFIED.,.F.,.F.,(4,1,4),(0.,0.137617347137841,0.298549355505885),
 .UNSPECIFIED.);
#143=B_SPLINE_CURVE_WITH_KNOTS('',3,(#5520,#5521,#5522,#5523,#5524),
 .UNSPECIFIED.,.F.,.F.,(4,1,4),(0.,0.137617347137841,0.298549355505885),
 .UNSPECIFIED.);
#144=B_SPLINE_CURVE_WITH_KNOTS('',3,(#5536,#5537,#5538,#5539,#5540),
 .UNSPECIFIED.,.F.,.F.,(4,1,4),(0.,0.134288289433158,0.263166794552689),
 .UNSPECIFIED.);
#145=B_SPLINE_CURVE_WITH_KNOTS('',3,(#5543,#5544,#5545,#5546,#5547),
 .UNSPECIFIED.,.F.,.F.,(4,1,4),(0.,0.134288289433158,0.263166794552689),
 .UNSPECIFIED.);
#146=B_SPLINE_CURVE_WITH_KNOTS('',3,(#5559,#5560,#5561,#5562,#5563),
 .UNSPECIFIED.,.F.,.F.,(4,1,4),(0.,0.131993798275016,0.270398770260471),
 .UNSPECIFIED.);
#147=B_SPLINE_CURVE_WITH_KNOTS('',3,(#5566,#5567,#5568,#5569,#5570),
 .UNSPECIFIED.,.F.,.F.,(4,1,4),(0.,0.131993798275016,0.270398770260471),
 .UNSPECIFIED.);
#148=B_SPLINE_CURVE_WITH_KNOTS('',3,(#5582,#5583,#5584,#5585,#5586),
 .UNSPECIFIED.,.F.,.F.,(4,1,4),(0.,0.164043434883035,0.304495807126293),
 .UNSPECIFIED.);
#149=B_SPLINE_CURVE_WITH_KNOTS('',3,(#5589,#5590,#5591,#5592,#5593),
 .UNSPECIFIED.,.F.,.F.,(4,1,4),(0.,0.164043434883035,0.304495807126293),
 .UNSPECIFIED.);
#150=B_SPLINE_CURVE_WITH_KNOTS('',3,(#5605,#5606,#5607,#5608,#5609),
 .UNSPECIFIED.,.F.,.F.,(4,1,4),(0.,0.136755780955715,0.295447080226983),
 .UNSPECIFIED.);
#151=B_SPLINE_CURVE_WITH_KNOTS('',3,(#5612,#5613,#5614,#5615,#5616),
 .UNSPECIFIED.,.F.,.F.,(4,1,4),(0.,0.136755780955715,0.295447080226983),
 .UNSPECIFIED.);
#152=B_SPLINE_CURVE_WITH_KNOTS('',3,(#5628,#5629,#5630,#5631,#5632),
 .UNSPECIFIED.,.F.,.F.,(4,1,4),(0.,0.144565655430531,0.276454016160567),
 .UNSPECIFIED.);
#153=B_SPLINE_CURVE_WITH_KNOTS('',3,(#5635,#5636,#5637,#5638,#5639),
 .UNSPECIFIED.,.F.,.F.,(4,1,4),(0.,0.144565655430531,0.276454016160567),
 .UNSPECIFIED.);
#154=B_SPLINE_CURVE_WITH_KNOTS('',3,(#5651,#5652,#5653,#5654,#5655),
 .UNSPECIFIED.,.F.,.F.,(4,1,4),(0.,0.103261700621171,0.219220627950438),
 .UNSPECIFIED.);
#155=B_SPLINE_CURVE_WITH_KNOTS('',3,(#5658,#5659,#5660,#5661,#5662),
 .UNSPECIFIED.,.F.,.F.,(4,1,4),(0.,0.103261700621171,0.219220627950438),
 .UNSPECIFIED.);
#156=B_SPLINE_CURVE_WITH_KNOTS('',3,(#5674,#5675,#5676,#5677,#5678),
 .UNSPECIFIED.,.F.,.F.,(4,1,4),(0.,0.10761677173635,0.208258045696323),
 .UNSPECIFIED.);
#157=B_SPLINE_CURVE_WITH_KNOTS('',3,(#5681,#5682,#5683,#5684,#5685),
 .UNSPECIFIED.,.F.,.F.,(4,1,4),(0.,0.10761677173635,0.208258045696323),
 .UNSPECIFIED.);
#158=B_SPLINE_CURVE_WITH_KNOTS('',3,(#5702,#5703,#5704,#5705,#5706),
 .UNSPECIFIED.,.F.,.F.,(4,1,4),(0.,0.062866104731034,0.137683901939595),
 .UNSPECIFIED.);
#159=B_SPLINE_CURVE_WITH_KNOTS('',3,(#5707,#5708,#5709,#5710,#5711),
 .UNSPECIFIED.,.F.,.F.,(4,1,4),(0.,0.062866104731034,0.137683901939595),
 .UNSPECIFIED.);
#160=B_SPLINE_CURVE_WITH_KNOTS('',3,(#5745,#5746,#5747,#5748,#5749),
 .UNSPECIFIED.,.F.,.F.,(4,1,4),(0.,0.0660742946792607,0.145193172520974),
 .UNSPECIFIED.);
#161=B_SPLINE_CURVE_WITH_KNOTS('',3,(#5752,#5753,#5754,#5755,#5756),
 .UNSPECIFIED.,.F.,.F.,(4,1,4),(0.,0.0660742946792607,0.145193172520974),
 .UNSPECIFIED.);
#162=B_SPLINE_CURVE_WITH_KNOTS('',3,(#5768,#5769,#5770,#5771,#5772),
 .UNSPECIFIED.,.F.,.F.,(4,1,4),(0.,0.0756063347319095,0.153192903283143),
 .UNSPECIFIED.);
#163=B_SPLINE_CURVE_WITH_KNOTS('',3,(#5775,#5776,#5777,#5778,#5779),
 .UNSPECIFIED.,.F.,.F.,(4,1,4),(0.,0.0756063347319095,0.153192903283143),
 .UNSPECIFIED.);
#164=B_SPLINE_CURVE_WITH_KNOTS('',3,(#5814,#5815,#5816,#5817,#5818),
 .UNSPECIFIED.,.F.,.F.,(4,1,4),(0.,0.0791241252853186,0.156242960790344),
 .UNSPECIFIED.);
#165=B_SPLINE_CURVE_WITH_KNOTS('',3,(#5822,#5823,#5824,#5825,#5826),
 .UNSPECIFIED.,.F.,.F.,(4,1,4),(0.,0.0791241252853186,0.156242960790344),
 .UNSPECIFIED.);
#166=B_SPLINE_CURVE_WITH_KNOTS('',3,(#5839,#5840,#5841,#5842,#5843),
 .UNSPECIFIED.,.F.,.F.,(4,1,4),(0.,0.0858386808380482,0.172428856475681),
 .UNSPECIFIED.);
#167=B_SPLINE_CURVE_WITH_KNOTS('',3,(#5846,#5847,#5848,#5849,#5850),
 .UNSPECIFIED.,.F.,.F.,(4,1,4),(0.,0.0858386808380482,0.172428856475681),
 .UNSPECIFIED.);
#168=B_SPLINE_CURVE_WITH_KNOTS('',3,(#5862,#5863,#5864,#5865,#5866),
 .UNSPECIFIED.,.F.,.F.,(4,1,4),(0.,0.0815038149372333,0.146356376804189),
 .UNSPECIFIED.);
#169=B_SPLINE_CURVE_WITH_KNOTS('',3,(#5869,#5870,#5871,#5872,#5873),
 .UNSPECIFIED.,.F.,.F.,(4,1,4),(0.,0.0815038149372333,0.146356376804189),
 .UNSPECIFIED.);
#170=B_SPLINE_CURVE_WITH_KNOTS('',3,(#5890,#5891,#5892,#5893,#5894),
 .UNSPECIFIED.,.F.,.F.,(4,1,4),(0.,0.07988657847123,0.167246956074729),
 .UNSPECIFIED.);
#171=B_SPLINE_CURVE_WITH_KNOTS('',3,(#5895,#5896,#5897,#5898,#5899),
 .UNSPECIFIED.,.F.,.F.,(4,1,4),(0.,0.07988657847123,0.167246956074729),
 .UNSPECIFIED.);
#172=B_SPLINE_CURVE_WITH_KNOTS('',3,(#5912,#5913,#5914,#5915,#5916),
 .UNSPECIFIED.,.F.,.F.,(4,1,4),(0.,0.0632104518760572,0.122239398200783),
 .UNSPECIFIED.);
#173=B_SPLINE_CURVE_WITH_KNOTS('',3,(#5920,#5921,#5922,#5923,#5924),
 .UNSPECIFIED.,.F.,.F.,(4,1,4),(0.,0.0632104518760572,0.122239398200783),
 .UNSPECIFIED.);
#174=B_SPLINE_CURVE_WITH_KNOTS('',3,(#5937,#5938,#5939,#5940,#5941),
 .UNSPECIFIED.,.F.,.F.,(4,1,4),(0.,0.0831666292348243,0.167884117452057),
 .UNSPECIFIED.);
#175=B_SPLINE_CURVE_WITH_KNOTS('',3,(#5944,#5945,#5946,#5947,#5948),
 .UNSPECIFIED.,.F.,.F.,(4,1,4),(0.,0.0831666292348243,0.167884117452057),
 .UNSPECIFIED.);
#176=B_SPLINE_CURVE_WITH_KNOTS('',3,(#5960,#5961,#5962,#5963,#5964),
 .UNSPECIFIED.,.F.,.F.,(4,1,4),(0.,0.107324887136278,0.198019249617392),
 .UNSPECIFIED.);
#177=B_SPLINE_CURVE_WITH_KNOTS('',3,(#5967,#5968,#5969,#5970,#5971),
 .UNSPECIFIED.,.F.,.F.,(4,1,4),(0.,0.107324887136278,0.198019249617392),
 .UNSPECIFIED.);
#178=B_SPLINE_CURVE_WITH_KNOTS('',3,(#5989,#5990,#5991,#5992,#5993),
 .UNSPECIFIED.,.F.,.F.,(4,1,4),(0.,0.0136436145152145,0.0327500595241844),
 .UNSPECIFIED.);
#179=B_SPLINE_CURVE_WITH_KNOTS('',3,(#5996,#5997,#5998,#5999,#6000),
 .UNSPECIFIED.,.F.,.F.,(4,1,4),(0.,0.0136436145152145,0.0327500595241844),
 .UNSPECIFIED.);
#180=B_SPLINE_CURVE_WITH_KNOTS('',3,(#6012,#6013,#6014,#6015,#6016),
 .UNSPECIFIED.,.F.,.F.,(4,1,4),(0.,0.137617287310701,0.298549312731954),
 .UNSPECIFIED.);
#181=B_SPLINE_CURVE_WITH_KNOTS('',3,(#6019,#6020,#6021,#6022,#6023),
 .UNSPECIFIED.,.F.,.F.,(4,1,4),(0.,0.137617287310701,0.298549312731954),
 .UNSPECIFIED.);
#182=B_SPLINE_CURVE_WITH_KNOTS('',3,(#6035,#6036,#6037,#6038,#6039),
 .UNSPECIFIED.,.F.,.F.,(4,1,4),(0.,0.134288055091292,0.263166657692613),
 .UNSPECIFIED.);
#183=B_SPLINE_CURVE_WITH_KNOTS('',3,(#6042,#6043,#6044,#6045,#6046),
 .UNSPECIFIED.,.F.,.F.,(4,1,4),(0.,0.134288055091292,0.263166657692613),
 .UNSPECIFIED.);
#184=B_SPLINE_CURVE_WITH_KNOTS('',3,(#6058,#6059,#6060,#6061,#6062),
 .UNSPECIFIED.,.F.,.F.,(4,1,4),(0.,0.131993602983791,0.270398809390238),
 .UNSPECIFIED.);
#185=B_SPLINE_CURVE_WITH_KNOTS('',3,(#6065,#6066,#6067,#6068,#6069),
 .UNSPECIFIED.,.F.,.F.,(4,1,4),(0.,0.131993602983791,0.270398809390238),
 .UNSPECIFIED.);
#186=B_SPLINE_CURVE_WITH_KNOTS('',3,(#6081,#6082,#6083,#6084,#6085),
 .UNSPECIFIED.,.F.,.F.,(4,1,4),(0.,0.164043417781377,0.304495909868682),
 .UNSPECIFIED.);
#187=B_SPLINE_CURVE_WITH_KNOTS('',3,(#6088,#6089,#6090,#6091,#6092),
 .UNSPECIFIED.,.F.,.F.,(4,1,4),(0.,0.164043417781377,0.304495909868682),
 .UNSPECIFIED.);
#188=B_SPLINE_CURVE_WITH_KNOTS('',3,(#6104,#6105,#6106,#6107,#6108),
 .UNSPECIFIED.,.F.,.F.,(4,1,4),(0.,0.136755720082662,0.295447036840104),
 .UNSPECIFIED.);
#189=B_SPLINE_CURVE_WITH_KNOTS('',3,(#6111,#6112,#6113,#6114,#6115),
 .UNSPECIFIED.,.F.,.F.,(4,1,4),(0.,0.136755720082662,0.295447036840104),
 .UNSPECIFIED.);
#190=B_SPLINE_CURVE_WITH_KNOTS('',3,(#6127,#6128,#6129,#6130,#6131),
 .UNSPECIFIED.,.F.,.F.,(4,1,4),(0.,0.144565890408482,0.276454053071137),
 .UNSPECIFIED.);
#191=B_SPLINE_CURVE_WITH_KNOTS('',3,(#6134,#6135,#6136,#6137,#6138),
 .UNSPECIFIED.,.F.,.F.,(4,1,4),(0.,0.144565890408482,0.276454053071137),
 .UNSPECIFIED.);
#192=B_SPLINE_CURVE_WITH_KNOTS('',3,(#6150,#6151,#6152,#6153,#6154),
 .UNSPECIFIED.,.F.,.F.,(4,1,4),(0.,0.103261807323872,0.219220616492638),
 .UNSPECIFIED.);
#193=B_SPLINE_CURVE_WITH_KNOTS('',3,(#6157,#6158,#6159,#6160,#6161),
 .UNSPECIFIED.,.F.,.F.,(4,1,4),(0.,0.103261807323872,0.219220616492638),
 .UNSPECIFIED.);
#194=B_SPLINE_CURVE_WITH_KNOTS('',3,(#6173,#6174,#6175,#6176,#6177),
 .UNSPECIFIED.,.F.,.F.,(4,1,4),(0.,0.107616724321804,0.208258079281532),
 .UNSPECIFIED.);
#195=B_SPLINE_CURVE_WITH_KNOTS('',3,(#6180,#6181,#6182,#6183,#6184),
 .UNSPECIFIED.,.F.,.F.,(4,1,4),(0.,0.107616724321804,0.208258079281532),
 .UNSPECIFIED.);
#196=B_SPLINE_CURVE_WITH_KNOTS('',3,(#6201,#6202,#6203,#6204,#6205),
 .UNSPECIFIED.,.F.,.F.,(4,1,4),(0.,0.062866104731034,0.137683901939595),
 .UNSPECIFIED.);
#197=B_SPLINE_CURVE_WITH_KNOTS('',3,(#6206,#6207,#6208,#6209,#6210),
 .UNSPECIFIED.,.F.,.F.,(4,1,4),(0.,0.062866104731034,0.137683901939595),
 .UNSPECIFIED.);
#198=B_SPLINE_CURVE_WITH_KNOTS('',3,(#6224,#6225,#6226,#6227,#6228),
 .UNSPECIFIED.,.F.,.F.,(4,1,4),(0.,0.103904264978118,0.202094057101571),
 .UNSPECIFIED.);
#199=B_SPLINE_CURVE_WITH_KNOTS('',3,(#6232,#6233,#6234,#6235,#6236),
 .UNSPECIFIED.,.F.,.F.,(4,1,4),(0.,0.103904264978118,0.202094057101571),
 .UNSPECIFIED.);
#200=B_SPLINE_CURVE_WITH_KNOTS('',3,(#6249,#6250,#6251,#6252,#6253),
 .UNSPECIFIED.,.F.,.F.,(4,1,4),(0.,0.088985980277375,0.17793282048521),
 .UNSPECIFIED.);
#201=B_SPLINE_CURVE_WITH_KNOTS('',3,(#6256,#6257,#6258,#6259,#6260),
 .UNSPECIFIED.,.F.,.F.,(4,1,4),(0.,0.088985980277375,0.17793282048521),
 .UNSPECIFIED.);
#202=B_SPLINE_CURVE_WITH_KNOTS('',3,(#6272,#6273,#6274,#6275,#6276),
 .UNSPECIFIED.,.F.,.F.,(4,1,4),(0.,0.0957439940963808,0.185926719317728),
 .UNSPECIFIED.);
#203=B_SPLINE_CURVE_WITH_KNOTS('',3,(#6279,#6280,#6281,#6282,#6283),
 .UNSPECIFIED.,.F.,.F.,(4,1,4),(0.,0.0957439940963808,0.185926719317728),
 .UNSPECIFIED.);
#204=B_SPLINE_CURVE_WITH_KNOTS('',3,(#6295,#6296,#6297,#6298,#6299),
 .UNSPECIFIED.,.F.,.F.,(4,1,4),(0.,0.119818720170618,0.22677408896047),
 .UNSPECIFIED.);
#205=B_SPLINE_CURVE_WITH_KNOTS('',3,(#6302,#6303,#6304,#6305,#6306),
 .UNSPECIFIED.,.F.,.F.,(4,1,4),(0.,0.119818720170618,0.22677408896047),
 .UNSPECIFIED.);
#206=B_SPLINE_CURVE_WITH_KNOTS('',3,(#6318,#6319,#6320,#6321,#6322),
 .UNSPECIFIED.,.F.,.F.,(4,1,4),(0.,0.0974444493235302,0.195218718062374),
 .UNSPECIFIED.);
#207=B_SPLINE_CURVE_WITH_KNOTS('',3,(#6325,#6326,#6327,#6328,#6329),
 .UNSPECIFIED.,.F.,.F.,(4,1,4),(0.,0.0974444493235302,0.195218718062374),
 .UNSPECIFIED.);
#208=B_SPLINE_CURVE_WITH_KNOTS('',3,(#6341,#6342,#6343,#6344,#6345),
 .UNSPECIFIED.,.F.,.F.,(4,1,4),(0.,0.0923714154171937,0.186372022266233),
 .UNSPECIFIED.);
#209=B_SPLINE_CURVE_WITH_KNOTS('',3,(#6348,#6349,#6350,#6351,#6352),
 .UNSPECIFIED.,.F.,.F.,(4,1,4),(0.,0.0923714154171937,0.186372022266233),
 .UNSPECIFIED.);
#210=B_SPLINE_CURVE_WITH_KNOTS('',3,(#6364,#6365,#6366,#6367,#6368),
 .UNSPECIFIED.,.F.,.F.,(4,1,4),(0.,0.106712903849588,0.202975075681097),
 .UNSPECIFIED.);
#211=B_SPLINE_CURVE_WITH_KNOTS('',3,(#6371,#6372,#6373,#6374,#6375),
 .UNSPECIFIED.,.F.,.F.,(4,1,4),(0.,0.106712903849588,0.202975075681097),
 .UNSPECIFIED.);
#212=B_SPLINE_CURVE_WITH_KNOTS('',3,(#6387,#6388,#6389,#6390,#6391),
 .UNSPECIFIED.,.F.,.F.,(4,1,4),(0.,0.0835093264036957,0.17609631519976),
 .UNSPECIFIED.);
#213=B_SPLINE_CURVE_WITH_KNOTS('',3,(#6394,#6395,#6396,#6397,#6398),
 .UNSPECIFIED.,.F.,.F.,(4,1,4),(0.,0.0835093264036957,0.17609631519976),
 .UNSPECIFIED.);
#214=B_SPLINE_CURVE_WITH_KNOTS('',3,(#6410,#6411,#6412,#6413,#6414),
 .UNSPECIFIED.,.F.,.F.,(4,1,4),(0.,0.103493286778261,0.190549055640956),
 .UNSPECIFIED.);
#215=B_SPLINE_CURVE_WITH_KNOTS('',3,(#6417,#6418,#6419,#6420,#6421),
 .UNSPECIFIED.,.F.,.F.,(4,1,4),(0.,0.103493286778261,0.190549055640956),
 .UNSPECIFIED.);
#216=B_SPLINE_CURVE_WITH_KNOTS('',3,(#6439,#6440,#6441,#6442,#6443),
 .UNSPECIFIED.,.F.,.F.,(4,1,4),(0.,0.126424203747851,0.261432342109004),
 .UNSPECIFIED.);
#217=B_SPLINE_CURVE_WITH_KNOTS('',3,(#6446,#6447,#6448,#6449,#6450),
 .UNSPECIFIED.,.F.,.F.,(4,1,4),(0.,0.126424203747851,0.261432342109004),
 .UNSPECIFIED.);
#218=B_SPLINE_CURVE_WITH_KNOTS('',3,(#6462,#6463,#6464,#6465,#6466),
 .UNSPECIFIED.,.F.,.F.,(4,1,4),(0.,0.139445176884944,0.267264182501229),
 .UNSPECIFIED.);
#219=B_SPLINE_CURVE_WITH_KNOTS('',3,(#6469,#6470,#6471,#6472,#6473),
 .UNSPECIFIED.,.F.,.F.,(4,1,4),(0.,0.139445176884944,0.267264182501229),
 .UNSPECIFIED.);
#220=B_SPLINE_CURVE_WITH_KNOTS('',3,(#6485,#6486,#6487,#6488,#6489),
 .UNSPECIFIED.,.F.,.F.,(4,1,4),(0.,0.124248979079126,0.251934626253802),
 .UNSPECIFIED.);
#221=B_SPLINE_CURVE_WITH_KNOTS('',3,(#6492,#6493,#6494,#6495,#6496),
 .UNSPECIFIED.,.F.,.F.,(4,1,4),(0.,0.124248979079126,0.251934626253802),
 .UNSPECIFIED.);
#222=B_SPLINE_CURVE_WITH_KNOTS('',3,(#6508,#6509,#6510,#6511,#6512),
 .UNSPECIFIED.,.F.,.F.,(4,1,4),(0.,0.125288967286404,0.247939374863828),
 .UNSPECIFIED.);
#223=B_SPLINE_CURVE_WITH_KNOTS('',3,(#6515,#6516,#6517,#6518,#6519),
 .UNSPECIFIED.,.F.,.F.,(4,1,4),(0.,0.125288967286404,0.247939374863828),
 .UNSPECIFIED.);
#224=B_SPLINE_CURVE_WITH_KNOTS('',3,(#6531,#6532,#6533,#6534,#6535),
 .UNSPECIFIED.,.F.,.F.,(4,1,4),(0.,0.146990626333876,0.280969095948705),
 .UNSPECIFIED.);
#225=B_SPLINE_CURVE_WITH_KNOTS('',3,(#6538,#6539,#6540,#6541,#6542),
 .UNSPECIFIED.,.F.,.F.,(4,1,4),(0.,0.146990626333876,0.280969095948705),
 .UNSPECIFIED.);
#226=B_SPLINE_CURVE_WITH_KNOTS('',3,(#6554,#6555,#6556,#6557,#6558),
 .UNSPECIFIED.,.F.,.F.,(4,1,4),(0.,0.135370288770492,0.274641458251705),
 .UNSPECIFIED.);
#227=B_SPLINE_CURVE_WITH_KNOTS('',3,(#6561,#6562,#6563,#6564,#6565),
 .UNSPECIFIED.,.F.,.F.,(4,1,4),(0.,0.135370288770492,0.274641458251705),
 .UNSPECIFIED.);
#228=B_SPLINE_CURVE_WITH_KNOTS('',3,(#6577,#6578,#6579,#6580,#6581),
 .UNSPECIFIED.,.F.,.F.,(4,1,4),(0.,0.120196025113774,0.248019024085141),
 .UNSPECIFIED.);
#229=B_SPLINE_CURVE_WITH_KNOTS('',3,(#6584,#6585,#6586,#6587,#6588),
 .UNSPECIFIED.,.F.,.F.,(4,1,4),(0.,0.120196025113774,0.248019024085141),
 .UNSPECIFIED.);
#230=B_SPLINE_CURVE_WITH_KNOTS('',3,(#6600,#6601,#6602,#6603,#6604),
 .UNSPECIFIED.,.F.,.F.,(4,1,4),(0.,0.147493215799051,0.273919065875573),
 .UNSPECIFIED.);
#231=B_SPLINE_CURVE_WITH_KNOTS('',3,(#6607,#6608,#6609,#6610,#6611),
 .UNSPECIFIED.,.F.,.F.,(4,1,4),(0.,0.147493215799051,0.273919065875573),
 .UNSPECIFIED.);
#232=B_SPLINE_CURVE_WITH_KNOTS('',3,(#6623,#6624,#6625,#6626,#6627),
 .UNSPECIFIED.,.F.,.F.,(4,1,4),(0.,0.136220097367747,0.281984675069392),
 .UNSPECIFIED.);
#233=B_SPLINE_CURVE_WITH_KNOTS('',3,(#6630,#6631,#6632,#6633,#6634),
 .UNSPECIFIED.,.F.,.F.,(4,1,4),(0.,0.136220097367747,0.281984675069392),
 .UNSPECIFIED.);
#234=B_SPLINE_CURVE_WITH_KNOTS('',3,(#6646,#6647,#6648,#6649,#6650),
 .UNSPECIFIED.,.F.,.F.,(4,1,4),(0.,0.155027522364702,0.294266872701491),
 .UNSPECIFIED.);
#235=B_SPLINE_CURVE_WITH_KNOTS('',3,(#6653,#6654,#6655,#6656,#6657),
 .UNSPECIFIED.,.F.,.F.,(4,1,4),(0.,0.155027522364702,0.294266872701491),
 .UNSPECIFIED.);
#236=B_SPLINE_CURVE_WITH_KNOTS('',3,(#6674,#6675,#6676,#6677,#6678),
 .UNSPECIFIED.,.F.,.F.,(4,1,4),(0.,0.102564792619932,0.220156436039046),
 .UNSPECIFIED.);
#237=B_SPLINE_CURVE_WITH_KNOTS('',3,(#6679,#6680,#6681,#6682,#6683),
 .UNSPECIFIED.,.F.,.F.,(4,1,4),(0.,0.102564792619932,0.220156436039046),
 .UNSPECIFIED.);
#238=B_SPLINE_CURVE_WITH_KNOTS('',3,(#6909,#6910,#6911,#6912,#6913),
 .UNSPECIFIED.,.F.,.F.,(4,1,4),(0.,0.081503791990215,0.146356466704551),
 .UNSPECIFIED.);
#239=B_SPLINE_CURVE_WITH_KNOTS('',3,(#6915,#6916,#6917,#6918,#6919),
 .UNSPECIFIED.,.F.,.F.,(4,1,4),(-0.146356466704551,-0.081503791990215,0.),
 .UNSPECIFIED.);
#240=B_SPLINE_CURVE_WITH_KNOTS('',3,(#6932,#6933,#6934,#6935,#6936),
 .UNSPECIFIED.,.F.,.F.,(4,1,4),(0.,0.0858386808380482,0.172428856475681),
 .UNSPECIFIED.);
#241=B_SPLINE_CURVE_WITH_KNOTS('',3,(#6938,#6939,#6940,#6941,#6942),
 .UNSPECIFIED.,.F.,.F.,(4,1,4),(-0.172428856475681,-0.0858386808380482,
0.),.UNSPECIFIED.);
#242=B_SPLINE_CURVE_WITH_KNOTS('',3,(#6955,#6956,#6957,#6958,#6959),
 .UNSPECIFIED.,.F.,.F.,(4,1,4),(0.,0.0791240079989,0.156242843503925),
 .UNSPECIFIED.);
#243=B_SPLINE_CURVE_WITH_KNOTS('',3,(#6961,#6962,#6963,#6964,#6965),
 .UNSPECIFIED.,.F.,.F.,(4,1,4),(-0.156242843503925,-0.0791240079989,0.),
 .UNSPECIFIED.);
#244=B_SPLINE_CURVE_WITH_KNOTS('',3,(#6977,#6978,#6979,#6980,#6981),
 .UNSPECIFIED.,.F.,.F.,(4,1,4),(0.,0.0798866452705054,0.167247022874005),
 .UNSPECIFIED.);
#245=B_SPLINE_CURVE_WITH_KNOTS('',3,(#6982,#6983,#6984,#6985,#6986),
 .UNSPECIFIED.,.F.,.F.,(4,1,4),(-0.167247022874005,-0.0798866452705054,
0.),.UNSPECIFIED.);
#246=B_SPLINE_CURVE_WITH_KNOTS('',3,(#7007,#7008,#7009,#7010,#7011),
 .UNSPECIFIED.,.F.,.F.,(4,1,4),(0.,0.10761677173635,0.208258045696323),
 .UNSPECIFIED.);
#247=B_SPLINE_CURVE_WITH_KNOTS('',3,(#7013,#7014,#7015,#7016,#7017),
 .UNSPECIFIED.,.F.,.F.,(4,1,4),(-0.208258045696323,-0.10761677173635,0.),
 .UNSPECIFIED.);
#248=B_SPLINE_CURVE_WITH_KNOTS('',3,(#7030,#7031,#7032,#7033,#7034),
 .UNSPECIFIED.,.F.,.F.,(4,1,4),(0.,0.103261700621171,0.219220627950438),
 .UNSPECIFIED.);
#249=B_SPLINE_CURVE_WITH_KNOTS('',3,(#7036,#7037,#7038,#7039,#7040),
 .UNSPECIFIED.,.F.,.F.,(4,1,4),(-0.219220627950438,-0.103261700621171,0.),
 .UNSPECIFIED.);
#250=B_SPLINE_CURVE_WITH_KNOTS('',3,(#7053,#7054,#7055,#7056,#7057),
 .UNSPECIFIED.,.F.,.F.,(4,1,4),(0.,0.144565655430531,0.276454016160567),
 .UNSPECIFIED.);
#251=B_SPLINE_CURVE_WITH_KNOTS('',3,(#7059,#7060,#7061,#7062,#7063),
 .UNSPECIFIED.,.F.,.F.,(4,1,4),(-0.276454016160567,-0.144565655430531,0.),
 .UNSPECIFIED.);
#252=B_SPLINE_CURVE_WITH_KNOTS('',3,(#7076,#7077,#7078,#7079,#7080),
 .UNSPECIFIED.,.F.,.F.,(4,1,4),(0.,0.136755780955715,0.295447080226983),
 .UNSPECIFIED.);
#253=B_SPLINE_CURVE_WITH_KNOTS('',3,(#7082,#7083,#7084,#7085,#7086),
 .UNSPECIFIED.,.F.,.F.,(4,1,4),(-0.295447080226983,-0.136755780955715,0.),
 .UNSPECIFIED.);
#254=B_SPLINE_CURVE_WITH_KNOTS('',3,(#7099,#7100,#7101,#7102,#7103),
 .UNSPECIFIED.,.F.,.F.,(4,1,4),(0.,0.164043434883035,0.304495807126293),
 .UNSPECIFIED.);
#255=B_SPLINE_CURVE_WITH_KNOTS('',3,(#7105,#7106,#7107,#7108,#7109),
 .UNSPECIFIED.,.F.,.F.,(4,1,4),(-0.304495807126293,-0.164043434883035,0.),
 .UNSPECIFIED.);
#256=B_SPLINE_CURVE_WITH_KNOTS('',3,(#7122,#7123,#7124,#7125,#7126),
 .UNSPECIFIED.,.F.,.F.,(4,1,4),(0.,0.131993798275016,0.270398770260471),
 .UNSPECIFIED.);
#257=B_SPLINE_CURVE_WITH_KNOTS('',3,(#7128,#7129,#7130,#7131,#7132),
 .UNSPECIFIED.,.F.,.F.,(4,1,4),(-0.270398770260471,-0.131993798275016,0.),
 .UNSPECIFIED.);
#258=B_SPLINE_CURVE_WITH_KNOTS('',3,(#7145,#7146,#7147,#7148,#7149),
 .UNSPECIFIED.,.F.,.F.,(4,1,4),(0.,0.134288289433158,0.263166794552689),
 .UNSPECIFIED.);
#259=B_SPLINE_CURVE_WITH_KNOTS('',3,(#7151,#7152,#7153,#7154,#7155),
 .UNSPECIFIED.,.F.,.F.,(4,1,4),(-0.263166794552689,-0.134288289433158,0.),
 .UNSPECIFIED.);
#260=B_SPLINE_CURVE_WITH_KNOTS('',3,(#7168,#7169,#7170,#7171,#7172),
 .UNSPECIFIED.,.F.,.F.,(4,1,4),(0.,0.137617347137841,0.298549355505885),
 .UNSPECIFIED.);
#261=B_SPLINE_CURVE_WITH_KNOTS('',3,(#7174,#7175,#7176,#7177,#7178),
 .UNSPECIFIED.,.F.,.F.,(4,1,4),(-0.298549355505885,-0.137617347137841,0.),
 .UNSPECIFIED.);
#262=B_SPLINE_CURVE_WITH_KNOTS('',3,(#7191,#7192,#7193,#7194,#7195),
 .UNSPECIFIED.,.F.,.F.,(4,1,4),(0.,0.0136436145152145,0.0327500595241844),
 .UNSPECIFIED.);
#263=B_SPLINE_CURVE_WITH_KNOTS('',3,(#7197,#7198,#7199,#7200,#7201),
 .UNSPECIFIED.,.F.,.F.,(4,1,4),(-0.0327500595241844,-0.0136436145152145,
0.),.UNSPECIFIED.);
#264=B_SPLINE_CURVE_WITH_KNOTS('',3,(#7220,#7221,#7222,#7223,#7224),
 .UNSPECIFIED.,.F.,.F.,(4,1,4),(0.,0.107324887136278,0.198019249617392),
 .UNSPECIFIED.);
#265=B_SPLINE_CURVE_WITH_KNOTS('',3,(#7226,#7227,#7228,#7229,#7230),
 .UNSPECIFIED.,.F.,.F.,(4,1,4),(-0.198019249617392,-0.107324887136278,0.),
 .UNSPECIFIED.);
#266=B_SPLINE_CURVE_WITH_KNOTS('',3,(#7243,#7244,#7245,#7246,#7247),
 .UNSPECIFIED.,.F.,.F.,(4,1,4),(0.,0.0831668247843591,0.167884078798029),
 .UNSPECIFIED.);
#267=B_SPLINE_CURVE_WITH_KNOTS('',3,(#7249,#7250,#7251,#7252,#7253),
 .UNSPECIFIED.,.F.,.F.,(4,1,4),(-0.167884078798029,-0.0831668247843591,
0.),.UNSPECIFIED.);
#268=B_SPLINE_CURVE_WITH_KNOTS('',3,(#7266,#7267,#7268,#7269,#7270),
 .UNSPECIFIED.,.F.,.F.,(4,1,4),(0.,0.0632102158152455,0.122239374973024),
 .UNSPECIFIED.);
#269=B_SPLINE_CURVE_WITH_KNOTS('',3,(#7272,#7273,#7274,#7275,#7276),
 .UNSPECIFIED.,.F.,.F.,(4,1,4),(-0.122239374973024,-0.0632102158152455,
0.),.UNSPECIFIED.);
#270=B_SPLINE_CURVE_WITH_KNOTS('',3,(#7288,#7289,#7290,#7291,#7292),
 .UNSPECIFIED.,.F.,.F.,(4,1,4),(0.,0.062866104731034,0.137683901939595),
 .UNSPECIFIED.);
#271=B_SPLINE_CURVE_WITH_KNOTS('',3,(#7293,#7294,#7295,#7296,#7297),
 .UNSPECIFIED.,.F.,.F.,(4,1,4),(-0.137683901939595,-0.062866104731034,0.),
 .UNSPECIFIED.);
#272=B_SPLINE_CURVE_WITH_KNOTS('',3,(#7320,#7321,#7322,#7323,#7324),
 .UNSPECIFIED.,.F.,.F.,(4,1,4),(0.,0.0815038149372333,0.146356376804189),
 .UNSPECIFIED.);
#273=B_SPLINE_CURVE_WITH_KNOTS('',3,(#7326,#7327,#7328,#7329,#7330),
 .UNSPECIFIED.,.F.,.F.,(4,1,4),(-0.146356376804189,-0.0815038149372333,
0.),.UNSPECIFIED.);
#274=B_SPLINE_CURVE_WITH_KNOTS('',3,(#7343,#7344,#7345,#7346,#7347),
 .UNSPECIFIED.,.F.,.F.,(4,1,4),(0.,0.0858386808380482,0.172428856475681),
 .UNSPECIFIED.);
#275=B_SPLINE_CURVE_WITH_KNOTS('',3,(#7349,#7350,#7351,#7352,#7353),
 .UNSPECIFIED.,.F.,.F.,(4,1,4),(-0.172428856475681,-0.0858386808380482,
0.),.UNSPECIFIED.);
#276=B_SPLINE_CURVE_WITH_KNOTS('',3,(#7366,#7367,#7368,#7369,#7370),
 .UNSPECIFIED.,.F.,.F.,(4,1,4),(0.,0.0791241252853186,0.156242960790344),
 .UNSPECIFIED.);
#277=B_SPLINE_CURVE_WITH_KNOTS('',3,(#7372,#7373,#7374,#7375,#7376),
 .UNSPECIFIED.,.F.,.F.,(4,1,4),(-0.156242960790344,-0.0791241252853186,
0.),.UNSPECIFIED.);
#278=B_SPLINE_CURVE_WITH_KNOTS('',3,(#7388,#7389,#7390,#7391,#7392),
 .UNSPECIFIED.,.F.,.F.,(4,1,4),(0.,0.07988657847123,0.167246956074729),
 .UNSPECIFIED.);
#279=B_SPLINE_CURVE_WITH_KNOTS('',3,(#7393,#7394,#7395,#7396,#7397),
 .UNSPECIFIED.,.F.,.F.,(4,1,4),(-0.167246956074729,-0.07988657847123,0.),
 .UNSPECIFIED.);
#280=B_SPLINE_CURVE_WITH_KNOTS('',3,(#7418,#7419,#7420,#7421,#7422),
 .UNSPECIFIED.,.F.,.F.,(4,1,4),(0.,0.107616724321804,0.208258079281532),
 .UNSPECIFIED.);
#281=B_SPLINE_CURVE_WITH_KNOTS('',3,(#7424,#7425,#7426,#7427,#7428),
 .UNSPECIFIED.,.F.,.F.,(4,1,4),(-0.208258079281532,-0.107616724321804,0.),
 .UNSPECIFIED.);
#282=B_SPLINE_CURVE_WITH_KNOTS('',3,(#7441,#7442,#7443,#7444,#7445),
 .UNSPECIFIED.,.F.,.F.,(4,1,4),(0.,0.103261807323872,0.219220616492638),
 .UNSPECIFIED.);
#283=B_SPLINE_CURVE_WITH_KNOTS('',3,(#7447,#7448,#7449,#7450,#7451),
 .UNSPECIFIED.,.F.,.F.,(4,1,4),(-0.219220616492638,-0.103261807323872,0.),
 .UNSPECIFIED.);
#284=B_SPLINE_CURVE_WITH_KNOTS('',3,(#7464,#7465,#7466,#7467,#7468),
 .UNSPECIFIED.,.F.,.F.,(4,1,4),(0.,0.144565890408482,0.276454053071137),
 .UNSPECIFIED.);
#285=B_SPLINE_CURVE_WITH_KNOTS('',3,(#7470,#7471,#7472,#7473,#7474),
 .UNSPECIFIED.,.F.,.F.,(4,1,4),(-0.276454053071137,-0.144565890408482,0.),
 .UNSPECIFIED.);
#286=B_SPLINE_CURVE_WITH_KNOTS('',3,(#7487,#7488,#7489,#7490,#7491),
 .UNSPECIFIED.,.F.,.F.,(4,1,4),(0.,0.136755720082662,0.295447036840104),
 .UNSPECIFIED.);
#287=B_SPLINE_CURVE_WITH_KNOTS('',3,(#7493,#7494,#7495,#7496,#7497),
 .UNSPECIFIED.,.F.,.F.,(4,1,4),(-0.295447036840104,-0.136755720082662,0.),
 .UNSPECIFIED.);
#288=B_SPLINE_CURVE_WITH_KNOTS('',3,(#7510,#7511,#7512,#7513,#7514),
 .UNSPECIFIED.,.F.,.F.,(4,1,4),(0.,0.164043417781377,0.304495909868682),
 .UNSPECIFIED.);
#289=B_SPLINE_CURVE_WITH_KNOTS('',3,(#7516,#7517,#7518,#7519,#7520),
 .UNSPECIFIED.,.F.,.F.,(4,1,4),(-0.304495909868682,-0.164043417781377,0.),
 .UNSPECIFIED.);
#290=B_SPLINE_CURVE_WITH_KNOTS('',3,(#7533,#7534,#7535,#7536,#7537),
 .UNSPECIFIED.,.F.,.F.,(4,1,4),(0.,0.131993602983791,0.270398809390238),
 .UNSPECIFIED.);
#291=B_SPLINE_CURVE_WITH_KNOTS('',3,(#7539,#7540,#7541,#7542,#7543),
 .UNSPECIFIED.,.F.,.F.,(4,1,4),(-0.270398809390238,-0.131993602983791,0.),
 .UNSPECIFIED.);
#292=B_SPLINE_CURVE_WITH_KNOTS('',3,(#7556,#7557,#7558,#7559,#7560),
 .UNSPECIFIED.,.F.,.F.,(4,1,4),(0.,0.134288055091292,0.263166657692613),
 .UNSPECIFIED.);
#293=B_SPLINE_CURVE_WITH_KNOTS('',3,(#7562,#7563,#7564,#7565,#7566),
 .UNSPECIFIED.,.F.,.F.,(4,1,4),(-0.263166657692613,-0.134288055091292,0.),
 .UNSPECIFIED.);
#294=B_SPLINE_CURVE_WITH_KNOTS('',3,(#7579,#7580,#7581,#7582,#7583),
 .UNSPECIFIED.,.F.,.F.,(4,1,4),(0.,0.137617287310701,0.298549312731954),
 .UNSPECIFIED.);
#295=B_SPLINE_CURVE_WITH_KNOTS('',3,(#7585,#7586,#7587,#7588,#7589),
 .UNSPECIFIED.,.F.,.F.,(4,1,4),(-0.298549312731954,-0.137617287310701,0.),
 .UNSPECIFIED.);
#296=B_SPLINE_CURVE_WITH_KNOTS('',3,(#7602,#7603,#7604,#7605,#7606),
 .UNSPECIFIED.,.F.,.F.,(4,1,4),(0.,0.0136436145152145,0.0327500595241844),
 .UNSPECIFIED.);
#297=B_SPLINE_CURVE_WITH_KNOTS('',3,(#7608,#7609,#7610,#7611,#7612),
 .UNSPECIFIED.,.F.,.F.,(4,1,4),(-0.0327500595241844,-0.0136436145152145,
0.),.UNSPECIFIED.);
#298=B_SPLINE_CURVE_WITH_KNOTS('',3,(#7631,#7632,#7633,#7634,#7635),
 .UNSPECIFIED.,.F.,.F.,(4,1,4),(0.,0.107324887136278,0.198019249617392),
 .UNSPECIFIED.);
#299=B_SPLINE_CURVE_WITH_KNOTS('',3,(#7637,#7638,#7639,#7640,#7641),
 .UNSPECIFIED.,.F.,.F.,(4,1,4),(-0.198019249617392,-0.107324887136278,0.),
 .UNSPECIFIED.);
#300=B_SPLINE_CURVE_WITH_KNOTS('',3,(#7654,#7655,#7656,#7657,#7658),
 .UNSPECIFIED.,.F.,.F.,(4,1,4),(0.,0.0831666292348243,0.167884117452057),
 .UNSPECIFIED.);
#301=B_SPLINE_CURVE_WITH_KNOTS('',3,(#7660,#7661,#7662,#7663,#7664),
 .UNSPECIFIED.,.F.,.F.,(4,1,4),(-0.167884117452057,-0.0831666292348243,
0.),.UNSPECIFIED.);
#302=B_SPLINE_CURVE_WITH_KNOTS('',3,(#7677,#7678,#7679,#7680,#7681),
 .UNSPECIFIED.,.F.,.F.,(4,1,4),(0.,0.0632104518760572,0.122239398200783),
 .UNSPECIFIED.);
#303=B_SPLINE_CURVE_WITH_KNOTS('',3,(#7683,#7684,#7685,#7686,#7687),
 .UNSPECIFIED.,.F.,.F.,(4,1,4),(-0.122239398200783,-0.0632104518760572,
0.),.UNSPECIFIED.);
#304=B_SPLINE_CURVE_WITH_KNOTS('',3,(#7699,#7700,#7701,#7702,#7703),
 .UNSPECIFIED.,.F.,.F.,(4,1,4),(0.,0.062866104731034,0.137683901939595),
 .UNSPECIFIED.);
#305=B_SPLINE_CURVE_WITH_KNOTS('',3,(#7704,#7705,#7706,#7707,#7708),
 .UNSPECIFIED.,.F.,.F.,(4,1,4),(-0.137683901939595,-0.062866104731034,0.),
 .UNSPECIFIED.);
#306=B_SPLINE_CURVE_WITH_KNOTS('',3,(#7731,#7732,#7733,#7734,#7735),
 .UNSPECIFIED.,.F.,.F.,(4,1,4),(0.,0.155027522364702,0.294266872701491),
 .UNSPECIFIED.);
#307=B_SPLINE_CURVE_WITH_KNOTS('',3,(#7737,#7738,#7739,#7740,#7741),
 .UNSPECIFIED.,.F.,.F.,(4,1,4),(-0.294266872701491,-0.155027522364702,0.),
 .UNSPECIFIED.);
#308=B_SPLINE_CURVE_WITH_KNOTS('',3,(#7754,#7755,#7756,#7757,#7758),
 .UNSPECIFIED.,.F.,.F.,(4,1,4),(0.,0.136220097367747,0.281984675069392),
 .UNSPECIFIED.);
#309=B_SPLINE_CURVE_WITH_KNOTS('',3,(#7760,#7761,#7762,#7763,#7764),
 .UNSPECIFIED.,.F.,.F.,(4,1,4),(-0.281984675069392,-0.136220097367747,0.),
 .UNSPECIFIED.);
#310=B_SPLINE_CURVE_WITH_KNOTS('',3,(#7777,#7778,#7779,#7780,#7781),
 .UNSPECIFIED.,.F.,.F.,(4,1,4),(0.,0.147493215799051,0.273919065875573),
 .UNSPECIFIED.);
#311=B_SPLINE_CURVE_WITH_KNOTS('',3,(#7783,#7784,#7785,#7786,#7787),
 .UNSPECIFIED.,.F.,.F.,(4,1,4),(-0.273919065875573,-0.147493215799051,0.),
 .UNSPECIFIED.);
#312=B_SPLINE_CURVE_WITH_KNOTS('',3,(#7800,#7801,#7802,#7803,#7804),
 .UNSPECIFIED.,.F.,.F.,(4,1,4),(0.,0.120196025113774,0.248019024085141),
 .UNSPECIFIED.);
#313=B_SPLINE_CURVE_WITH_KNOTS('',3,(#7806,#7807,#7808,#7809,#7810),
 .UNSPECIFIED.,.F.,.F.,(4,1,4),(-0.248019024085141,-0.120196025113774,0.),
 .UNSPECIFIED.);
#314=B_SPLINE_CURVE_WITH_KNOTS('',3,(#7823,#7824,#7825,#7826,#7827),
 .UNSPECIFIED.,.F.,.F.,(4,1,4),(0.,0.135370288770492,0.274641458251705),
 .UNSPECIFIED.);
#315=B_SPLINE_CURVE_WITH_KNOTS('',3,(#7829,#7830,#7831,#7832,#7833),
 .UNSPECIFIED.,.F.,.F.,(4,1,4),(-0.274641458251705,-0.135370288770492,0.),
 .UNSPECIFIED.);
#316=B_SPLINE_CURVE_WITH_KNOTS('',3,(#7846,#7847,#7848,#7849,#7850),
 .UNSPECIFIED.,.F.,.F.,(4,1,4),(0.,0.146990626333876,0.280969095948705),
 .UNSPECIFIED.);
#317=B_SPLINE_CURVE_WITH_KNOTS('',3,(#7852,#7853,#7854,#7855,#7856),
 .UNSPECIFIED.,.F.,.F.,(4,1,4),(-0.280969095948705,-0.146990626333876,0.),
 .UNSPECIFIED.);
#318=B_SPLINE_CURVE_WITH_KNOTS('',3,(#7869,#7870,#7871,#7872,#7873),
 .UNSPECIFIED.,.F.,.F.,(4,1,4),(0.,0.125288967286404,0.247939374863828),
 .UNSPECIFIED.);
#319=B_SPLINE_CURVE_WITH_KNOTS('',3,(#7875,#7876,#7877,#7878,#7879),
 .UNSPECIFIED.,.F.,.F.,(4,1,4),(-0.247939374863828,-0.125288967286404,0.),
 .UNSPECIFIED.);
#320=B_SPLINE_CURVE_WITH_KNOTS('',3,(#7892,#7893,#7894,#7895,#7896),
 .UNSPECIFIED.,.F.,.F.,(4,1,4),(0.,0.124248979079126,0.251934626253802),
 .UNSPECIFIED.);
#321=B_SPLINE_CURVE_WITH_KNOTS('',3,(#7898,#7899,#7900,#7901,#7902),
 .UNSPECIFIED.,.F.,.F.,(4,1,4),(-0.251934626253802,-0.124248979079126,0.),
 .UNSPECIFIED.);
#322=B_SPLINE_CURVE_WITH_KNOTS('',3,(#7915,#7916,#7917,#7918,#7919),
 .UNSPECIFIED.,.F.,.F.,(4,1,4),(0.,0.139445176884944,0.267264182501229),
 .UNSPECIFIED.);
#323=B_SPLINE_CURVE_WITH_KNOTS('',3,(#7921,#7922,#7923,#7924,#7925),
 .UNSPECIFIED.,.F.,.F.,(4,1,4),(-0.267264182501229,-0.139445176884944,0.),
 .UNSPECIFIED.);
#324=B_SPLINE_CURVE_WITH_KNOTS('',3,(#7938,#7939,#7940,#7941,#7942),
 .UNSPECIFIED.,.F.,.F.,(4,1,4),(0.,0.126424203747851,0.261432342109004),
 .UNSPECIFIED.);
#325=B_SPLINE_CURVE_WITH_KNOTS('',3,(#7944,#7945,#7946,#7947,#7948),
 .UNSPECIFIED.,.F.,.F.,(4,1,4),(-0.261432342109004,-0.126424203747851,0.),
 .UNSPECIFIED.);
#326=B_SPLINE_CURVE_WITH_KNOTS('',3,(#7967,#7968,#7969,#7970,#7971),
 .UNSPECIFIED.,.F.,.F.,(4,1,4),(0.,0.103493286778261,0.190549055640956),
 .UNSPECIFIED.);
#327=B_SPLINE_CURVE_WITH_KNOTS('',3,(#7973,#7974,#7975,#7976,#7977),
 .UNSPECIFIED.,.F.,.F.,(4,1,4),(-0.190549055640956,-0.103493286778261,0.),
 .UNSPECIFIED.);
#328=B_SPLINE_CURVE_WITH_KNOTS('',3,(#7990,#7991,#7992,#7993,#7994),
 .UNSPECIFIED.,.F.,.F.,(4,1,4),(0.,0.0835093264036957,0.17609631519976),
 .UNSPECIFIED.);
#329=B_SPLINE_CURVE_WITH_KNOTS('',3,(#7996,#7997,#7998,#7999,#8000),
 .UNSPECIFIED.,.F.,.F.,(4,1,4),(-0.17609631519976,-0.0835093264036957,0.),
 .UNSPECIFIED.);
#330=B_SPLINE_CURVE_WITH_KNOTS('',3,(#8013,#8014,#8015,#8016,#8017),
 .UNSPECIFIED.,.F.,.F.,(4,1,4),(0.,0.106712903849588,0.202975075681097),
 .UNSPECIFIED.);
#331=B_SPLINE_CURVE_WITH_KNOTS('',3,(#8019,#8020,#8021,#8022,#8023),
 .UNSPECIFIED.,.F.,.F.,(4,1,4),(-0.202975075681097,-0.106712903849588,0.),
 .UNSPECIFIED.);
#332=B_SPLINE_CURVE_WITH_KNOTS('',3,(#8036,#8037,#8038,#8039,#8040),
 .UNSPECIFIED.,.F.,.F.,(4,1,4),(0.,0.0923714154171937,0.186372022266233),
 .UNSPECIFIED.);
#333=B_SPLINE_CURVE_WITH_KNOTS('',3,(#8042,#8043,#8044,#8045,#8046),
 .UNSPECIFIED.,.F.,.F.,(4,1,4),(-0.186372022266233,-0.0923714154171937,
0.),.UNSPECIFIED.);
#334=B_SPLINE_CURVE_WITH_KNOTS('',3,(#8059,#8060,#8061,#8062,#8063),
 .UNSPECIFIED.,.F.,.F.,(4,1,4),(0.,0.0974444493235302,0.195218718062374),
 .UNSPECIFIED.);
#335=B_SPLINE_CURVE_WITH_KNOTS('',3,(#8065,#8066,#8067,#8068,#8069),
 .UNSPECIFIED.,.F.,.F.,(4,1,4),(-0.195218718062374,-0.0974444493235302,
0.),.UNSPECIFIED.);
#336=B_SPLINE_CURVE_WITH_KNOTS('',3,(#8082,#8083,#8084,#8085,#8086),
 .UNSPECIFIED.,.F.,.F.,(4,1,4),(0.,0.119818720170618,0.22677408896047),
 .UNSPECIFIED.);
#337=B_SPLINE_CURVE_WITH_KNOTS('',3,(#8088,#8089,#8090,#8091,#8092),
 .UNSPECIFIED.,.F.,.F.,(4,1,4),(-0.22677408896047,-0.119818720170618,0.),
 .UNSPECIFIED.);
#338=B_SPLINE_CURVE_WITH_KNOTS('',3,(#8105,#8106,#8107,#8108,#8109),
 .UNSPECIFIED.,.F.,.F.,(4,1,4),(0.,0.0957439940963808,0.185926719317728),
 .UNSPECIFIED.);
#339=B_SPLINE_CURVE_WITH_KNOTS('',3,(#8111,#8112,#8113,#8114,#8115),
 .UNSPECIFIED.,.F.,.F.,(4,1,4),(-0.185926719317728,-0.0957439940963808,
0.),.UNSPECIFIED.);
#340=B_SPLINE_CURVE_WITH_KNOTS('',3,(#8128,#8129,#8130,#8131,#8132),
 .UNSPECIFIED.,.F.,.F.,(4,1,4),(0.,0.088985980277375,0.17793282048521),
 .UNSPECIFIED.);
#341=B_SPLINE_CURVE_WITH_KNOTS('',3,(#8134,#8135,#8136,#8137,#8138),
 .UNSPECIFIED.,.F.,.F.,(4,1,4),(-0.17793282048521,-0.088985980277375,0.),
 .UNSPECIFIED.);
#342=B_SPLINE_CURVE_WITH_KNOTS('',3,(#8151,#8152,#8153,#8154,#8155),
 .UNSPECIFIED.,.F.,.F.,(4,1,4),(0.,0.103904264978118,0.202094057101571),
 .UNSPECIFIED.);
#343=B_SPLINE_CURVE_WITH_KNOTS('',3,(#8157,#8158,#8159,#8160,#8161),
 .UNSPECIFIED.,.F.,.F.,(4,1,4),(-0.202094057101571,-0.103904264978118,0.),
 .UNSPECIFIED.);
#344=B_SPLINE_CURVE_WITH_KNOTS('',3,(#8173,#8174,#8175,#8176,#8177),
 .UNSPECIFIED.,.F.,.F.,(4,1,4),(0.,0.102564792619932,0.220156436039046),
 .UNSPECIFIED.);
#345=B_SPLINE_CURVE_WITH_KNOTS('',3,(#8178,#8179,#8180,#8181,#8182),
 .UNSPECIFIED.,.F.,.F.,(4,1,4),(-0.220156436039046,-0.102564792619932,0.),
 .UNSPECIFIED.);
#346=B_SPLINE_CURVE_WITH_KNOTS('',3,(#8243,#8244,#8245,#8246,#8247),
 .UNSPECIFIED.,.F.,.F.,(4,1,4),(0.,0.0756063347319095,0.153192903283143),
 .UNSPECIFIED.);
#347=B_SPLINE_CURVE_WITH_KNOTS('',3,(#8249,#8250,#8251,#8252,#8253),
 .UNSPECIFIED.,.F.,.F.,(4,1,4),(-0.153192903283143,-0.0756063347319095,
0.),.UNSPECIFIED.);
#348=B_SPLINE_CURVE_WITH_KNOTS('',3,(#8266,#8267,#8268,#8269,#8270),
 .UNSPECIFIED.,.F.,.F.,(4,1,4),(0.,0.0660742946792607,0.145193172520974),
 .UNSPECIFIED.);
#349=B_SPLINE_CURVE_WITH_KNOTS('',3,(#8272,#8273,#8274,#8275,#8276),
 .UNSPECIFIED.,.F.,.F.,(4,1,4),(-0.145193172520974,-0.0660742946792607,
0.),.UNSPECIFIED.);
#350=B_SPLINE_CURVE_WITH_KNOTS('',3,(#8333,#8334,#8335,#8336,#8337),
 .UNSPECIFIED.,.F.,.F.,(4,1,4),(0.,0.0757875108363581,0.128905154862107),
 .UNSPECIFIED.);
#351=B_SPLINE_CURVE_WITH_KNOTS('',3,(#8339,#8340,#8341,#8342,#8343),
 .UNSPECIFIED.,.F.,.F.,(4,1,4),(-0.128905154862107,-0.0757875108363581,
0.),.UNSPECIFIED.);
#352=B_SPLINE_CURVE_WITH_KNOTS('',3,(#8356,#8357,#8358,#8359,#8360),
 .UNSPECIFIED.,.F.,.F.,(4,1,4),(0.,0.0418705841713832,0.0835091193918517),
 .UNSPECIFIED.);
#353=B_SPLINE_CURVE_WITH_KNOTS('',3,(#8362,#8363,#8364,#8365,#8366),
 .UNSPECIFIED.,.F.,.F.,(4,1,4),(-0.0835091193918517,-0.0418705841713832,
0.),.UNSPECIFIED.);
#354=B_SPLINE_CURVE_WITH_KNOTS('',3,(#8379,#8380,#8381,#8382,#8383),
 .UNSPECIFIED.,.F.,.F.,(4,1,4),(0.,0.0633618536234193,0.133550842088611),
 .UNSPECIFIED.);
#355=B_SPLINE_CURVE_WITH_KNOTS('',3,(#8385,#8386,#8387,#8388,#8389),
 .UNSPECIFIED.,.F.,.F.,(4,1,4),(-0.133550842088611,-0.0633618536234193,
0.),.UNSPECIFIED.);
#356=B_SPLINE_CURVE_WITH_KNOTS('',3,(#8408,#8409,#8410,#8411,#8412),
 .UNSPECIFIED.,.F.,.F.,(4,1,4),(0.,0.0492437489818715,0.0947529159440166),
 .UNSPECIFIED.);
#357=B_SPLINE_CURVE_WITH_KNOTS('',3,(#8414,#8415,#8416,#8417,#8418),
 .UNSPECIFIED.,.F.,.F.,(4,1,4),(-0.0947529159440166,-0.0492437489818715,
0.),.UNSPECIFIED.);
#358=B_SPLINE_CURVE_WITH_KNOTS('',3,(#8431,#8432,#8433,#8434,#8435),
 .UNSPECIFIED.,.F.,.F.,(4,1,4),(0.,0.0386759335825582,0.0773163566455584),
 .UNSPECIFIED.);
#359=B_SPLINE_CURVE_WITH_KNOTS('',3,(#8437,#8438,#8439,#8440,#8441),
 .UNSPECIFIED.,.F.,.F.,(4,1,4),(-0.0773163566455584,-0.0386759335825582,
0.),.UNSPECIFIED.);
#360=B_SPLINE_CURVE_WITH_KNOTS('',3,(#8454,#8455,#8456,#8457,#8458),
 .UNSPECIFIED.,.F.,.F.,(4,1,4),(0.,0.0398662277779966,0.0822767754282021),
 .UNSPECIFIED.);
#361=B_SPLINE_CURVE_WITH_KNOTS('',3,(#8460,#8461,#8462,#8463,#8464),
 .UNSPECIFIED.,.F.,.F.,(4,1,4),(-0.0822767754282021,-0.0398662277779966,
0.),.UNSPECIFIED.);
#362=B_SPLINE_CURVE_WITH_KNOTS('',3,(#8477,#8478,#8479,#8480,#8481),
 .UNSPECIFIED.,.F.,.F.,(4,1,4),(0.,0.0702509292256347,0.145119013704073),
 .UNSPECIFIED.);
#363=B_SPLINE_CURVE_WITH_KNOTS('',3,(#8483,#8484,#8485,#8486,#8487),
 .UNSPECIFIED.,.F.,.F.,(4,1,4),(-0.145119013704073,-0.0702509292256347,
0.),.UNSPECIFIED.);
#364=B_SPLINE_SURFACE_WITH_KNOTS('',3,1,((#5114,#5115),(#5116,#5117),(#5118,
#5119),(#5120,#5121),(#5122,#5123)),.UNSPECIFIED.,.F.,.F.,.F.,(4,1,4),(2,
2),(0.,0.0702509292256347,0.145119013704073),(0.,0.07),.UNSPECIFIED.);
#365=B_SPLINE_SURFACE_WITH_KNOTS('',3,1,((#5137,#5138),(#5139,#5140),(#5141,
#5142),(#5143,#5144),(#5145,#5146)),.UNSPECIFIED.,.F.,.F.,.F.,(4,1,4),(2,
2),(0.,0.0398662277779966,0.0822767754282021),(0.,0.07),.UNSPECIFIED.);
#366=B_SPLINE_SURFACE_WITH_KNOTS('',3,1,((#5160,#5161),(#5162,#5163),(#5164,
#5165),(#5166,#5167),(#5168,#5169)),.UNSPECIFIED.,.F.,.F.,.F.,(4,1,4),(2,
2),(0.,0.0386759335825582,0.0773163566455584),(0.,0.07),.UNSPECIFIED.);
#367=B_SPLINE_SURFACE_WITH_KNOTS('',3,1,((#5183,#5184),(#5185,#5186),(#5187,
#5188),(#5189,#5190),(#5191,#5192)),.UNSPECIFIED.,.F.,.F.,.F.,(4,1,4),(2,
2),(0.,0.0492437489818715,0.0947529159440166),(0.,0.07),.UNSPECIFIED.);
#368=B_SPLINE_SURFACE_WITH_KNOTS('',3,1,((#5212,#5213),(#5214,#5215),(#5216,
#5217),(#5218,#5219),(#5220,#5221)),.UNSPECIFIED.,.F.,.F.,.F.,(4,1,4),(2,
2),(0.,0.0633618536234193,0.133550842088611),(0.,0.07),.UNSPECIFIED.);
#369=B_SPLINE_SURFACE_WITH_KNOTS('',3,1,((#5235,#5236),(#5237,#5238),(#5239,
#5240),(#5241,#5242),(#5243,#5244)),.UNSPECIFIED.,.F.,.F.,.F.,(4,1,4),(2,
2),(0.,0.0418705841713832,0.0835091193918517),(0.,0.07),.UNSPECIFIED.);
#370=B_SPLINE_SURFACE_WITH_KNOTS('',3,1,((#5258,#5259),(#5260,#5261),(#5262,
#5263),(#5264,#5265),(#5266,#5267)),.UNSPECIFIED.,.F.,.F.,.F.,(4,1,4),(2,
2),(0.,0.0757875108363581,0.128905154862107),(0.,0.07),.UNSPECIFIED.);
#371=B_SPLINE_SURFACE_WITH_KNOTS('',3,1,((#5303,#5304),(#5305,#5306),(#5307,
#5308),(#5309,#5310),(#5311,#5312)),.UNSPECIFIED.,.F.,.F.,.F.,(4,1,4),(2,
2),(0.,0.0791240079989,0.156242843503925),(0.,0.07),.UNSPECIFIED.);
#372=B_SPLINE_SURFACE_WITH_KNOTS('',3,1,((#5329,#5330),(#5331,#5332),(#5333,
#5334),(#5335,#5336),(#5337,#5338)),.UNSPECIFIED.,.F.,.F.,.F.,(4,1,4),(2,
2),(0.,0.0858386808380482,0.172428856475681),(0.,0.07),.UNSPECIFIED.);
#373=B_SPLINE_SURFACE_WITH_KNOTS('',3,1,((#5352,#5353),(#5354,#5355),(#5356,
#5357),(#5358,#5359),(#5360,#5361)),.UNSPECIFIED.,.F.,.F.,.F.,(4,1,4),(2,
2),(0.,0.081503791990215,0.146356466704551),(0.,0.07),.UNSPECIFIED.);
#374=B_SPLINE_SURFACE_WITH_KNOTS('',3,1,((#5381,#5382),(#5383,#5384),(#5385,
#5386),(#5387,#5388),(#5389,#5390)),.UNSPECIFIED.,.F.,.F.,.F.,(4,1,4),(2,
2),(0.,0.0798866452705054,0.167247022874005),(0.,0.07),.UNSPECIFIED.);
#375=B_SPLINE_SURFACE_WITH_KNOTS('',3,1,((#5401,#5402),(#5403,#5404),(#5405,
#5406),(#5407,#5408),(#5409,#5410)),.UNSPECIFIED.,.F.,.F.,.F.,(4,1,4),(2,
2),(0.,0.0632102158152455,0.122239374973024),(0.,0.07),.UNSPECIFIED.);
#376=B_SPLINE_SURFACE_WITH_KNOTS('',3,1,((#5427,#5428),(#5429,#5430),(#5431,
#5432),(#5433,#5434),(#5435,#5436)),.UNSPECIFIED.,.F.,.F.,.F.,(4,1,4),(2,
2),(0.,0.0831668247843591,0.167884078798029),(0.,0.07),.UNSPECIFIED.);
#377=B_SPLINE_SURFACE_WITH_KNOTS('',3,1,((#5450,#5451),(#5452,#5453),(#5454,
#5455),(#5456,#5457),(#5458,#5459)),.UNSPECIFIED.,.F.,.F.,.F.,(4,1,4),(2,
2),(0.,0.107324887136278,0.198019249617392),(0.,0.07),.UNSPECIFIED.);
#378=B_SPLINE_SURFACE_WITH_KNOTS('',3,1,((#5479,#5480),(#5481,#5482),(#5483,
#5484),(#5485,#5486),(#5487,#5488)),.UNSPECIFIED.,.F.,.F.,.F.,(4,1,4),(2,
2),(0.,0.0136436145152145,0.0327500595241844),(0.,0.07),.UNSPECIFIED.);
#379=B_SPLINE_SURFACE_WITH_KNOTS('',3,1,((#5502,#5503),(#5504,#5505),(#5506,
#5507),(#5508,#5509),(#5510,#5511)),.UNSPECIFIED.,.F.,.F.,.F.,(4,1,4),(2,
2),(0.,0.137617347137841,0.298549355505885),(0.,0.07),.UNSPECIFIED.);
#380=B_SPLINE_SURFACE_WITH_KNOTS('',3,1,((#5525,#5526),(#5527,#5528),(#5529,
#5530),(#5531,#5532),(#5533,#5534)),.UNSPECIFIED.,.F.,.F.,.F.,(4,1,4),(2,
2),(0.,0.134288289433158,0.263166794552689),(0.,0.07),.UNSPECIFIED.);
#381=B_SPLINE_SURFACE_WITH_KNOTS('',3,1,((#5548,#5549),(#5550,#5551),(#5552,
#5553),(#5554,#5555),(#5556,#5557)),.UNSPECIFIED.,.F.,.F.,.F.,(4,1,4),(2,
2),(0.,0.131993798275016,0.270398770260471),(0.,0.07),.UNSPECIFIED.);
#382=B_SPLINE_SURFACE_WITH_KNOTS('',3,1,((#5571,#5572),(#5573,#5574),(#5575,
#5576),(#5577,#5578),(#5579,#5580)),.UNSPECIFIED.,.F.,.F.,.F.,(4,1,4),(2,
2),(0.,0.164043434883035,0.304495807126293),(0.,0.07),.UNSPECIFIED.);
#383=B_SPLINE_SURFACE_WITH_KNOTS('',3,1,((#5594,#5595),(#5596,#5597),(#5598,
#5599),(#5600,#5601),(#5602,#5603)),.UNSPECIFIED.,.F.,.F.,.F.,(4,1,4),(2,
2),(0.,0.136755780955715,0.295447080226983),(0.,0.07),.UNSPECIFIED.);
#384=B_SPLINE_SURFACE_WITH_KNOTS('',3,1,((#5617,#5618),(#5619,#5620),(#5621,
#5622),(#5623,#5624),(#5625,#5626)),.UNSPECIFIED.,.F.,.F.,.F.,(4,1,4),(2,
2),(0.,0.144565655430531,0.276454016160567),(0.,0.07),.UNSPECIFIED.);
#385=B_SPLINE_SURFACE_WITH_KNOTS('',3,1,((#5640,#5641),(#5642,#5643),(#5644,
#5645),(#5646,#5647),(#5648,#5649)),.UNSPECIFIED.,.F.,.F.,.F.,(4,1,4),(2,
2),(0.,0.103261700621171,0.219220627950438),(0.,0.07),.UNSPECIFIED.);
#386=B_SPLINE_SURFACE_WITH_KNOTS('',3,1,((#5663,#5664),(#5665,#5666),(#5667,
#5668),(#5669,#5670),(#5671,#5672)),.UNSPECIFIED.,.F.,.F.,.F.,(4,1,4),(2,
2),(0.,0.10761677173635,0.208258045696323),(0.,0.07),.UNSPECIFIED.);
#387=B_SPLINE_SURFACE_WITH_KNOTS('',3,1,((#5692,#5693),(#5694,#5695),(#5696,
#5697),(#5698,#5699),(#5700,#5701)),.UNSPECIFIED.,.F.,.F.,.F.,(4,1,4),(2,
2),(0.,0.062866104731034,0.137683901939595),(0.,0.07),.UNSPECIFIED.);
#388=B_SPLINE_SURFACE_WITH_KNOTS('',3,1,((#5734,#5735),(#5736,#5737),(#5738,
#5739),(#5740,#5741),(#5742,#5743)),.UNSPECIFIED.,.F.,.F.,.F.,(4,1,4),(2,
2),(0.,0.0660742946792607,0.145193172520974),(0.,0.07),.UNSPECIFIED.);
#389=B_SPLINE_SURFACE_WITH_KNOTS('',3,1,((#5757,#5758),(#5759,#5760),(#5761,
#5762),(#5763,#5764),(#5765,#5766)),.UNSPECIFIED.,.F.,.F.,.F.,(4,1,4),(2,
2),(0.,0.0756063347319095,0.153192903283143),(0.,0.07),.UNSPECIFIED.);
#390=B_SPLINE_SURFACE_WITH_KNOTS('',3,1,((#5802,#5803),(#5804,#5805),(#5806,
#5807),(#5808,#5809),(#5810,#5811)),.UNSPECIFIED.,.F.,.F.,.F.,(4,1,4),(2,
2),(0.,0.0791241252853186,0.156242960790344),(0.,0.07),.UNSPECIFIED.);
#391=B_SPLINE_SURFACE_WITH_KNOTS('',3,1,((#5828,#5829),(#5830,#5831),(#5832,
#5833),(#5834,#5835),(#5836,#5837)),.UNSPECIFIED.,.F.,.F.,.F.,(4,1,4),(2,
2),(0.,0.0858386808380482,0.172428856475681),(0.,0.07),.UNSPECIFIED.);
#392=B_SPLINE_SURFACE_WITH_KNOTS('',3,1,((#5851,#5852),(#5853,#5854),(#5855,
#5856),(#5857,#5858),(#5859,#5860)),.UNSPECIFIED.,.F.,.F.,.F.,(4,1,4),(2,
2),(0.,0.0815038149372333,0.146356376804189),(0.,0.07),.UNSPECIFIED.);
#393=B_SPLINE_SURFACE_WITH_KNOTS('',3,1,((#5880,#5881),(#5882,#5883),(#5884,
#5885),(#5886,#5887),(#5888,#5889)),.UNSPECIFIED.,.F.,.F.,.F.,(4,1,4),(2,
2),(0.,0.07988657847123,0.167246956074729),(0.,0.07),.UNSPECIFIED.);
#394=B_SPLINE_SURFACE_WITH_KNOTS('',3,1,((#5900,#5901),(#5902,#5903),(#5904,
#5905),(#5906,#5907),(#5908,#5909)),.UNSPECIFIED.,.F.,.F.,.F.,(4,1,4),(2,
2),(0.,0.0632104518760572,0.122239398200783),(0.,0.07),.UNSPECIFIED.);
#395=B_SPLINE_SURFACE_WITH_KNOTS('',3,1,((#5926,#5927),(#5928,#5929),(#5930,
#5931),(#5932,#5933),(#5934,#5935)),.UNSPECIFIED.,.F.,.F.,.F.,(4,1,4),(2,
2),(0.,0.0831666292348243,0.167884117452057),(0.,0.07),.UNSPECIFIED.);
#396=B_SPLINE_SURFACE_WITH_KNOTS('',3,1,((#5949,#5950),(#5951,#5952),(#5953,
#5954),(#5955,#5956),(#5957,#5958)),.UNSPECIFIED.,.F.,.F.,.F.,(4,1,4),(2,
2),(0.,0.107324887136278,0.198019249617392),(0.,0.07),.UNSPECIFIED.);
#397=B_SPLINE_SURFACE_WITH_KNOTS('',3,1,((#5978,#5979),(#5980,#5981),(#5982,
#5983),(#5984,#5985),(#5986,#5987)),.UNSPECIFIED.,.F.,.F.,.F.,(4,1,4),(2,
2),(0.,0.0136436145152145,0.0327500595241844),(0.,0.07),.UNSPECIFIED.);
#398=B_SPLINE_SURFACE_WITH_KNOTS('',3,1,((#6001,#6002),(#6003,#6004),(#6005,
#6006),(#6007,#6008),(#6009,#6010)),.UNSPECIFIED.,.F.,.F.,.F.,(4,1,4),(2,
2),(0.,0.137617287310701,0.298549312731954),(0.,0.07),.UNSPECIFIED.);
#399=B_SPLINE_SURFACE_WITH_KNOTS('',3,1,((#6024,#6025),(#6026,#6027),(#6028,
#6029),(#6030,#6031),(#6032,#6033)),.UNSPECIFIED.,.F.,.F.,.F.,(4,1,4),(2,
2),(0.,0.134288055091292,0.263166657692613),(0.,0.07),.UNSPECIFIED.);
#400=B_SPLINE_SURFACE_WITH_KNOTS('',3,1,((#6047,#6048),(#6049,#6050),(#6051,
#6052),(#6053,#6054),(#6055,#6056)),.UNSPECIFIED.,.F.,.F.,.F.,(4,1,4),(2,
2),(0.,0.131993602983791,0.270398809390238),(0.,0.07),.UNSPECIFIED.);
#401=B_SPLINE_SURFACE_WITH_KNOTS('',3,1,((#6070,#6071),(#6072,#6073),(#6074,
#6075),(#6076,#6077),(#6078,#6079)),.UNSPECIFIED.,.F.,.F.,.F.,(4,1,4),(2,
2),(0.,0.164043417781377,0.304495909868682),(0.,0.07),.UNSPECIFIED.);
#402=B_SPLINE_SURFACE_WITH_KNOTS('',3,1,((#6093,#6094),(#6095,#6096),(#6097,
#6098),(#6099,#6100),(#6101,#6102)),.UNSPECIFIED.,.F.,.F.,.F.,(4,1,4),(2,
2),(0.,0.136755720082662,0.295447036840104),(0.,0.07),.UNSPECIFIED.);
#403=B_SPLINE_SURFACE_WITH_KNOTS('',3,1,((#6116,#6117),(#6118,#6119),(#6120,
#6121),(#6122,#6123),(#6124,#6125)),.UNSPECIFIED.,.F.,.F.,.F.,(4,1,4),(2,
2),(0.,0.144565890408482,0.276454053071137),(0.,0.07),.UNSPECIFIED.);
#404=B_SPLINE_SURFACE_WITH_KNOTS('',3,1,((#6139,#6140),(#6141,#6142),(#6143,
#6144),(#6145,#6146),(#6147,#6148)),.UNSPECIFIED.,.F.,.F.,.F.,(4,1,4),(2,
2),(0.,0.103261807323872,0.219220616492638),(0.,0.07),.UNSPECIFIED.);
#405=B_SPLINE_SURFACE_WITH_KNOTS('',3,1,((#6162,#6163),(#6164,#6165),(#6166,
#6167),(#6168,#6169),(#6170,#6171)),.UNSPECIFIED.,.F.,.F.,.F.,(4,1,4),(2,
2),(0.,0.107616724321804,0.208258079281532),(0.,0.07),.UNSPECIFIED.);
#406=B_SPLINE_SURFACE_WITH_KNOTS('',3,1,((#6191,#6192),(#6193,#6194),(#6195,
#6196),(#6197,#6198),(#6199,#6200)),.UNSPECIFIED.,.F.,.F.,.F.,(4,1,4),(2,
2),(0.,0.062866104731034,0.137683901939595),(0.,0.07),.UNSPECIFIED.);
#407=B_SPLINE_SURFACE_WITH_KNOTS('',3,1,((#6212,#6213),(#6214,#6215),(#6216,
#6217),(#6218,#6219),(#6220,#6221)),.UNSPECIFIED.,.F.,.F.,.F.,(4,1,4),(2,
2),(0.,0.103904264978118,0.202094057101571),(0.,0.07),.UNSPECIFIED.);
#408=B_SPLINE_SURFACE_WITH_KNOTS('',3,1,((#6238,#6239),(#6240,#6241),(#6242,
#6243),(#6244,#6245),(#6246,#6247)),.UNSPECIFIED.,.F.,.F.,.F.,(4,1,4),(2,
2),(0.,0.088985980277375,0.17793282048521),(0.,0.07),.UNSPECIFIED.);
#409=B_SPLINE_SURFACE_WITH_KNOTS('',3,1,((#6261,#6262),(#6263,#6264),(#6265,
#6266),(#6267,#6268),(#6269,#6270)),.UNSPECIFIED.,.F.,.F.,.F.,(4,1,4),(2,
2),(0.,0.0957439940963808,0.185926719317728),(0.,0.07),.UNSPECIFIED.);
#410=B_SPLINE_SURFACE_WITH_KNOTS('',3,1,((#6284,#6285),(#6286,#6287),(#6288,
#6289),(#6290,#6291),(#6292,#6293)),.UNSPECIFIED.,.F.,.F.,.F.,(4,1,4),(2,
2),(0.,0.119818720170618,0.22677408896047),(0.,0.07),.UNSPECIFIED.);
#411=B_SPLINE_SURFACE_WITH_KNOTS('',3,1,((#6307,#6308),(#6309,#6310),(#6311,
#6312),(#6313,#6314),(#6315,#6316)),.UNSPECIFIED.,.F.,.F.,.F.,(4,1,4),(2,
2),(0.,0.0974444493235302,0.195218718062374),(0.,0.07),.UNSPECIFIED.);
#412=B_SPLINE_SURFACE_WITH_KNOTS('',3,1,((#6330,#6331),(#6332,#6333),(#6334,
#6335),(#6336,#6337),(#6338,#6339)),.UNSPECIFIED.,.F.,.F.,.F.,(4,1,4),(2,
2),(0.,0.0923714154171937,0.186372022266233),(0.,0.07),.UNSPECIFIED.);
#413=B_SPLINE_SURFACE_WITH_KNOTS('',3,1,((#6353,#6354),(#6355,#6356),(#6357,
#6358),(#6359,#6360),(#6361,#6362)),.UNSPECIFIED.,.F.,.F.,.F.,(4,1,4),(2,
2),(0.,0.106712903849588,0.202975075681097),(0.,0.07),.UNSPECIFIED.);
#414=B_SPLINE_SURFACE_WITH_KNOTS('',3,1,((#6376,#6377),(#6378,#6379),(#6380,
#6381),(#6382,#6383),(#6384,#6385)),.UNSPECIFIED.,.F.,.F.,.F.,(4,1,4),(2,
2),(0.,0.0835093264036957,0.17609631519976),(0.,0.07),.UNSPECIFIED.);
#415=B_SPLINE_SURFACE_WITH_KNOTS('',3,1,((#6399,#6400),(#6401,#6402),(#6403,
#6404),(#6405,#6406),(#6407,#6408)),.UNSPECIFIED.,.F.,.F.,.F.,(4,1,4),(2,
2),(0.,0.103493286778261,0.190549055640956),(0.,0.07),.UNSPECIFIED.);
#416=B_SPLINE_SURFACE_WITH_KNOTS('',3,1,((#6428,#6429),(#6430,#6431),(#6432,
#6433),(#6434,#6435),(#6436,#6437)),.UNSPECIFIED.,.F.,.F.,.F.,(4,1,4),(2,
2),(0.,0.126424203747851,0.261432342109004),(0.,0.07),.UNSPECIFIED.);
#417=B_SPLINE_SURFACE_WITH_KNOTS('',3,1,((#6451,#6452),(#6453,#6454),(#6455,
#6456),(#6457,#6458),(#6459,#6460)),.UNSPECIFIED.,.F.,.F.,.F.,(4,1,4),(2,
2),(0.,0.139445176884944,0.267264182501229),(0.,0.07),.UNSPECIFIED.);
#418=B_SPLINE_SURFACE_WITH_KNOTS('',3,1,((#6474,#6475),(#6476,#6477),(#6478,
#6479),(#6480,#6481),(#6482,#6483)),.UNSPECIFIED.,.F.,.F.,.F.,(4,1,4),(2,
2),(0.,0.124248979079126,0.251934626253802),(0.,0.07),.UNSPECIFIED.);
#419=B_SPLINE_SURFACE_WITH_KNOTS('',3,1,((#6497,#6498),(#6499,#6500),(#6501,
#6502),(#6503,#6504),(#6505,#6506)),.UNSPECIFIED.,.F.,.F.,.F.,(4,1,4),(2,
2),(0.,0.125288967286404,0.247939374863828),(0.,0.07),.UNSPECIFIED.);
#420=B_SPLINE_SURFACE_WITH_KNOTS('',3,1,((#6520,#6521),(#6522,#6523),(#6524,
#6525),(#6526,#6527),(#6528,#6529)),.UNSPECIFIED.,.F.,.F.,.F.,(4,1,4),(2,
2),(0.,0.146990626333876,0.280969095948705),(0.,0.07),.UNSPECIFIED.);
#421=B_SPLINE_SURFACE_WITH_KNOTS('',3,1,((#6543,#6544),(#6545,#6546),(#6547,
#6548),(#6549,#6550),(#6551,#6552)),.UNSPECIFIED.,.F.,.F.,.F.,(4,1,4),(2,
2),(0.,0.135370288770492,0.274641458251705),(0.,0.07),.UNSPECIFIED.);
#422=B_SPLINE_SURFACE_WITH_KNOTS('',3,1,((#6566,#6567),(#6568,#6569),(#6570,
#6571),(#6572,#6573),(#6574,#6575)),.UNSPECIFIED.,.F.,.F.,.F.,(4,1,4),(2,
2),(0.,0.120196025113774,0.248019024085141),(0.,0.07),.UNSPECIFIED.);
#423=B_SPLINE_SURFACE_WITH_KNOTS('',3,1,((#6589,#6590),(#6591,#6592),(#6593,
#6594),(#6595,#6596),(#6597,#6598)),.UNSPECIFIED.,.F.,.F.,.F.,(4,1,4),(2,
2),(0.,0.147493215799051,0.273919065875573),(0.,0.07),.UNSPECIFIED.);
#424=B_SPLINE_SURFACE_WITH_KNOTS('',3,1,((#6612,#6613),(#6614,#6615),(#6616,
#6617),(#6618,#6619),(#6620,#6621)),.UNSPECIFIED.,.F.,.F.,.F.,(4,1,4),(2,
2),(0.,0.136220097367747,0.281984675069392),(0.,0.07),.UNSPECIFIED.);
#425=B_SPLINE_SURFACE_WITH_KNOTS('',3,1,((#6635,#6636),(#6637,#6638),(#6639,
#6640),(#6641,#6642),(#6643,#6644)),.UNSPECIFIED.,.F.,.F.,.F.,(4,1,4),(2,
2),(0.,0.155027522364702,0.294266872701491),(0.,0.07),.UNSPECIFIED.);
#426=B_SPLINE_SURFACE_WITH_KNOTS('',3,1,((#6664,#6665),(#6666,#6667),(#6668,
#6669),(#6670,#6671),(#6672,#6673)),.UNSPECIFIED.,.F.,.F.,.F.,(4,1,4),(2,
2),(0.,0.102564792619932,0.220156436039046),(0.,0.07),.UNSPECIFIED.);
#427=B_SPLINE_SURFACE_WITH_KNOTS('',3,1,((#6898,#6899),(#6900,#6901),(#6902,
#6903),(#6904,#6905),(#6906,#6907)),.UNSPECIFIED.,.F.,.F.,.F.,(4,1,4),(2,
2),(-0.146356466704551,-0.081503791990215,0.),(0.,0.07),.UNSPECIFIED.);
#428=B_SPLINE_SURFACE_WITH_KNOTS('',3,1,((#6921,#6922),(#6923,#6924),(#6925,
#6926),(#6927,#6928),(#6929,#6930)),.UNSPECIFIED.,.F.,.F.,.F.,(4,1,4),(2,
2),(-0.172428856475681,-0.0858386808380482,0.),(0.,0.07),.UNSPECIFIED.);
#429=B_SPLINE_SURFACE_WITH_KNOTS('',3,1,((#6944,#6945),(#6946,#6947),(#6948,
#6949),(#6950,#6951),(#6952,#6953)),.UNSPECIFIED.,.F.,.F.,.F.,(4,1,4),(2,
2),(-0.156242843503925,-0.0791240079989,0.),(0.,0.07),.UNSPECIFIED.);
#430=B_SPLINE_SURFACE_WITH_KNOTS('',3,1,((#6967,#6968),(#6969,#6970),(#6971,
#6972),(#6973,#6974),(#6975,#6976)),.UNSPECIFIED.,.F.,.F.,.F.,(4,1,4),(2,
2),(-0.167247022874005,-0.0798866452705054,0.),(0.,0.07),.UNSPECIFIED.);
#431=B_SPLINE_SURFACE_WITH_KNOTS('',3,1,((#6996,#6997),(#6998,#6999),(#7000,
#7001),(#7002,#7003),(#7004,#7005)),.UNSPECIFIED.,.F.,.F.,.F.,(4,1,4),(2,
2),(-0.208258045696323,-0.10761677173635,0.),(0.,0.07),.UNSPECIFIED.);
#432=B_SPLINE_SURFACE_WITH_KNOTS('',3,1,((#7019,#7020),(#7021,#7022),(#7023,
#7024),(#7025,#7026),(#7027,#7028)),.UNSPECIFIED.,.F.,.F.,.F.,(4,1,4),(2,
2),(-0.219220627950438,-0.103261700621171,0.),(0.,0.07),.UNSPECIFIED.);
#433=B_SPLINE_SURFACE_WITH_KNOTS('',3,1,((#7042,#7043),(#7044,#7045),(#7046,
#7047),(#7048,#7049),(#7050,#7051)),.UNSPECIFIED.,.F.,.F.,.F.,(4,1,4),(2,
2),(-0.276454016160567,-0.144565655430531,0.),(0.,0.07),.UNSPECIFIED.);
#434=B_SPLINE_SURFACE_WITH_KNOTS('',3,1,((#7065,#7066),(#7067,#7068),(#7069,
#7070),(#7071,#7072),(#7073,#7074)),.UNSPECIFIED.,.F.,.F.,.F.,(4,1,4),(2,
2),(-0.295447080226983,-0.136755780955715,0.),(0.,0.07),.UNSPECIFIED.);
#435=B_SPLINE_SURFACE_WITH_KNOTS('',3,1,((#7088,#7089),(#7090,#7091),(#7092,
#7093),(#7094,#7095),(#7096,#7097)),.UNSPECIFIED.,.F.,.F.,.F.,(4,1,4),(2,
2),(-0.304495807126293,-0.164043434883035,0.),(0.,0.07),.UNSPECIFIED.);
#436=B_SPLINE_SURFACE_WITH_KNOTS('',3,1,((#7111,#7112),(#7113,#7114),(#7115,
#7116),(#7117,#7118),(#7119,#7120)),.UNSPECIFIED.,.F.,.F.,.F.,(4,1,4),(2,
2),(-0.270398770260471,-0.131993798275016,0.),(0.,0.07),.UNSPECIFIED.);
#437=B_SPLINE_SURFACE_WITH_KNOTS('',3,1,((#7134,#7135),(#7136,#7137),(#7138,
#7139),(#7140,#7141),(#7142,#7143)),.UNSPECIFIED.,.F.,.F.,.F.,(4,1,4),(2,
2),(-0.263166794552689,-0.134288289433158,0.),(0.,0.07),.UNSPECIFIED.);
#438=B_SPLINE_SURFACE_WITH_KNOTS('',3,1,((#7157,#7158),(#7159,#7160),(#7161,
#7162),(#7163,#7164),(#7165,#7166)),.UNSPECIFIED.,.F.,.F.,.F.,(4,1,4),(2,
2),(-0.298549355505885,-0.137617347137841,0.),(0.,0.07),.UNSPECIFIED.);
#439=B_SPLINE_SURFACE_WITH_KNOTS('',3,1,((#7180,#7181),(#7182,#7183),(#7184,
#7185),(#7186,#7187),(#7188,#7189)),.UNSPECIFIED.,.F.,.F.,.F.,(4,1,4),(2,
2),(-0.0327500595241844,-0.0136436145152145,0.),(0.,0.07),.UNSPECIFIED.);
#440=B_SPLINE_SURFACE_WITH_KNOTS('',3,1,((#7209,#7210),(#7211,#7212),(#7213,
#7214),(#7215,#7216),(#7217,#7218)),.UNSPECIFIED.,.F.,.F.,.F.,(4,1,4),(2,
2),(-0.198019249617392,-0.107324887136278,0.),(0.,0.07),.UNSPECIFIED.);
#441=B_SPLINE_SURFACE_WITH_KNOTS('',3,1,((#7232,#7233),(#7234,#7235),(#7236,
#7237),(#7238,#7239),(#7240,#7241)),.UNSPECIFIED.,.F.,.F.,.F.,(4,1,4),(2,
2),(-0.167884078798029,-0.0831668247843591,0.),(0.,0.07),.UNSPECIFIED.);
#442=B_SPLINE_SURFACE_WITH_KNOTS('',3,1,((#7255,#7256),(#7257,#7258),(#7259,
#7260),(#7261,#7262),(#7263,#7264)),.UNSPECIFIED.,.F.,.F.,.F.,(4,1,4),(2,
2),(-0.122239374973024,-0.0632102158152455,0.),(0.,0.07),.UNSPECIFIED.);
#443=B_SPLINE_SURFACE_WITH_KNOTS('',3,1,((#7278,#7279),(#7280,#7281),(#7282,
#7283),(#7284,#7285),(#7286,#7287)),.UNSPECIFIED.,.F.,.F.,.F.,(4,1,4),(2,
2),(-0.137683901939595,-0.062866104731034,0.),(0.,0.07),.UNSPECIFIED.);
#444=B_SPLINE_SURFACE_WITH_KNOTS('',3,1,((#7309,#7310),(#7311,#7312),(#7313,
#7314),(#7315,#7316),(#7317,#7318)),.UNSPECIFIED.,.F.,.F.,.F.,(4,1,4),(2,
2),(-0.146356376804189,-0.0815038149372333,0.),(0.,0.07),.UNSPECIFIED.);
#445=B_SPLINE_SURFACE_WITH_KNOTS('',3,1,((#7332,#7333),(#7334,#7335),(#7336,
#7337),(#7338,#7339),(#7340,#7341)),.UNSPECIFIED.,.F.,.F.,.F.,(4,1,4),(2,
2),(-0.172428856475681,-0.0858386808380482,0.),(0.,0.07),.UNSPECIFIED.);
#446=B_SPLINE_SURFACE_WITH_KNOTS('',3,1,((#7355,#7356),(#7357,#7358),(#7359,
#7360),(#7361,#7362),(#7363,#7364)),.UNSPECIFIED.,.F.,.F.,.F.,(4,1,4),(2,
2),(-0.156242960790344,-0.0791241252853186,0.),(0.,0.07),.UNSPECIFIED.);
#447=B_SPLINE_SURFACE_WITH_KNOTS('',3,1,((#7378,#7379),(#7380,#7381),(#7382,
#7383),(#7384,#7385),(#7386,#7387)),.UNSPECIFIED.,.F.,.F.,.F.,(4,1,4),(2,
2),(-0.167246956074729,-0.07988657847123,0.),(0.,0.07),.UNSPECIFIED.);
#448=B_SPLINE_SURFACE_WITH_KNOTS('',3,1,((#7407,#7408),(#7409,#7410),(#7411,
#7412),(#7413,#7414),(#7415,#7416)),.UNSPECIFIED.,.F.,.F.,.F.,(4,1,4),(2,
2),(-0.208258079281532,-0.107616724321804,0.),(0.,0.07),.UNSPECIFIED.);
#449=B_SPLINE_SURFACE_WITH_KNOTS('',3,1,((#7430,#7431),(#7432,#7433),(#7434,
#7435),(#7436,#7437),(#7438,#7439)),.UNSPECIFIED.,.F.,.F.,.F.,(4,1,4),(2,
2),(-0.219220616492638,-0.103261807323872,0.),(0.,0.07),.UNSPECIFIED.);
#450=B_SPLINE_SURFACE_WITH_KNOTS('',3,1,((#7453,#7454),(#7455,#7456),(#7457,
#7458),(#7459,#7460),(#7461,#7462)),.UNSPECIFIED.,.F.,.F.,.F.,(4,1,4),(2,
2),(-0.276454053071137,-0.144565890408482,0.),(0.,0.07),.UNSPECIFIED.);
#451=B_SPLINE_SURFACE_WITH_KNOTS('',3,1,((#7476,#7477),(#7478,#7479),(#7480,
#7481),(#7482,#7483),(#7484,#7485)),.UNSPECIFIED.,.F.,.F.,.F.,(4,1,4),(2,
2),(-0.295447036840104,-0.136755720082662,0.),(0.,0.07),.UNSPECIFIED.);
#452=B_SPLINE_SURFACE_WITH_KNOTS('',3,1,((#7499,#7500),(#7501,#7502),(#7503,
#7504),(#7505,#7506),(#7507,#7508)),.UNSPECIFIED.,.F.,.F.,.F.,(4,1,4),(2,
2),(-0.304495909868682,-0.164043417781377,0.),(0.,0.07),.UNSPECIFIED.);
#453=B_SPLINE_SURFACE_WITH_KNOTS('',3,1,((#7522,#7523),(#7524,#7525),(#7526,
#7527),(#7528,#7529),(#7530,#7531)),.UNSPECIFIED.,.F.,.F.,.F.,(4,1,4),(2,
2),(-0.270398809390238,-0.131993602983791,0.),(0.,0.07),.UNSPECIFIED.);
#454=B_SPLINE_SURFACE_WITH_KNOTS('',3,1,((#7545,#7546),(#7547,#7548),(#7549,
#7550),(#7551,#7552),(#7553,#7554)),.UNSPECIFIED.,.F.,.F.,.F.,(4,1,4),(2,
2),(-0.263166657692613,-0.134288055091292,0.),(0.,0.07),.UNSPECIFIED.);
#455=B_SPLINE_SURFACE_WITH_KNOTS('',3,1,((#7568,#7569),(#7570,#7571),(#7572,
#7573),(#7574,#7575),(#7576,#7577)),.UNSPECIFIED.,.F.,.F.,.F.,(4,1,4),(2,
2),(-0.298549312731954,-0.137617287310701,0.),(0.,0.07),.UNSPECIFIED.);
#456=B_SPLINE_SURFACE_WITH_KNOTS('',3,1,((#7591,#7592),(#7593,#7594),(#7595,
#7596),(#7597,#7598),(#7599,#7600)),.UNSPECIFIED.,.F.,.F.,.F.,(4,1,4),(2,
2),(-0.0327500595241844,-0.0136436145152145,0.),(0.,0.07),.UNSPECIFIED.);
#457=B_SPLINE_SURFACE_WITH_KNOTS('',3,1,((#7620,#7621),(#7622,#7623),(#7624,
#7625),(#7626,#7627),(#7628,#7629)),.UNSPECIFIED.,.F.,.F.,.F.,(4,1,4),(2,
2),(-0.198019249617392,-0.107324887136278,0.),(0.,0.07),.UNSPECIFIED.);
#458=B_SPLINE_SURFACE_WITH_KNOTS('',3,1,((#7643,#7644),(#7645,#7646),(#7647,
#7648),(#7649,#7650),(#7651,#7652)),.UNSPECIFIED.,.F.,.F.,.F.,(4,1,4),(2,
2),(-0.167884117452057,-0.0831666292348243,0.),(0.,0.07),.UNSPECIFIED.);
#459=B_SPLINE_SURFACE_WITH_KNOTS('',3,1,((#7666,#7667),(#7668,#7669),(#7670,
#7671),(#7672,#7673),(#7674,#7675)),.UNSPECIFIED.,.F.,.F.,.F.,(4,1,4),(2,
2),(-0.122239398200783,-0.0632104518760572,0.),(0.,0.07),.UNSPECIFIED.);
#460=B_SPLINE_SURFACE_WITH_KNOTS('',3,1,((#7689,#7690),(#7691,#7692),(#7693,
#7694),(#7695,#7696),(#7697,#7698)),.UNSPECIFIED.,.F.,.F.,.F.,(4,1,4),(2,
2),(-0.137683901939595,-0.062866104731034,0.),(0.,0.07),.UNSPECIFIED.);
#461=B_SPLINE_SURFACE_WITH_KNOTS('',3,1,((#7720,#7721),(#7722,#7723),(#7724,
#7725),(#7726,#7727),(#7728,#7729)),.UNSPECIFIED.,.F.,.F.,.F.,(4,1,4),(2,
2),(-0.294266872701491,-0.155027522364702,0.),(0.,0.07),.UNSPECIFIED.);
#462=B_SPLINE_SURFACE_WITH_KNOTS('',3,1,((#7743,#7744),(#7745,#7746),(#7747,
#7748),(#7749,#7750),(#7751,#7752)),.UNSPECIFIED.,.F.,.F.,.F.,(4,1,4),(2,
2),(-0.281984675069392,-0.136220097367747,0.),(0.,0.07),.UNSPECIFIED.);
#463=B_SPLINE_SURFACE_WITH_KNOTS('',3,1,((#7766,#7767),(#7768,#7769),(#7770,
#7771),(#7772,#7773),(#7774,#7775)),.UNSPECIFIED.,.F.,.F.,.F.,(4,1,4),(2,
2),(-0.273919065875573,-0.147493215799051,0.),(0.,0.07),.UNSPECIFIED.);
#464=B_SPLINE_SURFACE_WITH_KNOTS('',3,1,((#7789,#7790),(#7791,#7792),(#7793,
#7794),(#7795,#7796),(#7797,#7798)),.UNSPECIFIED.,.F.,.F.,.F.,(4,1,4),(2,
2),(-0.248019024085141,-0.120196025113774,0.),(0.,0.07),.UNSPECIFIED.);
#465=B_SPLINE_SURFACE_WITH_KNOTS('',3,1,((#7812,#7813),(#7814,#7815),(#7816,
#7817),(#7818,#7819),(#7820,#7821)),.UNSPECIFIED.,.F.,.F.,.F.,(4,1,4),(2,
2),(-0.274641458251705,-0.135370288770492,0.),(0.,0.07),.UNSPECIFIED.);
#466=B_SPLINE_SURFACE_WITH_KNOTS('',3,1,((#7835,#7836),(#7837,#7838),(#7839,
#7840),(#7841,#7842),(#7843,#7844)),.UNSPECIFIED.,.F.,.F.,.F.,(4,1,4),(2,
2),(-0.280969095948705,-0.146990626333876,0.),(0.,0.07),.UNSPECIFIED.);
#467=B_SPLINE_SURFACE_WITH_KNOTS('',3,1,((#7858,#7859),(#7860,#7861),(#7862,
#7863),(#7864,#7865),(#7866,#7867)),.UNSPECIFIED.,.F.,.F.,.F.,(4,1,4),(2,
2),(-0.247939374863828,-0.125288967286404,0.),(0.,0.07),.UNSPECIFIED.);
#468=B_SPLINE_SURFACE_WITH_KNOTS('',3,1,((#7881,#7882),(#7883,#7884),(#7885,
#7886),(#7887,#7888),(#7889,#7890)),.UNSPECIFIED.,.F.,.F.,.F.,(4,1,4),(2,
2),(-0.251934626253802,-0.124248979079126,0.),(0.,0.07),.UNSPECIFIED.);
#469=B_SPLINE_SURFACE_WITH_KNOTS('',3,1,((#7904,#7905),(#7906,#7907),(#7908,
#7909),(#7910,#7911),(#7912,#7913)),.UNSPECIFIED.,.F.,.F.,.F.,(4,1,4),(2,
2),(-0.267264182501229,-0.139445176884944,0.),(0.,0.07),.UNSPECIFIED.);
#470=B_SPLINE_SURFACE_WITH_KNOTS('',3,1,((#7927,#7928),(#7929,#7930),(#7931,
#7932),(#7933,#7934),(#7935,#7936)),.UNSPECIFIED.,.F.,.F.,.F.,(4,1,4),(2,
2),(-0.261432342109004,-0.126424203747851,0.),(0.,0.07),.UNSPECIFIED.);
#471=B_SPLINE_SURFACE_WITH_KNOTS('',3,1,((#7956,#7957),(#7958,#7959),(#7960,
#7961),(#7962,#7963),(#7964,#7965)),.UNSPECIFIED.,.F.,.F.,.F.,(4,1,4),(2,
2),(-0.190549055640956,-0.103493286778261,0.),(0.,0.07),.UNSPECIFIED.);
#472=B_SPLINE_SURFACE_WITH_KNOTS('',3,1,((#7979,#7980),(#7981,#7982),(#7983,
#7984),(#7985,#7986),(#7987,#7988)),.UNSPECIFIED.,.F.,.F.,.F.,(4,1,4),(2,
2),(-0.17609631519976,-0.0835093264036957,0.),(0.,0.07),.UNSPECIFIED.);
#473=B_SPLINE_SURFACE_WITH_KNOTS('',3,1,((#8002,#8003),(#8004,#8005),(#8006,
#8007),(#8008,#8009),(#8010,#8011)),.UNSPECIFIED.,.F.,.F.,.F.,(4,1,4),(2,
2),(-0.202975075681097,-0.106712903849588,0.),(0.,0.07),.UNSPECIFIED.);
#474=B_SPLINE_SURFACE_WITH_KNOTS('',3,1,((#8025,#8026),(#8027,#8028),(#8029,
#8030),(#8031,#8032),(#8033,#8034)),.UNSPECIFIED.,.F.,.F.,.F.,(4,1,4),(2,
2),(-0.186372022266233,-0.0923714154171937,0.),(0.,0.07),.UNSPECIFIED.);
#475=B_SPLINE_SURFACE_WITH_KNOTS('',3,1,((#8048,#8049),(#8050,#8051),(#8052,
#8053),(#8054,#8055),(#8056,#8057)),.UNSPECIFIED.,.F.,.F.,.F.,(4,1,4),(2,
2),(-0.195218718062374,-0.0974444493235302,0.),(0.,0.07),.UNSPECIFIED.);
#476=B_SPLINE_SURFACE_WITH_KNOTS('',3,1,((#8071,#8072),(#8073,#8074),(#8075,
#8076),(#8077,#8078),(#8079,#8080)),.UNSPECIFIED.,.F.,.F.,.F.,(4,1,4),(2,
2),(-0.22677408896047,-0.119818720170618,0.),(0.,0.07),.UNSPECIFIED.);
#477=B_SPLINE_SURFACE_WITH_KNOTS('',3,1,((#8094,#8095),(#8096,#8097),(#8098,
#8099),(#8100,#8101),(#8102,#8103)),.UNSPECIFIED.,.F.,.F.,.F.,(4,1,4),(2,
2),(-0.185926719317728,-0.0957439940963808,0.),(0.,0.07),.UNSPECIFIED.);
#478=B_SPLINE_SURFACE_WITH_KNOTS('',3,1,((#8117,#8118),(#8119,#8120),(#8121,
#8122),(#8123,#8124),(#8125,#8126)),.UNSPECIFIED.,.F.,.F.,.F.,(4,1,4),(2,
2),(-0.17793282048521,-0.088985980277375,0.),(0.,0.07),.UNSPECIFIED.);
#479=B_SPLINE_SURFACE_WITH_KNOTS('',3,1,((#8140,#8141),(#8142,#8143),(#8144,
#8145),(#8146,#8147),(#8148,#8149)),.UNSPECIFIED.,.F.,.F.,.F.,(4,1,4),(2,
2),(-0.202094057101571,-0.103904264978118,0.),(0.,0.07),.UNSPECIFIED.);
#480=B_SPLINE_SURFACE_WITH_KNOTS('',3,1,((#8163,#8164),(#8165,#8166),(#8167,
#8168),(#8169,#8170),(#8171,#8172)),.UNSPECIFIED.,.F.,.F.,.F.,(4,1,4),(2,
2),(-0.220156436039046,-0.102564792619932,0.),(0.,0.07),.UNSPECIFIED.);
#481=B_SPLINE_SURFACE_WITH_KNOTS('',3,1,((#8232,#8233),(#8234,#8235),(#8236,
#8237),(#8238,#8239),(#8240,#8241)),.UNSPECIFIED.,.F.,.F.,.F.,(4,1,4),(2,
2),(-0.153192903283143,-0.0756063347319095,0.),(0.,0.07),.UNSPECIFIED.);
#482=B_SPLINE_SURFACE_WITH_KNOTS('',3,1,((#8255,#8256),(#8257,#8258),(#8259,
#8260),(#8261,#8262),(#8263,#8264)),.UNSPECIFIED.,.F.,.F.,.F.,(4,1,4),(2,
2),(-0.145193172520974,-0.0660742946792607,0.),(0.,0.07),.UNSPECIFIED.);
#483=B_SPLINE_SURFACE_WITH_KNOTS('',3,1,((#8322,#8323),(#8324,#8325),(#8326,
#8327),(#8328,#8329),(#8330,#8331)),.UNSPECIFIED.,.F.,.F.,.F.,(4,1,4),(2,
2),(-0.128905154862107,-0.0757875108363581,0.),(0.,0.07),.UNSPECIFIED.);
#484=B_SPLINE_SURFACE_WITH_KNOTS('',3,1,((#8345,#8346),(#8347,#8348),(#8349,
#8350),(#8351,#8352),(#8353,#8354)),.UNSPECIFIED.,.F.,.F.,.F.,(4,1,4),(2,
2),(-0.0835091193918517,-0.0418705841713832,0.),(0.,0.07),.UNSPECIFIED.);
#485=B_SPLINE_SURFACE_WITH_KNOTS('',3,1,((#8368,#8369),(#8370,#8371),(#8372,
#8373),(#8374,#8375),(#8376,#8377)),.UNSPECIFIED.,.F.,.F.,.F.,(4,1,4),(2,
2),(-0.133550842088611,-0.0633618536234193,0.),(0.,0.07),.UNSPECIFIED.);
#486=B_SPLINE_SURFACE_WITH_KNOTS('',3,1,((#8397,#8398),(#8399,#8400),(#8401,
#8402),(#8403,#8404),(#8405,#8406)),.UNSPECIFIED.,.F.,.F.,.F.,(4,1,4),(2,
2),(-0.0947529159440166,-0.0492437489818715,0.),(0.,0.07),.UNSPECIFIED.);
#487=B_SPLINE_SURFACE_WITH_KNOTS('',3,1,((#8420,#8421),(#8422,#8423),(#8424,
#8425),(#8426,#8427),(#8428,#8429)),.UNSPECIFIED.,.F.,.F.,.F.,(4,1,4),(2,
2),(-0.0773163566455584,-0.0386759335825582,0.),(0.,0.07),.UNSPECIFIED.);
#488=B_SPLINE_SURFACE_WITH_KNOTS('',3,1,((#8443,#8444),(#8445,#8446),(#8447,
#8448),(#8449,#8450),(#8451,#8452)),.UNSPECIFIED.,.F.,.F.,.F.,(4,1,4),(2,
2),(-0.0822767754282021,-0.0398662277779966,0.),(0.,0.07),.UNSPECIFIED.);
#489=B_SPLINE_SURFACE_WITH_KNOTS('',3,1,((#8466,#8467),(#8468,#8469),(#8470,
#8471),(#8472,#8473),(#8474,#8475)),.UNSPECIFIED.,.F.,.F.,.F.,(4,1,4),(2,
2),(-0.145119013704073,-0.0702509292256347,0.),(0.,0.07),.UNSPECIFIED.);
#490=FACE_OUTER_BOUND('',#726,.T.);
#491=FACE_OUTER_BOUND('',#727,.T.);
#492=FACE_OUTER_BOUND('',#728,.T.);
#493=FACE_OUTER_BOUND('',#729,.T.);
#494=FACE_OUTER_BOUND('',#730,.T.);
#495=FACE_OUTER_BOUND('',#731,.T.);
#496=FACE_OUTER_BOUND('',#732,.T.);
#497=FACE_OUTER_BOUND('',#733,.T.);
#498=FACE_OUTER_BOUND('',#734,.T.);
#499=FACE_OUTER_BOUND('',#735,.T.);
#500=FACE_OUTER_BOUND('',#736,.T.);
#501=FACE_OUTER_BOUND('',#737,.T.);
#502=FACE_OUTER_BOUND('',#738,.T.);
#503=FACE_OUTER_BOUND('',#739,.T.);
#504=FACE_OUTER_BOUND('',#740,.T.);
#505=FACE_OUTER_BOUND('',#741,.T.);
#506=FACE_OUTER_BOUND('',#742,.T.);
#507=FACE_OUTER_BOUND('',#743,.T.);
#508=FACE_OUTER_BOUND('',#744,.T.);
#509=FACE_OUTER_BOUND('',#745,.T.);
#510=FACE_OUTER_BOUND('',#746,.T.);
#511=FACE_OUTER_BOUND('',#747,.T.);
#512=FACE_OUTER_BOUND('',#748,.T.);
#513=FACE_OUTER_BOUND('',#749,.T.);
#514=FACE_OUTER_BOUND('',#750,.T.);
#515=FACE_OUTER_BOUND('',#751,.T.);
#516=FACE_OUTER_BOUND('',#752,.T.);
#517=FACE_OUTER_BOUND('',#753,.T.);
#518=FACE_OUTER_BOUND('',#754,.T.);
#519=FACE_OUTER_BOUND('',#755,.T.);
#520=FACE_OUTER_BOUND('',#756,.T.);
#521=FACE_OUTER_BOUND('',#757,.T.);
#522=FACE_OUTER_BOUND('',#758,.T.);
#523=FACE_OUTER_BOUND('',#759,.T.);
#524=FACE_OUTER_BOUND('',#760,.T.);
#525=FACE_OUTER_BOUND('',#761,.T.);
#526=FACE_OUTER_BOUND('',#762,.T.);
#527=FACE_OUTER_BOUND('',#763,.T.);
#528=FACE_OUTER_BOUND('',#764,.T.);
#529=FACE_OUTER_BOUND('',#765,.T.);
#530=FACE_OUTER_BOUND('',#767,.T.);
#531=FACE_OUTER_BOUND('',#768,.T.);
#532=FACE_OUTER_BOUND('',#769,.T.);
#533=FACE_OUTER_BOUND('',#770,.T.);
#534=FACE_OUTER_BOUND('',#771,.T.);
#535=FACE_OUTER_BOUND('',#772,.T.);
#536=FACE_OUTER_BOUND('',#773,.T.);
#537=FACE_OUTER_BOUND('',#774,.T.);
#538=FACE_OUTER_BOUND('',#775,.T.);
#539=FACE_OUTER_BOUND('',#776,.T.);
#540=FACE_OUTER_BOUND('',#777,.T.);
#541=FACE_OUTER_BOUND('',#778,.T.);
#542=FACE_OUTER_BOUND('',#779,.T.);
#543=FACE_OUTER_BOUND('',#780,.T.);
#544=FACE_OUTER_BOUND('',#781,.T.);
#545=FACE_OUTER_BOUND('',#782,.T.);
#546=FACE_OUTER_BOUND('',#783,.T.);
#547=FACE_OUTER_BOUND('',#784,.T.);
#548=FACE_OUTER_BOUND('',#785,.T.);
#549=FACE_OUTER_BOUND('',#786,.T.);
#550=FACE_OUTER_BOUND('',#787,.T.);
#551=FACE_OUTER_BOUND('',#788,.T.);
#552=FACE_OUTER_BOUND('',#789,.T.);
#553=FACE_OUTER_BOUND('',#790,.T.);
#554=FACE_OUTER_BOUND('',#791,.T.);
#555=FACE_OUTER_BOUND('',#792,.T.);
#556=FACE_OUTER_BOUND('',#793,.T.);
#557=FACE_OUTER_BOUND('',#794,.T.);
#558=FACE_OUTER_BOUND('',#795,.T.);
#559=FACE_OUTER_BOUND('',#796,.T.);
#560=FACE_OUTER_BOUND('',#797,.T.);
#561=FACE_OUTER_BOUND('',#799,.T.);
#562=FACE_OUTER_BOUND('',#800,.T.);
#563=FACE_OUTER_BOUND('',#801,.T.);
#564=FACE_OUTER_BOUND('',#802,.T.);
#565=FACE_OUTER_BOUND('',#803,.T.);
#566=FACE_OUTER_BOUND('',#804,.T.);
#567=FACE_OUTER_BOUND('',#805,.T.);
#568=FACE_OUTER_BOUND('',#806,.T.);
#569=FACE_OUTER_BOUND('',#807,.T.);
#570=FACE_OUTER_BOUND('',#808,.T.);
#571=FACE_OUTER_BOUND('',#809,.T.);
#572=FACE_OUTER_BOUND('',#810,.T.);
#573=FACE_OUTER_BOUND('',#811,.T.);
#574=FACE_OUTER_BOUND('',#812,.T.);
#575=FACE_OUTER_BOUND('',#813,.T.);
#576=FACE_OUTER_BOUND('',#814,.T.);
#577=FACE_OUTER_BOUND('',#815,.T.);
#578=FACE_OUTER_BOUND('',#816,.T.);
#579=FACE_OUTER_BOUND('',#817,.T.);
#580=FACE_OUTER_BOUND('',#818,.T.);
#581=FACE_OUTER_BOUND('',#819,.T.);
#582=FACE_OUTER_BOUND('',#820,.T.);
#583=FACE_OUTER_BOUND('',#821,.T.);
#584=FACE_OUTER_BOUND('',#822,.T.);
#585=FACE_OUTER_BOUND('',#823,.T.);
#586=FACE_OUTER_BOUND('',#824,.T.);
#587=FACE_OUTER_BOUND('',#825,.T.);
#588=FACE_OUTER_BOUND('',#827,.T.);
#589=FACE_OUTER_BOUND('',#828,.T.);
#590=FACE_OUTER_BOUND('',#830,.T.);
#591=FACE_OUTER_BOUND('',#831,.T.);
#592=FACE_OUTER_BOUND('',#832,.T.);
#593=FACE_OUTER_BOUND('',#834,.T.);
#594=FACE_OUTER_BOUND('',#836,.T.);
#595=FACE_OUTER_BOUND('',#837,.T.);
#596=FACE_OUTER_BOUND('',#838,.T.);
#597=FACE_OUTER_BOUND('',#839,.T.);
#598=FACE_OUTER_BOUND('',#840,.T.);
#599=FACE_OUTER_BOUND('',#841,.T.);
#600=FACE_OUTER_BOUND('',#846,.T.);
#601=FACE_OUTER_BOUND('',#847,.T.);
#602=FACE_OUTER_BOUND('',#848,.T.);
#603=FACE_OUTER_BOUND('',#849,.T.);
#604=FACE_OUTER_BOUND('',#850,.T.);
#605=FACE_OUTER_BOUND('',#851,.T.);
#606=FACE_OUTER_BOUND('',#852,.T.);
#607=FACE_OUTER_BOUND('',#853,.T.);
#608=FACE_OUTER_BOUND('',#854,.T.);
#609=FACE_OUTER_BOUND('',#855,.T.);
#610=FACE_OUTER_BOUND('',#866,.T.);
#611=FACE_OUTER_BOUND('',#867,.T.);
#612=FACE_OUTER_BOUND('',#868,.T.);
#613=FACE_OUTER_BOUND('',#869,.T.);
#614=FACE_OUTER_BOUND('',#870,.T.);
#615=FACE_OUTER_BOUND('',#871,.T.);
#616=FACE_OUTER_BOUND('',#872,.T.);
#617=FACE_OUTER_BOUND('',#873,.T.);
#618=FACE_OUTER_BOUND('',#874,.T.);
#619=FACE_OUTER_BOUND('',#875,.T.);
#620=FACE_OUTER_BOUND('',#876,.T.);
#621=FACE_OUTER_BOUND('',#877,.T.);
#622=FACE_OUTER_BOUND('',#878,.T.);
#623=FACE_OUTER_BOUND('',#879,.T.);
#624=FACE_OUTER_BOUND('',#880,.T.);
#625=FACE_OUTER_BOUND('',#881,.T.);
#626=FACE_OUTER_BOUND('',#882,.T.);
#627=FACE_OUTER_BOUND('',#883,.T.);
#628=FACE_OUTER_BOUND('',#884,.T.);
#629=FACE_OUTER_BOUND('',#885,.T.);
#630=FACE_OUTER_BOUND('',#886,.T.);
#631=FACE_OUTER_BOUND('',#887,.T.);
#632=FACE_OUTER_BOUND('',#888,.T.);
#633=FACE_OUTER_BOUND('',#889,.T.);
#634=FACE_OUTER_BOUND('',#890,.T.);
#635=FACE_OUTER_BOUND('',#891,.T.);
#636=FACE_OUTER_BOUND('',#892,.T.);
#637=FACE_OUTER_BOUND('',#893,.T.);
#638=FACE_OUTER_BOUND('',#894,.T.);
#639=FACE_OUTER_BOUND('',#895,.T.);
#640=FACE_OUTER_BOUND('',#896,.T.);
#641=FACE_OUTER_BOUND('',#897,.T.);
#642=FACE_OUTER_BOUND('',#898,.T.);
#643=FACE_OUTER_BOUND('',#899,.T.);
#644=FACE_OUTER_BOUND('',#900,.T.);
#645=FACE_OUTER_BOUND('',#901,.T.);
#646=FACE_OUTER_BOUND('',#902,.T.);
#647=FACE_OUTER_BOUND('',#904,.T.);
#648=FACE_OUTER_BOUND('',#906,.T.);
#649=FACE_OUTER_BOUND('',#907,.T.);
#650=FACE_OUTER_BOUND('',#908,.T.);
#651=FACE_OUTER_BOUND('',#909,.T.);
#652=FACE_OUTER_BOUND('',#910,.T.);
#653=FACE_OUTER_BOUND('',#911,.T.);
#654=FACE_OUTER_BOUND('',#912,.T.);
#655=FACE_OUTER_BOUND('',#913,.T.);
#656=FACE_OUTER_BOUND('',#914,.T.);
#657=FACE_OUTER_BOUND('',#915,.T.);
#658=FACE_OUTER_BOUND('',#916,.T.);
#659=FACE_OUTER_BOUND('',#917,.T.);
#660=FACE_OUTER_BOUND('',#918,.T.);
#661=FACE_OUTER_BOUND('',#919,.T.);
#662=FACE_OUTER_BOUND('',#920,.T.);
#663=FACE_OUTER_BOUND('',#921,.T.);
#664=FACE_OUTER_BOUND('',#922,.T.);
#665=FACE_OUTER_BOUND('',#923,.T.);
#666=FACE_OUTER_BOUND('',#924,.T.);
#667=FACE_OUTER_BOUND('',#925,.T.);
#668=FACE_OUTER_BOUND('',#926,.T.);
#669=FACE_OUTER_BOUND('',#928,.T.);
#670=FACE_OUTER_BOUND('',#930,.T.);
#671=FACE_OUTER_BOUND('',#931,.T.);
#672=FACE_OUTER_BOUND('',#932,.T.);
#673=FACE_OUTER_BOUND('',#933,.T.);
#674=FACE_OUTER_BOUND('',#934,.T.);
#675=FACE_OUTER_BOUND('',#935,.T.);
#676=FACE_OUTER_BOUND('',#936,.T.);
#677=FACE_OUTER_BOUND('',#937,.T.);
#678=FACE_OUTER_BOUND('',#938,.T.);
#679=FACE_OUTER_BOUND('',#939,.T.);
#680=FACE_OUTER_BOUND('',#940,.T.);
#681=FACE_OUTER_BOUND('',#941,.T.);
#682=FACE_OUTER_BOUND('',#942,.T.);
#683=FACE_OUTER_BOUND('',#943,.T.);
#684=FACE_OUTER_BOUND('',#944,.T.);
#685=FACE_OUTER_BOUND('',#945,.T.);
#686=FACE_OUTER_BOUND('',#946,.T.);
#687=FACE_OUTER_BOUND('',#947,.T.);
#688=FACE_OUTER_BOUND('',#948,.T.);
#689=FACE_OUTER_BOUND('',#949,.T.);
#690=FACE_OUTER_BOUND('',#950,.T.);
#691=FACE_OUTER_BOUND('',#951,.T.);
#692=FACE_OUTER_BOUND('',#952,.T.);
#693=FACE_OUTER_BOUND('',#953,.T.);
#694=FACE_OUTER_BOUND('',#954,.T.);
#695=FACE_OUTER_BOUND('',#955,.T.);
#696=FACE_OUTER_BOUND('',#956,.T.);
#697=FACE_OUTER_BOUND('',#957,.T.);
#698=FACE_OUTER_BOUND('',#958,.T.);
#699=FACE_OUTER_BOUND('',#959,.T.);
#700=FACE_OUTER_BOUND('',#960,.T.);
#701=FACE_OUTER_BOUND('',#961,.T.);
#702=FACE_OUTER_BOUND('',#962,.T.);
#703=FACE_OUTER_BOUND('',#963,.T.);
#704=FACE_OUTER_BOUND('',#964,.T.);
#705=FACE_OUTER_BOUND('',#965,.T.);
#706=FACE_OUTER_BOUND('',#966,.T.);
#707=FACE_OUTER_BOUND('',#967,.T.);
#708=FACE_OUTER_BOUND('',#968,.T.);
#709=FACE_OUTER_BOUND('',#969,.T.);
#710=FACE_OUTER_BOUND('',#970,.T.);
#711=FACE_OUTER_BOUND('',#971,.T.);
#712=FACE_OUTER_BOUND('',#972,.T.);
#713=FACE_OUTER_BOUND('',#973,.T.);
#714=FACE_OUTER_BOUND('',#974,.T.);
#715=FACE_OUTER_BOUND('',#975,.T.);
#716=FACE_OUTER_BOUND('',#976,.T.);
#717=FACE_OUTER_BOUND('',#977,.T.);
#718=FACE_OUTER_BOUND('',#978,.T.);
#719=FACE_OUTER_BOUND('',#979,.T.);
#720=FACE_OUTER_BOUND('',#980,.T.);
#721=FACE_OUTER_BOUND('',#981,.T.);
#722=FACE_OUTER_BOUND('',#982,.T.);
#723=FACE_OUTER_BOUND('',#983,.T.);
#724=FACE_OUTER_BOUND('',#984,.T.);
#725=FACE_OUTER_BOUND('',#985,.T.);
#726=EDGE_LOOP('',(#2696,#2697,#2698,#2699));
#727=EDGE_LOOP('',(#2700,#2701,#2702,#2703));
#728=EDGE_LOOP('',(#2704,#2705,#2706,#2707));
#729=EDGE_LOOP('',(#2708,#2709,#2710,#2711));
#730=EDGE_LOOP('',(#2712,#2713,#2714,#2715));
#731=EDGE_LOOP('',(#2716,#2717,#2718,#2719));
#732=EDGE_LOOP('',(#2720,#2721,#2722,#2723));
#733=EDGE_LOOP('',(#2724,#2725,#2726,#2727));
#734=EDGE_LOOP('',(#2728,#2729,#2730,#2731));
#735=EDGE_LOOP('',(#2732,#2733,#2734,#2735));
#736=EDGE_LOOP('',(#2736,#2737,#2738,#2739));
#737=EDGE_LOOP('',(#2740,#2741,#2742,#2743));
#738=EDGE_LOOP('',(#2744,#2745,#2746,#2747));
#739=EDGE_LOOP('',(#2748,#2749,#2750,#2751));
#740=EDGE_LOOP('',(#2752,#2753,#2754,#2755));
#741=EDGE_LOOP('',(#2756,#2757,#2758,#2759));
#742=EDGE_LOOP('',(#2760,#2761,#2762,#2763));
#743=EDGE_LOOP('',(#2764,#2765,#2766,#2767));
#744=EDGE_LOOP('',(#2768,#2769,#2770,#2771,#2772,#2773,#2774,#2775,#2776,
#2777,#2778,#2779,#2780));
#745=EDGE_LOOP('',(#2781,#2782,#2783,#2784));
#746=EDGE_LOOP('',(#2785,#2786,#2787,#2788));
#747=EDGE_LOOP('',(#2789,#2790,#2791,#2792));
#748=EDGE_LOOP('',(#2793,#2794,#2795,#2796));
#749=EDGE_LOOP('',(#2797,#2798,#2799,#2800));
#750=EDGE_LOOP('',(#2801,#2802,#2803,#2804));
#751=EDGE_LOOP('',(#2805,#2806,#2807,#2808));
#752=EDGE_LOOP('',(#2809,#2810,#2811,#2812));
#753=EDGE_LOOP('',(#2813,#2814,#2815,#2816));
#754=EDGE_LOOP('',(#2817,#2818,#2819,#2820));
#755=EDGE_LOOP('',(#2821,#2822,#2823,#2824));
#756=EDGE_LOOP('',(#2825,#2826,#2827,#2828));
#757=EDGE_LOOP('',(#2829,#2830,#2831,#2832));
#758=EDGE_LOOP('',(#2833,#2834,#2835,#2836));
#759=EDGE_LOOP('',(#2837,#2838,#2839,#2840));
#760=EDGE_LOOP('',(#2841,#2842,#2843,#2844));
#761=EDGE_LOOP('',(#2845,#2846,#2847,#2848));
#762=EDGE_LOOP('',(#2849,#2850,#2851,#2852));
#763=EDGE_LOOP('',(#2853,#2854,#2855,#2856));
#764=EDGE_LOOP('',(#2857,#2858,#2859,#2860));
#765=EDGE_LOOP('',(#2861,#2862,#2863,#2864,#2865,#2866,#2867,#2868,#2869,
#2870,#2871,#2872,#2873,#2874,#2875));
#766=EDGE_LOOP('',(#2876,#2877,#2878,#2879,#2880));
#767=EDGE_LOOP('',(#2881,#2882,#2883,#2884));
#768=EDGE_LOOP('',(#2885,#2886,#2887,#2888));
#769=EDGE_LOOP('',(#2889,#2890,#2891,#2892));
#770=EDGE_LOOP('',(#2893,#2894,#2895,#2896));
#771=EDGE_LOOP('',(#2897,#2898,#2899,#2900));
#772=EDGE_LOOP('',(#2901,#2902,#2903,#2904));
#773=EDGE_LOOP('',(#2905,#2906,#2907,#2908));
#774=EDGE_LOOP('',(#2909,#2910,#2911,#2912));
#775=EDGE_LOOP('',(#2913,#2914,#2915,#2916));
#776=EDGE_LOOP('',(#2917,#2918,#2919,#2920,#2921,#2922,#2923,#2924,#2925));
#777=EDGE_LOOP('',(#2926,#2927,#2928,#2929));
#778=EDGE_LOOP('',(#2930,#2931,#2932,#2933));
#779=EDGE_LOOP('',(#2934,#2935,#2936,#2937));
#780=EDGE_LOOP('',(#2938,#2939,#2940,#2941));
#781=EDGE_LOOP('',(#2942,#2943,#2944,#2945));
#782=EDGE_LOOP('',(#2946,#2947,#2948,#2949));
#783=EDGE_LOOP('',(#2950,#2951,#2952,#2953));
#784=EDGE_LOOP('',(#2954,#2955,#2956,#2957));
#785=EDGE_LOOP('',(#2958,#2959,#2960,#2961));
#786=EDGE_LOOP('',(#2962,#2963,#2964,#2965));
#787=EDGE_LOOP('',(#2966,#2967,#2968,#2969));
#788=EDGE_LOOP('',(#2970,#2971,#2972,#2973));
#789=EDGE_LOOP('',(#2974,#2975,#2976,#2977));
#790=EDGE_LOOP('',(#2978,#2979,#2980,#2981));
#791=EDGE_LOOP('',(#2982,#2983,#2984,#2985));
#792=EDGE_LOOP('',(#2986,#2987,#2988,#2989));
#793=EDGE_LOOP('',(#2990,#2991,#2992,#2993));
#794=EDGE_LOOP('',(#2994,#2995,#2996,#2997));
#795=EDGE_LOOP('',(#2998,#2999,#3000,#3001));
#796=EDGE_LOOP('',(#3002,#3003,#3004,#3005));
#797=EDGE_LOOP('',(#3006,#3007,#3008,#3009,#3010,#3011,#3012,#3013,#3014,
#3015,#3016,#3017,#3018,#3019,#3020));
#798=EDGE_LOOP('',(#3021,#3022,#3023,#3024,#3025));
#799=EDGE_LOOP('',(#3026,#3027,#3028,#3029));
#800=EDGE_LOOP('',(#3030,#3031,#3032,#3033));
#801=EDGE_LOOP('',(#3034,#3035,#3036,#3037));
#802=EDGE_LOOP('',(#3038,#3039,#3040,#3041));
#803=EDGE_LOOP('',(#3042,#3043,#3044,#3045));
#804=EDGE_LOOP('',(#3046,#3047,#3048,#3049));
#805=EDGE_LOOP('',(#3050,#3051,#3052,#3053));
#806=EDGE_LOOP('',(#3054,#3055,#3056,#3057));
#807=EDGE_LOOP('',(#3058,#3059,#3060,#3061));
#808=EDGE_LOOP('',(#3062,#3063,#3064,#3065));
#809=EDGE_LOOP('',(#3066,#3067,#3068,#3069));
#810=EDGE_LOOP('',(#3070,#3071,#3072,#3073));
#811=EDGE_LOOP('',(#3074,#3075,#3076,#3077));
#812=EDGE_LOOP('',(#3078,#3079,#3080,#3081));
#813=EDGE_LOOP('',(#3082,#3083,#3084,#3085));
#814=EDGE_LOOP('',(#3086,#3087,#3088,#3089));
#815=EDGE_LOOP('',(#3090,#3091,#3092,#3093));
#816=EDGE_LOOP('',(#3094,#3095,#3096,#3097));
#817=EDGE_LOOP('',(#3098,#3099,#3100,#3101));
#818=EDGE_LOOP('',(#3102,#3103,#3104,#3105));
#819=EDGE_LOOP('',(#3106,#3107,#3108,#3109));
#820=EDGE_LOOP('',(#3110,#3111,#3112,#3113));
#821=EDGE_LOOP('',(#3114,#3115,#3116,#3117,#3118,#3119,#3120,#3121,#3122,
#3123,#3124,#3125,#3126,#3127,#3128,#3129,#3130,#3131,#3132,#3133,#3134,
#3135));
#822=EDGE_LOOP('',(#3136,#3137,#3138,#3139,#3140));
#823=EDGE_LOOP('',(#3141,#3142,#3143,#3144,#3145));
#824=EDGE_LOOP('',(#3146,#3147,#3148,#3149));
#825=EDGE_LOOP('',(#3150));
#826=EDGE_LOOP('',(#3151));
#827=EDGE_LOOP('',(#3152,#3153,#3154,#3155));
#828=EDGE_LOOP('',(#3156));
#829=EDGE_LOOP('',(#3157));
#830=EDGE_LOOP('',(#3158,#3159,#3160,#3161));
#831=EDGE_LOOP('',(#3162,#3163,#3164,#3165));
#832=EDGE_LOOP('',(#3166));
#833=EDGE_LOOP('',(#3167));
#834=EDGE_LOOP('',(#3168));
#835=EDGE_LOOP('',(#3169));
#836=EDGE_LOOP('',(#3170,#3171,#3172,#3173));
#837=EDGE_LOOP('',(#3174,#3175,#3176,#3177,#3178,#3179,#3180,#3181,#3182,
#3183,#3184,#3185,#3186,#3187));
#838=EDGE_LOOP('',(#3188,#3189,#3190,#3191));
#839=EDGE_LOOP('',(#3192,#3193,#3194,#3195));
#840=EDGE_LOOP('',(#3196,#3197,#3198,#3199));
#841=EDGE_LOOP('',(#3200,#3201,#3202,#3203,#3204,#3205,#3206,#3207,#3208,
#3209,#3210,#3211,#3212,#3213,#3214,#3215,#3216,#3217,#3218,#3219,#3220,
#3221,#3222,#3223));
#842=EDGE_LOOP('',(#3224));
#843=EDGE_LOOP('',(#3225));
#844=EDGE_LOOP('',(#3226));
#845=EDGE_LOOP('',(#3227));
#846=EDGE_LOOP('',(#3228,#3229,#3230,#3231));
#847=EDGE_LOOP('',(#3232,#3233,#3234,#3235));
#848=EDGE_LOOP('',(#3236,#3237,#3238,#3239));
#849=EDGE_LOOP('',(#3240,#3241,#3242,#3243));
#850=EDGE_LOOP('',(#3244,#3245,#3246,#3247));
#851=EDGE_LOOP('',(#3248,#3249,#3250,#3251));
#852=EDGE_LOOP('',(#3252,#3253,#3254,#3255));
#853=EDGE_LOOP('',(#3256,#3257,#3258,#3259));
#854=EDGE_LOOP('',(#3260,#3261,#3262,#3263));
#855=EDGE_LOOP('',(#3264,#3265,#3266,#3267,#3268,#3269,#3270,#3271,#3272,
#3273));
#856=EDGE_LOOP('',(#3274));
#857=EDGE_LOOP('',(#3275));
#858=EDGE_LOOP('',(#3276));
#859=EDGE_LOOP('',(#3277));
#860=EDGE_LOOP('',(#3278,#3279,#3280,#3281,#3282,#3283,#3284,#3285,#3286,
#3287,#3288,#3289,#3290,#3291,#3292,#3293,#3294,#3295,#3296,#3297,#3298,
#3299));
#861=EDGE_LOOP('',(#3300,#3301,#3302,#3303,#3304,#3305,#3306,#3307,#3308,
#3309,#3310,#3311,#3312,#3313,#3314));
#862=EDGE_LOOP('',(#3315,#3316,#3317,#3318,#3319,#3320,#3321,#3322,#3323));
#863=EDGE_LOOP('',(#3324,#3325,#3326,#3327,#3328,#3329,#3330,#3331,#3332,
#3333,#3334,#3335,#3336,#3337,#3338));
#864=EDGE_LOOP('',(#3339,#3340,#3341,#3342,#3343,#3344,#3345,#3346,#3347,
#3348,#3349,#3350,#3351));
#865=EDGE_LOOP('',(#3352,#3353,#3354,#3355));
#866=EDGE_LOOP('',(#3356,#3357,#3358,#3359));
#867=EDGE_LOOP('',(#3360,#3361,#3362,#3363));
#868=EDGE_LOOP('',(#3364,#3365,#3366,#3367));
#869=EDGE_LOOP('',(#3368,#3369,#3370,#3371));
#870=EDGE_LOOP('',(#3372,#3373,#3374,#3375));
#871=EDGE_LOOP('',(#3376,#3377,#3378,#3379));
#872=EDGE_LOOP('',(#3380,#3381,#3382,#3383));
#873=EDGE_LOOP('',(#3384,#3385,#3386,#3387));
#874=EDGE_LOOP('',(#3388,#3389,#3390,#3391));
#875=EDGE_LOOP('',(#3392,#3393,#3394,#3395));
#876=EDGE_LOOP('',(#3396,#3397,#3398,#3399));
#877=EDGE_LOOP('',(#3400,#3401,#3402,#3403));
#878=EDGE_LOOP('',(#3404,#3405,#3406,#3407));
#879=EDGE_LOOP('',(#3408,#3409,#3410,#3411));
#880=EDGE_LOOP('',(#3412,#3413,#3414,#3415));
#881=EDGE_LOOP('',(#3416,#3417,#3418,#3419));
#882=EDGE_LOOP('',(#3420,#3421,#3422,#3423));
#883=EDGE_LOOP('',(#3424,#3425,#3426,#3427));
#884=EDGE_LOOP('',(#3428,#3429,#3430,#3431));
#885=EDGE_LOOP('',(#3432,#3433,#3434,#3435));
#886=EDGE_LOOP('',(#3436,#3437,#3438,#3439));
#887=EDGE_LOOP('',(#3440,#3441,#3442,#3443));
#888=EDGE_LOOP('',(#3444,#3445,#3446,#3447));
#889=EDGE_LOOP('',(#3448,#3449,#3450,#3451));
#890=EDGE_LOOP('',(#3452,#3453,#3454,#3455));
#891=EDGE_LOOP('',(#3456,#3457,#3458,#3459));
#892=EDGE_LOOP('',(#3460,#3461,#3462,#3463));
#893=EDGE_LOOP('',(#3464,#3465,#3466,#3467));
#894=EDGE_LOOP('',(#3468,#3469,#3470,#3471));
#895=EDGE_LOOP('',(#3472,#3473,#3474,#3475));
#896=EDGE_LOOP('',(#3476,#3477,#3478,#3479));
#897=EDGE_LOOP('',(#3480,#3481,#3482,#3483));
#898=EDGE_LOOP('',(#3484,#3485,#3486,#3487));
#899=EDGE_LOOP('',(#3488,#3489,#3490,#3491));
#900=EDGE_LOOP('',(#3492,#3493,#3494,#3495));
#901=EDGE_LOOP('',(#3496,#3497,#3498,#3499));
#902=EDGE_LOOP('',(#3500,#3501,#3502,#3503,#3504,#3505,#3506,#3507,#3508,
#3509,#3510,#3511,#3512,#3513,#3514));
#903=EDGE_LOOP('',(#3515,#3516,#3517,#3518,#3519));
#904=EDGE_LOOP('',(#3520,#3521,#3522,#3523,#3524,#3525,#3526,#3527,#3528,
#3529,#3530,#3531,#3532,#3533,#3534));
#905=EDGE_LOOP('',(#3535,#3536,#3537,#3538,#3539));
#906=EDGE_LOOP('',(#3540,#3541,#3542,#3543));
#907=EDGE_LOOP('',(#3544,#3545,#3546,#3547));
#908=EDGE_LOOP('',(#3548,#3549,#3550,#3551));
#909=EDGE_LOOP('',(#3552,#3553,#3554,#3555));
#910=EDGE_LOOP('',(#3556,#3557,#3558,#3559));
#911=EDGE_LOOP('',(#3560,#3561,#3562,#3563));
#912=EDGE_LOOP('',(#3564,#3565,#3566,#3567));
#913=EDGE_LOOP('',(#3568,#3569,#3570,#3571));
#914=EDGE_LOOP('',(#3572,#3573,#3574,#3575));
#915=EDGE_LOOP('',(#3576,#3577,#3578,#3579));
#916=EDGE_LOOP('',(#3580,#3581,#3582,#3583));
#917=EDGE_LOOP('',(#3584,#3585,#3586,#3587));
#918=EDGE_LOOP('',(#3588,#3589,#3590,#3591));
#919=EDGE_LOOP('',(#3592,#3593,#3594,#3595));
#920=EDGE_LOOP('',(#3596,#3597,#3598,#3599));
#921=EDGE_LOOP('',(#3600,#3601,#3602,#3603));
#922=EDGE_LOOP('',(#3604,#3605,#3606,#3607));
#923=EDGE_LOOP('',(#3608,#3609,#3610,#3611));
#924=EDGE_LOOP('',(#3612,#3613,#3614,#3615));
#925=EDGE_LOOP('',(#3616,#3617,#3618,#3619));
#926=EDGE_LOOP('',(#3620,#3621,#3622,#3623,#3624,#3625,#3626,#3627,#3628,
#3629,#3630,#3631,#3632,#3633,#3634));
#927=EDGE_LOOP('',(#3635,#3636,#3637,#3638,#3639));
#928=EDGE_LOOP('',(#3640,#3641,#3642,#3643,#3644,#3645,#3646,#3647,#3648,
#3649,#3650,#3651,#3652,#3653,#3654));
#929=EDGE_LOOP('',(#3655,#3656,#3657,#3658,#3659));
#930=EDGE_LOOP('',(#3660,#3661,#3662,#3663));
#931=EDGE_LOOP('',(#3664,#3665,#3666,#3667));
#932=EDGE_LOOP('',(#3668,#3669,#3670,#3671));
#933=EDGE_LOOP('',(#3672,#3673,#3674,#3675));
#934=EDGE_LOOP('',(#3676,#3677,#3678,#3679));
#935=EDGE_LOOP('',(#3680,#3681,#3682,#3683));
#936=EDGE_LOOP('',(#3684,#3685,#3686,#3687));
#937=EDGE_LOOP('',(#3688,#3689,#3690,#3691));
#938=EDGE_LOOP('',(#3692,#3693,#3694,#3695));
#939=EDGE_LOOP('',(#3696,#3697,#3698,#3699));
#940=EDGE_LOOP('',(#3700,#3701,#3702,#3703));
#941=EDGE_LOOP('',(#3704,#3705,#3706,#3707));
#942=EDGE_LOOP('',(#3708,#3709,#3710,#3711));
#943=EDGE_LOOP('',(#3712,#3713,#3714,#3715));
#944=EDGE_LOOP('',(#3716,#3717,#3718,#3719));
#945=EDGE_LOOP('',(#3720,#3721,#3722,#3723));
#946=EDGE_LOOP('',(#3724,#3725,#3726,#3727));
#947=EDGE_LOOP('',(#3728,#3729,#3730,#3731));
#948=EDGE_LOOP('',(#3732,#3733,#3734,#3735));
#949=EDGE_LOOP('',(#3736,#3737,#3738,#3739));
#950=EDGE_LOOP('',(#3740,#3741,#3742,#3743));
#951=EDGE_LOOP('',(#3744,#3745,#3746,#3747));
#952=EDGE_LOOP('',(#3748,#3749,#3750,#3751,#3752,#3753,#3754,#3755,#3756,
#3757,#3758,#3759,#3760,#3761,#3762,#3763,#3764,#3765,#3766,#3767,#3768,
#3769));
#953=EDGE_LOOP('',(#3770,#3771,#3772,#3773,#3774,#3775,#3776,#3777,#3778,
#3779,#3780,#3781,#3782,#3783,#3784,#3785,#3786,#3787,#3788,#3789,#3790,
#3791));
#954=EDGE_LOOP('',(#3792,#3793,#3794,#3795));
#955=EDGE_LOOP('',(#3796,#3797,#3798,#3799));
#956=EDGE_LOOP('',(#3800,#3801,#3802,#3803));
#957=EDGE_LOOP('',(#3804,#3805,#3806,#3807));
#958=EDGE_LOOP('',(#3808,#3809,#3810,#3811));
#959=EDGE_LOOP('',(#3812,#3813,#3814,#3815));
#960=EDGE_LOOP('',(#3816,#3817,#3818,#3819));
#961=EDGE_LOOP('',(#3820,#3821,#3822,#3823));
#962=EDGE_LOOP('',(#3824,#3825,#3826,#3827));
#963=EDGE_LOOP('',(#3828,#3829,#3830,#3831));
#964=EDGE_LOOP('',(#3832,#3833,#3834,#3835));
#965=EDGE_LOOP('',(#3836,#3837,#3838,#3839));
#966=EDGE_LOOP('',(#3840,#3841,#3842,#3843));
#967=EDGE_LOOP('',(#3844,#3845,#3846,#3847));
#968=EDGE_LOOP('',(#3848,#3849,#3850,#3851));
#969=EDGE_LOOP('',(#3852,#3853,#3854,#3855,#3856,#3857,#3858,#3859,#3860));
#970=EDGE_LOOP('',(#3861,#3862,#3863,#3864,#3865,#3866,#3867,#3868,#3869));
#971=EDGE_LOOP('',(#3870,#3871,#3872,#3873));
#972=EDGE_LOOP('',(#3874,#3875,#3876,#3877));
#973=EDGE_LOOP('',(#3878,#3879,#3880,#3881));
#974=EDGE_LOOP('',(#3882,#3883,#3884,#3885));
#975=EDGE_LOOP('',(#3886,#3887,#3888,#3889));
#976=EDGE_LOOP('',(#3890,#3891,#3892,#3893));
#977=EDGE_LOOP('',(#3894,#3895,#3896,#3897));
#978=EDGE_LOOP('',(#3898,#3899,#3900,#3901));
#979=EDGE_LOOP('',(#3902,#3903,#3904,#3905));
#980=EDGE_LOOP('',(#3906,#3907,#3908,#3909));
#981=EDGE_LOOP('',(#3910,#3911,#3912,#3913));
#982=EDGE_LOOP('',(#3914,#3915,#3916,#3917));
#983=EDGE_LOOP('',(#3918,#3919,#3920,#3921));
#984=EDGE_LOOP('',(#3922,#3923,#3924,#3925,#3926,#3927,#3928,#3929,#3930,
#3931,#3932,#3933,#3934));
#985=EDGE_LOOP('',(#3935,#3936,#3937,#3938,#3939,#3940,#3941,#3942,#3943,
#3944,#3945,#3946,#3947));
#986=LINE('',#5083,#1320);
#987=LINE('',#5085,#1321);
#988=LINE('',#5087,#1322);
#989=LINE('',#5088,#1323);
#990=LINE('',#5091,#1324);
#991=LINE('',#5093,#1325);
#992=LINE('',#5094,#1326);
#993=LINE('',#5097,#1327);
#994=LINE('',#5099,#1328);
#995=LINE('',#5100,#1329);
#996=LINE('',#5102,#1330);
#997=LINE('',#5103,#1331);
#998=LINE('',#5108,#1332);
#999=LINE('',#5110,#1333);
#1000=LINE('',#5112,#1334);
#1001=LINE('',#5113,#1335);
#1002=LINE('',#5131,#1336);
#1003=LINE('',#5154,#1337);
#1004=LINE('',#5177,#1338);
#1005=LINE('',#5200,#1339);
#1006=LINE('',#5208,#1340);
#1007=LINE('',#5210,#1341);
#1008=LINE('',#5211,#1342);
#1009=LINE('',#5229,#1343);
#1010=LINE('',#5252,#1344);
#1011=LINE('',#5275,#1345);
#1012=LINE('',#5283,#1346);
#1013=LINE('',#5285,#1347);
#1014=LINE('',#5286,#1348);
#1015=LINE('',#5289,#1349);
#1016=LINE('',#5291,#1350);
#1017=LINE('',#5292,#1351);
#1018=LINE('',#5295,#1352);
#1019=LINE('',#5297,#1353);
#1020=LINE('',#5298,#1354);
#1021=LINE('',#5300,#1355);
#1022=LINE('',#5301,#1356);
#1023=LINE('',#5321,#1357);
#1024=LINE('',#5328,#1358);
#1025=LINE('',#5346,#1359);
#1026=LINE('',#5369,#1360);
#1027=LINE('',#5377,#1361);
#1028=LINE('',#5379,#1362);
#1029=LINE('',#5380,#1363);
#1030=LINE('',#5419,#1364);
#1031=LINE('',#5426,#1365);
#1032=LINE('',#5444,#1366);
#1033=LINE('',#5467,#1367);
#1034=LINE('',#5475,#1368);
#1035=LINE('',#5477,#1369);
#1036=LINE('',#5478,#1370);
#1037=LINE('',#5496,#1371);
#1038=LINE('',#5519,#1372);
#1039=LINE('',#5542,#1373);
#1040=LINE('',#5565,#1374);
#1041=LINE('',#5588,#1375);
#1042=LINE('',#5611,#1376);
#1043=LINE('',#5634,#1377);
#1044=LINE('',#5657,#1378);
#1045=LINE('',#5680,#1379);
#1046=LINE('',#5688,#1380);
#1047=LINE('',#5690,#1381);
#1048=LINE('',#5691,#1382);
#1049=LINE('',#5716,#1383);
#1050=LINE('',#5718,#1384);
#1051=LINE('',#5720,#1385);
#1052=LINE('',#5721,#1386);
#1053=LINE('',#5724,#1387);
#1054=LINE('',#5726,#1388);
#1055=LINE('',#5727,#1389);
#1056=LINE('',#5730,#1390);
#1057=LINE('',#5732,#1391);
#1058=LINE('',#5733,#1392);
#1059=LINE('',#5751,#1393);
#1060=LINE('',#5774,#1394);
#1061=LINE('',#5782,#1395);
#1062=LINE('',#5784,#1396);
#1063=LINE('',#5785,#1397);
#1064=LINE('',#5788,#1398);
#1065=LINE('',#5790,#1399);
#1066=LINE('',#5791,#1400);
#1067=LINE('',#5794,#1401);
#1068=LINE('',#5796,#1402);
#1069=LINE('',#5797,#1403);
#1070=LINE('',#5799,#1404);
#1071=LINE('',#5800,#1405);
#1072=LINE('',#5820,#1406);
#1073=LINE('',#5827,#1407);
#1074=LINE('',#5845,#1408);
#1075=LINE('',#5868,#1409);
#1076=LINE('',#5876,#1410);
#1077=LINE('',#5878,#1411);
#1078=LINE('',#5879,#1412);
#1079=LINE('',#5918,#1413);
#1080=LINE('',#5925,#1414);
#1081=LINE('',#5943,#1415);
#1082=LINE('',#5966,#1416);
#1083=LINE('',#5974,#1417);
#1084=LINE('',#5976,#1418);
#1085=LINE('',#5977,#1419);
#1086=LINE('',#5995,#1420);
#1087=LINE('',#6018,#1421);
#1088=LINE('',#6041,#1422);
#1089=LINE('',#6064,#1423);
#1090=LINE('',#6087,#1424);
#1091=LINE('',#6110,#1425);
#1092=LINE('',#6133,#1426);
#1093=LINE('',#6156,#1427);
#1094=LINE('',#6179,#1428);
#1095=LINE('',#6187,#1429);
#1096=LINE('',#6189,#1430);
#1097=LINE('',#6190,#1431);
#1098=LINE('',#6230,#1432);
#1099=LINE('',#6237,#1433);
#1100=LINE('',#6255,#1434);
#1101=LINE('',#6278,#1435);
#1102=LINE('',#6301,#1436);
#1103=LINE('',#6324,#1437);
#1104=LINE('',#6347,#1438);
#1105=LINE('',#6370,#1439);
#1106=LINE('',#6393,#1440);
#1107=LINE('',#6416,#1441);
#1108=LINE('',#6424,#1442);
#1109=LINE('',#6426,#1443);
#1110=LINE('',#6427,#1444);
#1111=LINE('',#6445,#1445);
#1112=LINE('',#6468,#1446);
#1113=LINE('',#6491,#1447);
#1114=LINE('',#6514,#1448);
#1115=LINE('',#6537,#1449);
#1116=LINE('',#6560,#1450);
#1117=LINE('',#6583,#1451);
#1118=LINE('',#6606,#1452);
#1119=LINE('',#6629,#1453);
#1120=LINE('',#6652,#1454);
#1121=LINE('',#6660,#1455);
#1122=LINE('',#6662,#1456);
#1123=LINE('',#6663,#1457);
#1124=LINE('',#6691,#1458);
#1125=LINE('',#6700,#1459);
#1126=LINE('',#6707,#1460);
#1127=LINE('',#6711,#1461);
#1128=LINE('',#6728,#1462);
#1129=LINE('',#6731,#1463);
#1130=LINE('',#6734,#1464);
#1131=LINE('',#6738,#1465);
#1132=LINE('',#6742,#1466);
#1133=LINE('',#6746,#1467);
#1134=LINE('',#6750,#1468);
#1135=LINE('',#6754,#1469);
#1136=LINE('',#6757,#1470);
#1137=LINE('',#6760,#1471);
#1138=LINE('',#6762,#1472);
#1139=LINE('',#6764,#1473);
#1140=LINE('',#6765,#1474);
#1141=LINE('',#6770,#1475);
#1142=LINE('',#6771,#1476);
#1143=LINE('',#6774,#1477);
#1144=LINE('',#6776,#1478);
#1145=LINE('',#6777,#1479);
#1146=LINE('',#6780,#1480);
#1147=LINE('',#6784,#1481);
#1148=LINE('',#6788,#1482);
#1149=LINE('',#6792,#1483);
#1150=LINE('',#6796,#1484);
#1151=LINE('',#6800,#1485);
#1152=LINE('',#6804,#1486);
#1153=LINE('',#6809,#1487);
#1154=LINE('',#6813,#1488);
#1155=LINE('',#6817,#1489);
#1156=LINE('',#6824,#1490);
#1157=LINE('',#6826,#1491);
#1158=LINE('',#6828,#1492);
#1159=LINE('',#6830,#1493);
#1160=LINE('',#6831,#1494);
#1161=LINE('',#6833,#1495);
#1162=LINE('',#6836,#1496);
#1163=LINE('',#6840,#1497);
#1164=LINE('',#6844,#1498);
#1165=LINE('',#6851,#1499);
#1166=LINE('',#6855,#1500);
#1167=LINE('',#6858,#1501);
#1168=LINE('',#6860,#1502);
#1169=LINE('',#6862,#1503);
#1170=LINE('',#6864,#1504);
#1171=LINE('',#6866,#1505);
#1172=LINE('',#6868,#1506);
#1173=LINE('',#6870,#1507);
#1174=LINE('',#6873,#1508);
#1175=LINE('',#6875,#1509);
#1176=LINE('',#6877,#1510);
#1177=LINE('',#6879,#1511);
#1178=LINE('',#6881,#1512);
#1179=LINE('',#6883,#1513);
#1180=LINE('',#6885,#1514);
#1181=LINE('',#6887,#1515);
#1182=LINE('',#6892,#1516);
#1183=LINE('',#6894,#1517);
#1184=LINE('',#6896,#1518);
#1185=LINE('',#6897,#1519);
#1186=LINE('',#6920,#1520);
#1187=LINE('',#6943,#1521);
#1188=LINE('',#6966,#1522);
#1189=LINE('',#6990,#1523);
#1190=LINE('',#6992,#1524);
#1191=LINE('',#6994,#1525);
#1192=LINE('',#6995,#1526);
#1193=LINE('',#7018,#1527);
#1194=LINE('',#7041,#1528);
#1195=LINE('',#7064,#1529);
#1196=LINE('',#7087,#1530);
#1197=LINE('',#7110,#1531);
#1198=LINE('',#7133,#1532);
#1199=LINE('',#7156,#1533);
#1200=LINE('',#7179,#1534);
#1201=LINE('',#7202,#1535);
#1202=LINE('',#7205,#1536);
#1203=LINE('',#7207,#1537);
#1204=LINE('',#7208,#1538);
#1205=LINE('',#7231,#1539);
#1206=LINE('',#7254,#1540);
#1207=LINE('',#7277,#1541);
#1208=LINE('',#7303,#1542);
#1209=LINE('',#7305,#1543);
#1210=LINE('',#7307,#1544);
#1211=LINE('',#7308,#1545);
#1212=LINE('',#7331,#1546);
#1213=LINE('',#7354,#1547);
#1214=LINE('',#7377,#1548);
#1215=LINE('',#7401,#1549);
#1216=LINE('',#7403,#1550);
#1217=LINE('',#7405,#1551);
#1218=LINE('',#7406,#1552);
#1219=LINE('',#7429,#1553);
#1220=LINE('',#7452,#1554);
#1221=LINE('',#7475,#1555);
#1222=LINE('',#7498,#1556);
#1223=LINE('',#7521,#1557);
#1224=LINE('',#7544,#1558);
#1225=LINE('',#7567,#1559);
#1226=LINE('',#7590,#1560);
#1227=LINE('',#7613,#1561);
#1228=LINE('',#7616,#1562);
#1229=LINE('',#7618,#1563);
#1230=LINE('',#7619,#1564);
#1231=LINE('',#7642,#1565);
#1232=LINE('',#7665,#1566);
#1233=LINE('',#7688,#1567);
#1234=LINE('',#7714,#1568);
#1235=LINE('',#7716,#1569);
#1236=LINE('',#7718,#1570);
#1237=LINE('',#7719,#1571);
#1238=LINE('',#7742,#1572);
#1239=LINE('',#7765,#1573);
#1240=LINE('',#7788,#1574);
#1241=LINE('',#7811,#1575);
#1242=LINE('',#7834,#1576);
#1243=LINE('',#7857,#1577);
#1244=LINE('',#7880,#1578);
#1245=LINE('',#7903,#1579);
#1246=LINE('',#7926,#1580);
#1247=LINE('',#7949,#1581);
#1248=LINE('',#7952,#1582);
#1249=LINE('',#7954,#1583);
#1250=LINE('',#7955,#1584);
#1251=LINE('',#7978,#1585);
#1252=LINE('',#8001,#1586);
#1253=LINE('',#8024,#1587);
#1254=LINE('',#8047,#1588);
#1255=LINE('',#8070,#1589);
#1256=LINE('',#8093,#1590);
#1257=LINE('',#8116,#1591);
#1258=LINE('',#8139,#1592);
#1259=LINE('',#8162,#1593);
#1260=LINE('',#8188,#1594);
#1261=LINE('',#8190,#1595);
#1262=LINE('',#8192,#1596);
#1263=LINE('',#8193,#1597);
#1264=LINE('',#8196,#1598);
#1265=LINE('',#8198,#1599);
#1266=LINE('',#8199,#1600);
#1267=LINE('',#8202,#1601);
#1268=LINE('',#8204,#1602);
#1269=LINE('',#8205,#1603);
#1270=LINE('',#8207,#1604);
#1271=LINE('',#8208,#1605);
#1272=LINE('',#8214,#1606);
#1273=LINE('',#8216,#1607);
#1274=LINE('',#8218,#1608);
#1275=LINE('',#8219,#1609);
#1276=LINE('',#8222,#1610);
#1277=LINE('',#8224,#1611);
#1278=LINE('',#8225,#1612);
#1279=LINE('',#8228,#1613);
#1280=LINE('',#8230,#1614);
#1281=LINE('',#8231,#1615);
#1282=LINE('',#8254,#1616);
#1283=LINE('',#8277,#1617);
#1284=LINE('',#8280,#1618);
#1285=LINE('',#8282,#1619);
#1286=LINE('',#8283,#1620);
#1287=LINE('',#8286,#1621);
#1288=LINE('',#8288,#1622);
#1289=LINE('',#8289,#1623);
#1290=LINE('',#8292,#1624);
#1291=LINE('',#8294,#1625);
#1292=LINE('',#8295,#1626);
#1293=LINE('',#8297,#1627);
#1294=LINE('',#8298,#1628);
#1295=LINE('',#8304,#1629);
#1296=LINE('',#8306,#1630);
#1297=LINE('',#8308,#1631);
#1298=LINE('',#8309,#1632);
#1299=LINE('',#8312,#1633);
#1300=LINE('',#8314,#1634);
#1301=LINE('',#8315,#1635);
#1302=LINE('',#8318,#1636);
#1303=LINE('',#8320,#1637);
#1304=LINE('',#8321,#1638);
#1305=LINE('',#8344,#1639);
#1306=LINE('',#8367,#1640);
#1307=LINE('',#8390,#1641);
#1308=LINE('',#8393,#1642);
#1309=LINE('',#8395,#1643);
#1310=LINE('',#8396,#1644);
#1311=LINE('',#8419,#1645);
#1312=LINE('',#8442,#1646);
#1313=LINE('',#8465,#1647);
#1314=LINE('',#8488,#1648);
#1315=LINE('',#8491,#1649);
#1316=LINE('',#8493,#1650);
#1317=LINE('',#8494,#1651);
#1318=LINE('',#8496,#1652);
#1319=LINE('',#8497,#1653);
#1320=VECTOR('',#4447,10.);
#1321=VECTOR('',#4448,10.);
#1322=VECTOR('',#4449,10.);
#1323=VECTOR('',#4450,10.);
#1324=VECTOR('',#4453,10.);
#1325=VECTOR('',#4454,10.);
#1326=VECTOR('',#4455,10.);
#1327=VECTOR('',#4458,10.);
#1328=VECTOR('',#4459,10.);
#1329=VECTOR('',#4460,10.);
#1330=VECTOR('',#4463,10.);
#1331=VECTOR('',#4464,10.);
#1332=VECTOR('',#4469,10.);
#1333=VECTOR('',#4470,10.);
#1334=VECTOR('',#4471,10.);
#1335=VECTOR('',#4472,10.);
#1336=VECTOR('',#4473,10.);
#1337=VECTOR('',#4474,10.);
#1338=VECTOR('',#4475,10.);
#1339=VECTOR('',#4476,10.);
#1340=VECTOR('',#4479,10.);
#1341=VECTOR('',#4480,10.);
#1342=VECTOR('',#4481,10.);
#1343=VECTOR('',#4482,10.);
#1344=VECTOR('',#4483,10.);
#1345=VECTOR('',#4484,10.);
#1346=VECTOR('',#4487,10.);
#1347=VECTOR('',#4488,10.);
#1348=VECTOR('',#4489,10.);
#1349=VECTOR('',#4492,10.);
#1350=VECTOR('',#4493,10.);
#1351=VECTOR('',#4494,10.);
#1352=VECTOR('',#4497,10.);
#1353=VECTOR('',#4498,10.);
#1354=VECTOR('',#4499,10.);
#1355=VECTOR('',#4502,10.);
#1356=VECTOR('',#4503,10.);
#1357=VECTOR('',#4506,10.);
#1358=VECTOR('',#4507,10.);
#1359=VECTOR('',#4508,10.);
#1360=VECTOR('',#4509,10.);
#1361=VECTOR('',#4512,10.);
#1362=VECTOR('',#4513,10.);
#1363=VECTOR('',#4514,10.);
#1364=VECTOR('',#4515,10.);
#1365=VECTOR('',#4516,10.);
#1366=VECTOR('',#4517,10.);
#1367=VECTOR('',#4518,10.);
#1368=VECTOR('',#4521,10.);
#1369=VECTOR('',#4522,10.);
#1370=VECTOR('',#4523,10.);
#1371=VECTOR('',#4524,10.);
#1372=VECTOR('',#4525,10.);
#1373=VECTOR('',#4526,10.);
#1374=VECTOR('',#4527,10.);
#1375=VECTOR('',#4528,10.);
#1376=VECTOR('',#4529,10.);
#1377=VECTOR('',#4530,10.);
#1378=VECTOR('',#4531,10.);
#1379=VECTOR('',#4532,10.);
#1380=VECTOR('',#4535,10.);
#1381=VECTOR('',#4536,10.);
#1382=VECTOR('',#4537,10.);
#1383=VECTOR('',#4542,10.);
#1384=VECTOR('',#4543,10.);
#1385=VECTOR('',#4544,10.);
#1386=VECTOR('',#4545,10.);
#1387=VECTOR('',#4548,10.);
#1388=VECTOR('',#4549,10.);
#1389=VECTOR('',#4550,10.);
#1390=VECTOR('',#4553,10.);
#1391=VECTOR('',#4554,10.);
#1392=VECTOR('',#4555,10.);
#1393=VECTOR('',#4556,10.);
#1394=VECTOR('',#4557,10.);
#1395=VECTOR('',#4560,10.);
#1396=VECTOR('',#4561,10.);
#1397=VECTOR('',#4562,10.);
#1398=VECTOR('',#4565,10.);
#1399=VECTOR('',#4566,10.);
#1400=VECTOR('',#4567,10.);
#1401=VECTOR('',#4570,10.);
#1402=VECTOR('',#4571,10.);
#1403=VECTOR('',#4572,10.);
#1404=VECTOR('',#4575,10.);
#1405=VECTOR('',#4576,10.);
#1406=VECTOR('',#4579,10.);
#1407=VECTOR('',#4580,10.);
#1408=VECTOR('',#4581,10.);
#1409=VECTOR('',#4582,10.);
#1410=VECTOR('',#4585,10.);
#1411=VECTOR('',#4586,10.);
#1412=VECTOR('',#4587,10.);
#1413=VECTOR('',#4588,10.);
#1414=VECTOR('',#4589,10.);
#1415=VECTOR('',#4590,10.);
#1416=VECTOR('',#4591,10.);
#1417=VECTOR('',#4594,10.);
#1418=VECTOR('',#4595,10.);
#1419=VECTOR('',#4596,10.);
#1420=VECTOR('',#4597,10.);
#1421=VECTOR('',#4598,10.);
#1422=VECTOR('',#4599,10.);
#1423=VECTOR('',#4600,10.);
#1424=VECTOR('',#4601,10.);
#1425=VECTOR('',#4602,10.);
#1426=VECTOR('',#4603,10.);
#1427=VECTOR('',#4604,10.);
#1428=VECTOR('',#4605,10.);
#1429=VECTOR('',#4608,10.);
#1430=VECTOR('',#4609,10.);
#1431=VECTOR('',#4610,10.);
#1432=VECTOR('',#4613,10.);
#1433=VECTOR('',#4614,10.);
#1434=VECTOR('',#4615,10.);
#1435=VECTOR('',#4616,10.);
#1436=VECTOR('',#4617,10.);
#1437=VECTOR('',#4618,10.);
#1438=VECTOR('',#4619,10.);
#1439=VECTOR('',#4620,10.);
#1440=VECTOR('',#4621,10.);
#1441=VECTOR('',#4622,10.);
#1442=VECTOR('',#4625,10.);
#1443=VECTOR('',#4626,10.);
#1444=VECTOR('',#4627,10.);
#1445=VECTOR('',#4628,10.);
#1446=VECTOR('',#4629,10.);
#1447=VECTOR('',#4630,10.);
#1448=VECTOR('',#4631,10.);
#1449=VECTOR('',#4632,10.);
#1450=VECTOR('',#4633,10.);
#1451=VECTOR('',#4634,10.);
#1452=VECTOR('',#4635,10.);
#1453=VECTOR('',#4636,10.);
#1454=VECTOR('',#4637,10.);
#1455=VECTOR('',#4640,10.);
#1456=VECTOR('',#4641,10.);
#1457=VECTOR('',#4642,10.);
#1458=VECTOR('',#4653,3.);
#1459=VECTOR('',#4664,3.);
#1460=VECTOR('',#4673,2.35);
#1461=VECTOR('',#4678,2.35);
#1462=VECTOR('',#4697,10.);
#1463=VECTOR('',#4700,10.);
#1464=VECTOR('',#4703,10.);
#1465=VECTOR('',#4706,10.);
#1466=VECTOR('',#4709,10.);
#1467=VECTOR('',#4712,10.);
#1468=VECTOR('',#4715,10.);
#1469=VECTOR('',#4718,10.);
#1470=VECTOR('',#4721,10.);
#1471=VECTOR('',#4724,10.);
#1472=VECTOR('',#4725,10.);
#1473=VECTOR('',#4726,10.);
#1474=VECTOR('',#4727,10.);
#1475=VECTOR('',#4732,10.);
#1476=VECTOR('',#4733,10.);
#1477=VECTOR('',#4736,10.);
#1478=VECTOR('',#4737,10.);
#1479=VECTOR('',#4738,10.);
#1480=VECTOR('',#4741,10.);
#1481=VECTOR('',#4744,10.);
#1482=VECTOR('',#4747,10.);
#1483=VECTOR('',#4750,10.);
#1484=VECTOR('',#4753,10.);
#1485=VECTOR('',#4756,10.);
#1486=VECTOR('',#4759,10.);
#1487=VECTOR('',#4764,10.);
#1488=VECTOR('',#4767,10.);
#1489=VECTOR('',#4770,10.);
#1490=VECTOR('',#4779,10.);
#1491=VECTOR('',#4782,10.);
#1492=VECTOR('',#4785,10.);
#1493=VECTOR('',#4788,10.);
#1494=VECTOR('',#4789,10.);
#1495=VECTOR('',#4792,10.);
#1496=VECTOR('',#4797,10.);
#1497=VECTOR('',#4802,2.99999928474437);
#1498=VECTOR('',#4807,3.);
#1499=VECTOR('',#4814,10.);
#1500=VECTOR('',#4817,10.);
#1501=VECTOR('',#4820,10.);
#1502=VECTOR('',#4823,10.);
#1503=VECTOR('',#4826,10.);
#1504=VECTOR('',#4829,10.);
#1505=VECTOR('',#4832,10.);
#1506=VECTOR('',#4835,10.);
#1507=VECTOR('',#4838,10.);
#1508=VECTOR('',#4843,2.35);
#1509=VECTOR('',#4846,2.35);
#1510=VECTOR('',#4849,10.);
#1511=VECTOR('',#4852,10.);
#1512=VECTOR('',#4855,10.);
#1513=VECTOR('',#4858,10.);
#1514=VECTOR('',#4861,10.);
#1515=VECTOR('',#4864,10.);
#1516=VECTOR('',#4869,10.);
#1517=VECTOR('',#4870,10.);
#1518=VECTOR('',#4871,10.);
#1519=VECTOR('',#4872,10.);
#1520=VECTOR('',#4873,10.);
#1521=VECTOR('',#4874,10.);
#1522=VECTOR('',#4875,10.);
#1523=VECTOR('',#4878,10.);
#1524=VECTOR('',#4879,10.);
#1525=VECTOR('',#4880,10.);
#1526=VECTOR('',#4881,10.);
#1527=VECTOR('',#4882,10.);
#1528=VECTOR('',#4883,10.);
#1529=VECTOR('',#4884,10.);
#1530=VECTOR('',#4885,10.);
#1531=VECTOR('',#4886,10.);
#1532=VECTOR('',#4887,10.);
#1533=VECTOR('',#4888,10.);
#1534=VECTOR('',#4889,10.);
#1535=VECTOR('',#4890,10.);
#1536=VECTOR('',#4893,10.);
#1537=VECTOR('',#4894,10.);
#1538=VECTOR('',#4895,10.);
#1539=VECTOR('',#4896,10.);
#1540=VECTOR('',#4897,10.);
#1541=VECTOR('',#4898,10.);
#1542=VECTOR('',#4905,10.);
#1543=VECTOR('',#4906,10.);
#1544=VECTOR('',#4907,10.);
#1545=VECTOR('',#4908,10.);
#1546=VECTOR('',#4909,10.);
#1547=VECTOR('',#4910,10.);
#1548=VECTOR('',#4911,10.);
#1549=VECTOR('',#4914,10.);
#1550=VECTOR('',#4915,10.);
#1551=VECTOR('',#4916,10.);
#1552=VECTOR('',#4917,10.);
#1553=VECTOR('',#4918,10.);
#1554=VECTOR('',#4919,10.);
#1555=VECTOR('',#4920,10.);
#1556=VECTOR('',#4921,10.);
#1557=VECTOR('',#4922,10.);
#1558=VECTOR('',#4923,10.);
#1559=VECTOR('',#4924,10.);
#1560=VECTOR('',#4925,10.);
#1561=VECTOR('',#4926,10.);
#1562=VECTOR('',#4929,10.);
#1563=VECTOR('',#4930,10.);
#1564=VECTOR('',#4931,10.);
#1565=VECTOR('',#4932,10.);
#1566=VECTOR('',#4933,10.);
#1567=VECTOR('',#4934,10.);
#1568=VECTOR('',#4941,10.);
#1569=VECTOR('',#4942,10.);
#1570=VECTOR('',#4943,10.);
#1571=VECTOR('',#4944,10.);
#1572=VECTOR('',#4945,10.);
#1573=VECTOR('',#4946,10.);
#1574=VECTOR('',#4947,10.);
#1575=VECTOR('',#4948,10.);
#1576=VECTOR('',#4949,10.);
#1577=VECTOR('',#4950,10.);
#1578=VECTOR('',#4951,10.);
#1579=VECTOR('',#4952,10.);
#1580=VECTOR('',#4953,10.);
#1581=VECTOR('',#4954,10.);
#1582=VECTOR('',#4957,10.);
#1583=VECTOR('',#4958,10.);
#1584=VECTOR('',#4959,10.);
#1585=VECTOR('',#4960,10.);
#1586=VECTOR('',#4961,10.);
#1587=VECTOR('',#4962,10.);
#1588=VECTOR('',#4963,10.);
#1589=VECTOR('',#4964,10.);
#1590=VECTOR('',#4965,10.);
#1591=VECTOR('',#4966,10.);
#1592=VECTOR('',#4967,10.);
#1593=VECTOR('',#4968,10.);
#1594=VECTOR('',#4975,10.);
#1595=VECTOR('',#4976,10.);
#1596=VECTOR('',#4977,10.);
#1597=VECTOR('',#4978,10.);
#1598=VECTOR('',#4981,10.);
#1599=VECTOR('',#4982,10.);
#1600=VECTOR('',#4983,10.);
#1601=VECTOR('',#4986,10.);
#1602=VECTOR('',#4987,10.);
#1603=VECTOR('',#4988,10.);
#1604=VECTOR('',#4991,10.);
#1605=VECTOR('',#4992,10.);
#1606=VECTOR('',#4999,10.);
#1607=VECTOR('',#5000,10.);
#1608=VECTOR('',#5001,10.);
#1609=VECTOR('',#5002,10.);
#1610=VECTOR('',#5005,10.);
#1611=VECTOR('',#5006,10.);
#1612=VECTOR('',#5007,10.);
#1613=VECTOR('',#5010,10.);
#1614=VECTOR('',#5011,10.);
#1615=VECTOR('',#5012,10.);
#1616=VECTOR('',#5013,10.);
#1617=VECTOR('',#5014,10.);
#1618=VECTOR('',#5017,10.);
#1619=VECTOR('',#5018,10.);
#1620=VECTOR('',#5019,10.);
#1621=VECTOR('',#5022,10.);
#1622=VECTOR('',#5023,10.);
#1623=VECTOR('',#5024,10.);
#1624=VECTOR('',#5027,10.);
#1625=VECTOR('',#5028,10.);
#1626=VECTOR('',#5029,10.);
#1627=VECTOR('',#5032,10.);
#1628=VECTOR('',#5033,10.);
#1629=VECTOR('',#5040,10.);
#1630=VECTOR('',#5041,10.);
#1631=VECTOR('',#5042,10.);
#1632=VECTOR('',#5043,10.);
#1633=VECTOR('',#5046,10.);
#1634=VECTOR('',#5047,10.);
#1635=VECTOR('',#5048,10.);
#1636=VECTOR('',#5051,10.);
#1637=VECTOR('',#5052,10.);
#1638=VECTOR('',#5053,10.);
#1639=VECTOR('',#5054,10.);
#1640=VECTOR('',#5055,10.);
#1641=VECTOR('',#5056,10.);
#1642=VECTOR('',#5059,10.);
#1643=VECTOR('',#5060,10.);
#1644=VECTOR('',#5061,10.);
#1645=VECTOR('',#5062,10.);
#1646=VECTOR('',#5063,10.);
#1647=VECTOR('',#5064,10.);
#1648=VECTOR('',#5065,10.);
#1649=VECTOR('',#5068,10.);
#1650=VECTOR('',#5069,10.);
#1651=VECTOR('',#5070,10.);
#1652=VECTOR('',#5073,10.);
#1653=VECTOR('',#5074,10.);
#1654=VERTEX_POINT('',#5081);
#1655=VERTEX_POINT('',#5082);
#1656=VERTEX_POINT('',#5084);
#1657=VERTEX_POINT('',#5086);
#1658=VERTEX_POINT('',#5090);
#1659=VERTEX_POINT('',#5092);
#1660=VERTEX_POINT('',#5096);
#1661=VERTEX_POINT('',#5098);
#1662=VERTEX_POINT('',#5106);
#1663=VERTEX_POINT('',#5107);
#1664=VERTEX_POINT('',#5109);
#1665=VERTEX_POINT('',#5111);
#1666=VERTEX_POINT('',#5124);
#1667=VERTEX_POINT('',#5130);
#1668=VERTEX_POINT('',#5147);
#1669=VERTEX_POINT('',#5153);
#1670=VERTEX_POINT('',#5170);
#1671=VERTEX_POINT('',#5176);
#1672=VERTEX_POINT('',#5193);
#1673=VERTEX_POINT('',#5199);
#1674=VERTEX_POINT('',#5207);
#1675=VERTEX_POINT('',#5209);
#1676=VERTEX_POINT('',#5222);
#1677=VERTEX_POINT('',#5228);
#1678=VERTEX_POINT('',#5245);
#1679=VERTEX_POINT('',#5251);
#1680=VERTEX_POINT('',#5268);
#1681=VERTEX_POINT('',#5274);
#1682=VERTEX_POINT('',#5282);
#1683=VERTEX_POINT('',#5284);
#1684=VERTEX_POINT('',#5288);
#1685=VERTEX_POINT('',#5290);
#1686=VERTEX_POINT('',#5294);
#1687=VERTEX_POINT('',#5296);
#1688=VERTEX_POINT('',#5313);
#1689=VERTEX_POINT('',#5314);
#1690=VERTEX_POINT('',#5320);
#1691=VERTEX_POINT('',#5322);
#1692=VERTEX_POINT('',#5339);
#1693=VERTEX_POINT('',#5345);
#1694=VERTEX_POINT('',#5362);
#1695=VERTEX_POINT('',#5368);
#1696=VERTEX_POINT('',#5376);
#1697=VERTEX_POINT('',#5378);
#1698=VERTEX_POINT('',#5411);
#1699=VERTEX_POINT('',#5412);
#1700=VERTEX_POINT('',#5418);
#1701=VERTEX_POINT('',#5420);
#1702=VERTEX_POINT('',#5437);
#1703=VERTEX_POINT('',#5443);
#1704=VERTEX_POINT('',#5460);
#1705=VERTEX_POINT('',#5466);
#1706=VERTEX_POINT('',#5474);
#1707=VERTEX_POINT('',#5476);
#1708=VERTEX_POINT('',#5489);
#1709=VERTEX_POINT('',#5495);
#1710=VERTEX_POINT('',#5512);
#1711=VERTEX_POINT('',#5518);
#1712=VERTEX_POINT('',#5535);
#1713=VERTEX_POINT('',#5541);
#1714=VERTEX_POINT('',#5558);
#1715=VERTEX_POINT('',#5564);
#1716=VERTEX_POINT('',#5581);
#1717=VERTEX_POINT('',#5587);
#1718=VERTEX_POINT('',#5604);
#1719=VERTEX_POINT('',#5610);
#1720=VERTEX_POINT('',#5627);
#1721=VERTEX_POINT('',#5633);
#1722=VERTEX_POINT('',#5650);
#1723=VERTEX_POINT('',#5656);
#1724=VERTEX_POINT('',#5673);
#1725=VERTEX_POINT('',#5679);
#1726=VERTEX_POINT('',#5687);
#1727=VERTEX_POINT('',#5689);
#1728=VERTEX_POINT('',#5714);
#1729=VERTEX_POINT('',#5715);
#1730=VERTEX_POINT('',#5717);
#1731=VERTEX_POINT('',#5719);
#1732=VERTEX_POINT('',#5723);
#1733=VERTEX_POINT('',#5725);
#1734=VERTEX_POINT('',#5729);
#1735=VERTEX_POINT('',#5731);
#1736=VERTEX_POINT('',#5744);
#1737=VERTEX_POINT('',#5750);
#1738=VERTEX_POINT('',#5767);
#1739=VERTEX_POINT('',#5773);
#1740=VERTEX_POINT('',#5781);
#1741=VERTEX_POINT('',#5783);
#1742=VERTEX_POINT('',#5787);
#1743=VERTEX_POINT('',#5789);
#1744=VERTEX_POINT('',#5793);
#1745=VERTEX_POINT('',#5795);
#1746=VERTEX_POINT('',#5812);
#1747=VERTEX_POINT('',#5813);
#1748=VERTEX_POINT('',#5819);
#1749=VERTEX_POINT('',#5821);
#1750=VERTEX_POINT('',#5838);
#1751=VERTEX_POINT('',#5844);
#1752=VERTEX_POINT('',#5861);
#1753=VERTEX_POINT('',#5867);
#1754=VERTEX_POINT('',#5875);
#1755=VERTEX_POINT('',#5877);
#1756=VERTEX_POINT('',#5910);
#1757=VERTEX_POINT('',#5911);
#1758=VERTEX_POINT('',#5917);
#1759=VERTEX_POINT('',#5919);
#1760=VERTEX_POINT('',#5936);
#1761=VERTEX_POINT('',#5942);
#1762=VERTEX_POINT('',#5959);
#1763=VERTEX_POINT('',#5965);
#1764=VERTEX_POINT('',#5973);
#1765=VERTEX_POINT('',#5975);
#1766=VERTEX_POINT('',#5988);
#1767=VERTEX_POINT('',#5994);
#1768=VERTEX_POINT('',#6011);
#1769=VERTEX_POINT('',#6017);
#1770=VERTEX_POINT('',#6034);
#1771=VERTEX_POINT('',#6040);
#1772=VERTEX_POINT('',#6057);
#1773=VERTEX_POINT('',#6063);
#1774=VERTEX_POINT('',#6080);
#1775=VERTEX_POINT('',#6086);
#1776=VERTEX_POINT('',#6103);
#1777=VERTEX_POINT('',#6109);
#1778=VERTEX_POINT('',#6126);
#1779=VERTEX_POINT('',#6132);
#1780=VERTEX_POINT('',#6149);
#1781=VERTEX_POINT('',#6155);
#1782=VERTEX_POINT('',#6172);
#1783=VERTEX_POINT('',#6178);
#1784=VERTEX_POINT('',#6186);
#1785=VERTEX_POINT('',#6188);
#1786=VERTEX_POINT('',#6222);
#1787=VERTEX_POINT('',#6223);
#1788=VERTEX_POINT('',#6229);
#1789=VERTEX_POINT('',#6231);
#1790=VERTEX_POINT('',#6248);
#1791=VERTEX_POINT('',#6254);
#1792=VERTEX_POINT('',#6271);
#1793=VERTEX_POINT('',#6277);
#1794=VERTEX_POINT('',#6294);
#1795=VERTEX_POINT('',#6300);
#1796=VERTEX_POINT('',#6317);
#1797=VERTEX_POINT('',#6323);
#1798=VERTEX_POINT('',#6340);
#1799=VERTEX_POINT('',#6346);
#1800=VERTEX_POINT('',#6363);
#1801=VERTEX_POINT('',#6369);
#1802=VERTEX_POINT('',#6386);
#1803=VERTEX_POINT('',#6392);
#1804=VERTEX_POINT('',#6409);
#1805=VERTEX_POINT('',#6415);
#1806=VERTEX_POINT('',#6423);
#1807=VERTEX_POINT('',#6425);
#1808=VERTEX_POINT('',#6438);
#1809=VERTEX_POINT('',#6444);
#1810=VERTEX_POINT('',#6461);
#1811=VERTEX_POINT('',#6467);
#1812=VERTEX_POINT('',#6484);
#1813=VERTEX_POINT('',#6490);
#1814=VERTEX_POINT('',#6507);
#1815=VERTEX_POINT('',#6513);
#1816=VERTEX_POINT('',#6530);
#1817=VERTEX_POINT('',#6536);
#1818=VERTEX_POINT('',#6553);
#1819=VERTEX_POINT('',#6559);
#1820=VERTEX_POINT('',#6576);
#1821=VERTEX_POINT('',#6582);
#1822=VERTEX_POINT('',#6599);
#1823=VERTEX_POINT('',#6605);
#1824=VERTEX_POINT('',#6622);
#1825=VERTEX_POINT('',#6628);
#1826=VERTEX_POINT('',#6645);
#1827=VERTEX_POINT('',#6651);
#1828=VERTEX_POINT('',#6659);
#1829=VERTEX_POINT('',#6661);
#1830=VERTEX_POINT('',#6688);
#1831=VERTEX_POINT('',#6690);
#1832=VERTEX_POINT('',#6694);
#1833=VERTEX_POINT('',#6697);
#1834=VERTEX_POINT('',#6699);
#1835=VERTEX_POINT('',#6703);
#1836=VERTEX_POINT('',#6706);
#1837=VERTEX_POINT('',#6710);
#1838=VERTEX_POINT('',#6714);
#1839=VERTEX_POINT('',#6716);
#1840=VERTEX_POINT('',#6719);
#1841=VERTEX_POINT('',#6721);
#1842=VERTEX_POINT('',#6724);
#1843=VERTEX_POINT('',#6725);
#1844=VERTEX_POINT('',#6727);
#1845=VERTEX_POINT('',#6729);
#1846=VERTEX_POINT('',#6733);
#1847=VERTEX_POINT('',#6735);
#1848=VERTEX_POINT('',#6737);
#1849=VERTEX_POINT('',#6739);
#1850=VERTEX_POINT('',#6741);
#1851=VERTEX_POINT('',#6743);
#1852=VERTEX_POINT('',#6745);
#1853=VERTEX_POINT('',#6747);
#1854=VERTEX_POINT('',#6749);
#1855=VERTEX_POINT('',#6751);
#1856=VERTEX_POINT('',#6753);
#1857=VERTEX_POINT('',#6755);
#1858=VERTEX_POINT('',#6759);
#1859=VERTEX_POINT('',#6761);
#1860=VERTEX_POINT('',#6763);
#1861=VERTEX_POINT('',#6767);
#1862=VERTEX_POINT('',#6768);
#1863=VERTEX_POINT('',#6773);
#1864=VERTEX_POINT('',#6775);
#1865=VERTEX_POINT('',#6779);
#1866=VERTEX_POINT('',#6781);
#1867=VERTEX_POINT('',#6783);
#1868=VERTEX_POINT('',#6785);
#1869=VERTEX_POINT('',#6787);
#1870=VERTEX_POINT('',#6789);
#1871=VERTEX_POINT('',#6791);
#1872=VERTEX_POINT('',#6793);
#1873=VERTEX_POINT('',#6795);
#1874=VERTEX_POINT('',#6797);
#1875=VERTEX_POINT('',#6799);
#1876=VERTEX_POINT('',#6801);
#1877=VERTEX_POINT('',#6803);
#1878=VERTEX_POINT('',#6806);
#1879=VERTEX_POINT('',#6808);
#1880=VERTEX_POINT('',#6810);
#1881=VERTEX_POINT('',#6812);
#1882=VERTEX_POINT('',#6814);
#1883=VERTEX_POINT('',#6816);
#1884=VERTEX_POINT('',#6819);
#1885=VERTEX_POINT('',#6821);
#1886=VERTEX_POINT('',#6838);
#1887=VERTEX_POINT('',#6842);
#1888=VERTEX_POINT('',#6846);
#1889=VERTEX_POINT('',#6848);
#1890=VERTEX_POINT('',#6850);
#1891=VERTEX_POINT('',#6852);
#1892=VERTEX_POINT('',#6854);
#1893=VERTEX_POINT('',#6856);
#1894=VERTEX_POINT('',#6890);
#1895=VERTEX_POINT('',#6891);
#1896=VERTEX_POINT('',#6893);
#1897=VERTEX_POINT('',#6895);
#1898=VERTEX_POINT('',#6908);
#1899=VERTEX_POINT('',#6914);
#1900=VERTEX_POINT('',#6931);
#1901=VERTEX_POINT('',#6937);
#1902=VERTEX_POINT('',#6954);
#1903=VERTEX_POINT('',#6960);
#1904=VERTEX_POINT('',#6988);
#1905=VERTEX_POINT('',#6989);
#1906=VERTEX_POINT('',#6991);
#1907=VERTEX_POINT('',#6993);
#1908=VERTEX_POINT('',#7006);
#1909=VERTEX_POINT('',#7012);
#1910=VERTEX_POINT('',#7029);
#1911=VERTEX_POINT('',#7035);
#1912=VERTEX_POINT('',#7052);
#1913=VERTEX_POINT('',#7058);
#1914=VERTEX_POINT('',#7075);
#1915=VERTEX_POINT('',#7081);
#1916=VERTEX_POINT('',#7098);
#1917=VERTEX_POINT('',#7104);
#1918=VERTEX_POINT('',#7121);
#1919=VERTEX_POINT('',#7127);
#1920=VERTEX_POINT('',#7144);
#1921=VERTEX_POINT('',#7150);
#1922=VERTEX_POINT('',#7167);
#1923=VERTEX_POINT('',#7173);
#1924=VERTEX_POINT('',#7190);
#1925=VERTEX_POINT('',#7196);
#1926=VERTEX_POINT('',#7204);
#1927=VERTEX_POINT('',#7206);
#1928=VERTEX_POINT('',#7219);
#1929=VERTEX_POINT('',#7225);
#1930=VERTEX_POINT('',#7242);
#1931=VERTEX_POINT('',#7248);
#1932=VERTEX_POINT('',#7265);
#1933=VERTEX_POINT('',#7271);
#1934=VERTEX_POINT('',#7301);
#1935=VERTEX_POINT('',#7302);
#1936=VERTEX_POINT('',#7304);
#1937=VERTEX_POINT('',#7306);
#1938=VERTEX_POINT('',#7319);
#1939=VERTEX_POINT('',#7325);
#1940=VERTEX_POINT('',#7342);
#1941=VERTEX_POINT('',#7348);
#1942=VERTEX_POINT('',#7365);
#1943=VERTEX_POINT('',#7371);
#1944=VERTEX_POINT('',#7399);
#1945=VERTEX_POINT('',#7400);
#1946=VERTEX_POINT('',#7402);
#1947=VERTEX_POINT('',#7404);
#1948=VERTEX_POINT('',#7417);
#1949=VERTEX_POINT('',#7423);
#1950=VERTEX_POINT('',#7440);
#1951=VERTEX_POINT('',#7446);
#1952=VERTEX_POINT('',#7463);
#1953=VERTEX_POINT('',#7469);
#1954=VERTEX_POINT('',#7486);
#1955=VERTEX_POINT('',#7492);
#1956=VERTEX_POINT('',#7509);
#1957=VERTEX_POINT('',#7515);
#1958=VERTEX_POINT('',#7532);
#1959=VERTEX_POINT('',#7538);
#1960=VERTEX_POINT('',#7555);
#1961=VERTEX_POINT('',#7561);
#1962=VERTEX_POINT('',#7578);
#1963=VERTEX_POINT('',#7584);
#1964=VERTEX_POINT('',#7601);
#1965=VERTEX_POINT('',#7607);
#1966=VERTEX_POINT('',#7615);
#1967=VERTEX_POINT('',#7617);
#1968=VERTEX_POINT('',#7630);
#1969=VERTEX_POINT('',#7636);
#1970=VERTEX_POINT('',#7653);
#1971=VERTEX_POINT('',#7659);
#1972=VERTEX_POINT('',#7676);
#1973=VERTEX_POINT('',#7682);
#1974=VERTEX_POINT('',#7712);
#1975=VERTEX_POINT('',#7713);
#1976=VERTEX_POINT('',#7715);
#1977=VERTEX_POINT('',#7717);
#1978=VERTEX_POINT('',#7730);
#1979=VERTEX_POINT('',#7736);
#1980=VERTEX_POINT('',#7753);
#1981=VERTEX_POINT('',#7759);
#1982=VERTEX_POINT('',#7776);
#1983=VERTEX_POINT('',#7782);
#1984=VERTEX_POINT('',#7799);
#1985=VERTEX_POINT('',#7805);
#1986=VERTEX_POINT('',#7822);
#1987=VERTEX_POINT('',#7828);
#1988=VERTEX_POINT('',#7845);
#1989=VERTEX_POINT('',#7851);
#1990=VERTEX_POINT('',#7868);
#1991=VERTEX_POINT('',#7874);
#1992=VERTEX_POINT('',#7891);
#1993=VERTEX_POINT('',#7897);
#1994=VERTEX_POINT('',#7914);
#1995=VERTEX_POINT('',#7920);
#1996=VERTEX_POINT('',#7937);
#1997=VERTEX_POINT('',#7943);
#1998=VERTEX_POINT('',#7951);
#1999=VERTEX_POINT('',#7953);
#2000=VERTEX_POINT('',#7966);
#2001=VERTEX_POINT('',#7972);
#2002=VERTEX_POINT('',#7989);
#2003=VERTEX_POINT('',#7995);
#2004=VERTEX_POINT('',#8012);
#2005=VERTEX_POINT('',#8018);
#2006=VERTEX_POINT('',#8035);
#2007=VERTEX_POINT('',#8041);
#2008=VERTEX_POINT('',#8058);
#2009=VERTEX_POINT('',#8064);
#2010=VERTEX_POINT('',#8081);
#2011=VERTEX_POINT('',#8087);
#2012=VERTEX_POINT('',#8104);
#2013=VERTEX_POINT('',#8110);
#2014=VERTEX_POINT('',#8127);
#2015=VERTEX_POINT('',#8133);
#2016=VERTEX_POINT('',#8150);
#2017=VERTEX_POINT('',#8156);
#2018=VERTEX_POINT('',#8186);
#2019=VERTEX_POINT('',#8187);
#2020=VERTEX_POINT('',#8189);
#2021=VERTEX_POINT('',#8191);
#2022=VERTEX_POINT('',#8195);
#2023=VERTEX_POINT('',#8197);
#2024=VERTEX_POINT('',#8201);
#2025=VERTEX_POINT('',#8203);
#2026=VERTEX_POINT('',#8212);
#2027=VERTEX_POINT('',#8213);
#2028=VERTEX_POINT('',#8215);
#2029=VERTEX_POINT('',#8217);
#2030=VERTEX_POINT('',#8221);
#2031=VERTEX_POINT('',#8223);
#2032=VERTEX_POINT('',#8227);
#2033=VERTEX_POINT('',#8229);
#2034=VERTEX_POINT('',#8242);
#2035=VERTEX_POINT('',#8248);
#2036=VERTEX_POINT('',#8265);
#2037=VERTEX_POINT('',#8271);
#2038=VERTEX_POINT('',#8279);
#2039=VERTEX_POINT('',#8281);
#2040=VERTEX_POINT('',#8285);
#2041=VERTEX_POINT('',#8287);
#2042=VERTEX_POINT('',#8291);
#2043=VERTEX_POINT('',#8293);
#2044=VERTEX_POINT('',#8302);
#2045=VERTEX_POINT('',#8303);
#2046=VERTEX_POINT('',#8305);
#2047=VERTEX_POINT('',#8307);
#2048=VERTEX_POINT('',#8311);
#2049=VERTEX_POINT('',#8313);
#2050=VERTEX_POINT('',#8317);
#2051=VERTEX_POINT('',#8319);
#2052=VERTEX_POINT('',#8332);
#2053=VERTEX_POINT('',#8338);
#2054=VERTEX_POINT('',#8355);
#2055=VERTEX_POINT('',#8361);
#2056=VERTEX_POINT('',#8378);
#2057=VERTEX_POINT('',#8384);
#2058=VERTEX_POINT('',#8392);
#2059=VERTEX_POINT('',#8394);
#2060=VERTEX_POINT('',#8407);
#2061=VERTEX_POINT('',#8413);
#2062=VERTEX_POINT('',#8430);
#2063=VERTEX_POINT('',#8436);
#2064=VERTEX_POINT('',#8453);
#2065=VERTEX_POINT('',#8459);
#2066=VERTEX_POINT('',#8476);
#2067=VERTEX_POINT('',#8482);
#2068=VERTEX_POINT('',#8490);
#2069=VERTEX_POINT('',#8492);
#2070=EDGE_CURVE('',#1654,#1655,#986,.T.);
#2071=EDGE_CURVE('',#1654,#1656,#987,.T.);
#2072=EDGE_CURVE('',#1656,#1657,#988,.T.);
#2073=EDGE_CURVE('',#1655,#1657,#989,.T.);
#2074=EDGE_CURVE('',#1658,#1654,#990,.T.);
#2075=EDGE_CURVE('',#1658,#1659,#991,.T.);
#2076=EDGE_CURVE('',#1659,#1656,#992,.T.);
#2077=EDGE_CURVE('',#1660,#1658,#993,.T.);
#2078=EDGE_CURVE('',#1660,#1661,#994,.T.);
#2079=EDGE_CURVE('',#1661,#1659,#995,.T.);
#2080=EDGE_CURVE('',#1655,#1660,#996,.T.);
#2081=EDGE_CURVE('',#1657,#1661,#997,.T.);
#2082=EDGE_CURVE('',#1662,#1663,#998,.T.);
#2083=EDGE_CURVE('',#1662,#1664,#999,.T.);
#2084=EDGE_CURVE('',#1664,#1665,#1000,.T.);
#2085=EDGE_CURVE('',#1663,#1665,#1001,.T.);
#2086=EDGE_CURVE('',#1666,#1662,#112,.T.);
#2087=EDGE_CURVE('',#1666,#1667,#1002,.T.);
#2088=EDGE_CURVE('',#1667,#1664,#113,.T.);
#2089=EDGE_CURVE('',#1668,#1666,#114,.T.);
#2090=EDGE_CURVE('',#1668,#1669,#1003,.T.);
#2091=EDGE_CURVE('',#1669,#1667,#115,.T.);
#2092=EDGE_CURVE('',#1670,#1668,#116,.T.);
#2093=EDGE_CURVE('',#1670,#1671,#1004,.T.);
#2094=EDGE_CURVE('',#1671,#1669,#117,.T.);
#2095=EDGE_CURVE('',#1672,#1670,#118,.T.);
#2096=EDGE_CURVE('',#1672,#1673,#1005,.T.);
#2097=EDGE_CURVE('',#1673,#1671,#119,.T.);
#2098=EDGE_CURVE('',#1674,#1672,#1006,.T.);
#2099=EDGE_CURVE('',#1674,#1675,#1007,.T.);
#2100=EDGE_CURVE('',#1675,#1673,#1008,.T.);
#2101=EDGE_CURVE('',#1676,#1674,#120,.T.);
#2102=EDGE_CURVE('',#1676,#1677,#1009,.T.);
#2103=EDGE_CURVE('',#1677,#1675,#121,.T.);
#2104=EDGE_CURVE('',#1678,#1676,#122,.T.);
#2105=EDGE_CURVE('',#1678,#1679,#1010,.T.);
#2106=EDGE_CURVE('',#1679,#1677,#123,.T.);
#2107=EDGE_CURVE('',#1680,#1678,#124,.T.);
#2108=EDGE_CURVE('',#1680,#1681,#1011,.T.);
#2109=EDGE_CURVE('',#1681,#1679,#125,.T.);
#2110=EDGE_CURVE('',#1682,#1680,#1012,.T.);
#2111=EDGE_CURVE('',#1682,#1683,#1013,.T.);
#2112=EDGE_CURVE('',#1683,#1681,#1014,.T.);
#2113=EDGE_CURVE('',#1684,#1682,#1015,.T.);
#2114=EDGE_CURVE('',#1684,#1685,#1016,.T.);
#2115=EDGE_CURVE('',#1685,#1683,#1017,.T.);
#2116=EDGE_CURVE('',#1686,#1684,#1018,.T.);
#2117=EDGE_CURVE('',#1686,#1687,#1019,.T.);
#2118=EDGE_CURVE('',#1687,#1685,#1020,.T.);
#2119=EDGE_CURVE('',#1663,#1686,#1021,.T.);
#2120=EDGE_CURVE('',#1665,#1687,#1022,.T.);
#2121=EDGE_CURVE('',#1688,#1689,#126,.T.);
#2122=EDGE_CURVE('',#1688,#1690,#1023,.T.);
#2123=EDGE_CURVE('',#1690,#1691,#127,.T.);
#2124=EDGE_CURVE('',#1689,#1691,#1024,.T.);
#2125=EDGE_CURVE('',#1692,#1688,#128,.T.);
#2126=EDGE_CURVE('',#1692,#1693,#1025,.T.);
#2127=EDGE_CURVE('',#1693,#1690,#129,.T.);
#2128=EDGE_CURVE('',#1694,#1692,#130,.T.);
#2129=EDGE_CURVE('',#1694,#1695,#1026,.T.);
#2130=EDGE_CURVE('',#1695,#1693,#131,.T.);
#2131=EDGE_CURVE('',#1696,#1694,#1027,.T.);
#2132=EDGE_CURVE('',#1696,#1697,#1028,.T.);
#2133=EDGE_CURVE('',#1697,#1695,#1029,.T.);
#2134=EDGE_CURVE('',#1689,#1696,#132,.T.);
#2135=EDGE_CURVE('',#1691,#1697,#133,.T.);
#2136=EDGE_CURVE('',#1698,#1699,#134,.T.);
#2137=EDGE_CURVE('',#1698,#1700,#1030,.T.);
#2138=EDGE_CURVE('',#1700,#1701,#135,.T.);
#2139=EDGE_CURVE('',#1699,#1701,#1031,.T.);
#2140=EDGE_CURVE('',#1702,#1698,#136,.T.);
#2141=EDGE_CURVE('',#1702,#1703,#1032,.T.);
#2142=EDGE_CURVE('',#1703,#1700,#137,.T.);
#2143=EDGE_CURVE('',#1704,#1702,#138,.T.);
#2144=EDGE_CURVE('',#1704,#1705,#1033,.T.);
#2145=EDGE_CURVE('',#1705,#1703,#139,.T.);
#2146=EDGE_CURVE('',#1706,#1704,#1034,.T.);
#2147=EDGE_CURVE('',#1706,#1707,#1035,.T.);
#2148=EDGE_CURVE('',#1707,#1705,#1036,.T.);
#2149=EDGE_CURVE('',#1708,#1706,#140,.T.);
#2150=EDGE_CURVE('',#1708,#1709,#1037,.T.);
#2151=EDGE_CURVE('',#1709,#1707,#141,.T.);
#2152=EDGE_CURVE('',#1710,#1708,#142,.T.);
#2153=EDGE_CURVE('',#1710,#1711,#1038,.T.);
#2154=EDGE_CURVE('',#1711,#1709,#143,.T.);
#2155=EDGE_CURVE('',#1712,#1710,#144,.T.);
#2156=EDGE_CURVE('',#1712,#1713,#1039,.T.);
#2157=EDGE_CURVE('',#1713,#1711,#145,.T.);
#2158=EDGE_CURVE('',#1714,#1712,#146,.T.);
#2159=EDGE_CURVE('',#1714,#1715,#1040,.T.);
#2160=EDGE_CURVE('',#1715,#1713,#147,.T.);
#2161=EDGE_CURVE('',#1716,#1714,#148,.T.);
#2162=EDGE_CURVE('',#1716,#1717,#1041,.T.);
#2163=EDGE_CURVE('',#1717,#1715,#149,.T.);
#2164=EDGE_CURVE('',#1718,#1716,#150,.T.);
#2165=EDGE_CURVE('',#1718,#1719,#1042,.T.);
#2166=EDGE_CURVE('',#1719,#1717,#151,.T.);
#2167=EDGE_CURVE('',#1720,#1718,#152,.T.);
#2168=EDGE_CURVE('',#1720,#1721,#1043,.T.);
#2169=EDGE_CURVE('',#1721,#1719,#153,.T.);
#2170=EDGE_CURVE('',#1722,#1720,#154,.T.);
#2171=EDGE_CURVE('',#1722,#1723,#1044,.T.);
#2172=EDGE_CURVE('',#1723,#1721,#155,.T.);
#2173=EDGE_CURVE('',#1724,#1722,#156,.T.);
#2174=EDGE_CURVE('',#1724,#1725,#1045,.T.);
#2175=EDGE_CURVE('',#1725,#1723,#157,.T.);
#2176=EDGE_CURVE('',#1726,#1724,#1046,.T.);
#2177=EDGE_CURVE('',#1726,#1727,#1047,.T.);
#2178=EDGE_CURVE('',#1727,#1725,#1048,.T.);
#2179=EDGE_CURVE('',#1699,#1726,#158,.T.);
#2180=EDGE_CURVE('',#1701,#1727,#159,.T.);
#2181=EDGE_CURVE('',#1728,#1729,#1049,.T.);
#2182=EDGE_CURVE('',#1728,#1730,#1050,.T.);
#2183=EDGE_CURVE('',#1730,#1731,#1051,.T.);
#2184=EDGE_CURVE('',#1729,#1731,#1052,.T.);
#2185=EDGE_CURVE('',#1732,#1728,#1053,.T.);
#2186=EDGE_CURVE('',#1732,#1733,#1054,.T.);
#2187=EDGE_CURVE('',#1733,#1730,#1055,.T.);
#2188=EDGE_CURVE('',#1734,#1732,#1056,.T.);
#2189=EDGE_CURVE('',#1734,#1735,#1057,.T.);
#2190=EDGE_CURVE('',#1735,#1733,#1058,.T.);
#2191=EDGE_CURVE('',#1736,#1734,#160,.T.);
#2192=EDGE_CURVE('',#1736,#1737,#1059,.T.);
#2193=EDGE_CURVE('',#1737,#1735,#161,.T.);
#2194=EDGE_CURVE('',#1738,#1736,#162,.T.);
#2195=EDGE_CURVE('',#1738,#1739,#1060,.T.);
#2196=EDGE_CURVE('',#1739,#1737,#163,.T.);
#2197=EDGE_CURVE('',#1740,#1738,#1061,.T.);
#2198=EDGE_CURVE('',#1740,#1741,#1062,.T.);
#2199=EDGE_CURVE('',#1741,#1739,#1063,.T.);
#2200=EDGE_CURVE('',#1742,#1740,#1064,.T.);
#2201=EDGE_CURVE('',#1742,#1743,#1065,.T.);
#2202=EDGE_CURVE('',#1743,#1741,#1066,.T.);
#2203=EDGE_CURVE('',#1744,#1742,#1067,.T.);
#2204=EDGE_CURVE('',#1744,#1745,#1068,.T.);
#2205=EDGE_CURVE('',#1745,#1743,#1069,.T.);
#2206=EDGE_CURVE('',#1729,#1744,#1070,.T.);
#2207=EDGE_CURVE('',#1731,#1745,#1071,.T.);
#2208=EDGE_CURVE('',#1746,#1747,#164,.T.);
#2209=EDGE_CURVE('',#1746,#1748,#1072,.T.);
#2210=EDGE_CURVE('',#1748,#1749,#165,.T.);
#2211=EDGE_CURVE('',#1747,#1749,#1073,.T.);
#2212=EDGE_CURVE('',#1750,#1746,#166,.T.);
#2213=EDGE_CURVE('',#1750,#1751,#1074,.T.);
#2214=EDGE_CURVE('',#1751,#1748,#167,.T.);
#2215=EDGE_CURVE('',#1752,#1750,#168,.T.);
#2216=EDGE_CURVE('',#1752,#1753,#1075,.T.);
#2217=EDGE_CURVE('',#1753,#1751,#169,.T.);
#2218=EDGE_CURVE('',#1754,#1752,#1076,.T.);
#2219=EDGE_CURVE('',#1754,#1755,#1077,.T.);
#2220=EDGE_CURVE('',#1755,#1753,#1078,.T.);
#2221=EDGE_CURVE('',#1747,#1754,#170,.T.);
#2222=EDGE_CURVE('',#1749,#1755,#171,.T.);
#2223=EDGE_CURVE('',#1756,#1757,#172,.T.);
#2224=EDGE_CURVE('',#1756,#1758,#1079,.T.);
#2225=EDGE_CURVE('',#1758,#1759,#173,.T.);
#2226=EDGE_CURVE('',#1757,#1759,#1080,.T.);
#2227=EDGE_CURVE('',#1760,#1756,#174,.T.);
#2228=EDGE_CURVE('',#1760,#1761,#1081,.T.);
#2229=EDGE_CURVE('',#1761,#1758,#175,.T.);
#2230=EDGE_CURVE('',#1762,#1760,#176,.T.);
#2231=EDGE_CURVE('',#1762,#1763,#1082,.T.);
#2232=EDGE_CURVE('',#1763,#1761,#177,.T.);
#2233=EDGE_CURVE('',#1764,#1762,#1083,.T.);
#2234=EDGE_CURVE('',#1764,#1765,#1084,.T.);
#2235=EDGE_CURVE('',#1765,#1763,#1085,.T.);
#2236=EDGE_CURVE('',#1766,#1764,#178,.T.);
#2237=EDGE_CURVE('',#1766,#1767,#1086,.T.);
#2238=EDGE_CURVE('',#1767,#1765,#179,.T.);
#2239=EDGE_CURVE('',#1768,#1766,#180,.T.);
#2240=EDGE_CURVE('',#1768,#1769,#1087,.T.);
#2241=EDGE_CURVE('',#1769,#1767,#181,.T.);
#2242=EDGE_CURVE('',#1770,#1768,#182,.T.);
#2243=EDGE_CURVE('',#1770,#1771,#1088,.T.);
#2244=EDGE_CURVE('',#1771,#1769,#183,.T.);
#2245=EDGE_CURVE('',#1772,#1770,#184,.T.);
#2246=EDGE_CURVE('',#1772,#1773,#1089,.T.);
#2247=EDGE_CURVE('',#1773,#1771,#185,.T.);
#2248=EDGE_CURVE('',#1774,#1772,#186,.T.);
#2249=EDGE_CURVE('',#1774,#1775,#1090,.T.);
#2250=EDGE_CURVE('',#1775,#1773,#187,.T.);
#2251=EDGE_CURVE('',#1776,#1774,#188,.T.);
#2252=EDGE_CURVE('',#1776,#1777,#1091,.T.);
#2253=EDGE_CURVE('',#1777,#1775,#189,.T.);
#2254=EDGE_CURVE('',#1778,#1776,#190,.T.);
#2255=EDGE_CURVE('',#1778,#1779,#1092,.T.);
#2256=EDGE_CURVE('',#1779,#1777,#191,.T.);
#2257=EDGE_CURVE('',#1780,#1778,#192,.T.);
#2258=EDGE_CURVE('',#1780,#1781,#1093,.T.);
#2259=EDGE_CURVE('',#1781,#1779,#193,.T.);
#2260=EDGE_CURVE('',#1782,#1780,#194,.T.);
#2261=EDGE_CURVE('',#1782,#1783,#1094,.T.);
#2262=EDGE_CURVE('',#1783,#1781,#195,.T.);
#2263=EDGE_CURVE('',#1784,#1782,#1095,.T.);
#2264=EDGE_CURVE('',#1784,#1785,#1096,.T.);
#2265=EDGE_CURVE('',#1785,#1783,#1097,.T.);
#2266=EDGE_CURVE('',#1757,#1784,#196,.T.);
#2267=EDGE_CURVE('',#1759,#1785,#197,.T.);
#2268=EDGE_CURVE('',#1786,#1787,#198,.T.);
#2269=EDGE_CURVE('',#1786,#1788,#1098,.T.);
#2270=EDGE_CURVE('',#1788,#1789,#199,.T.);
#2271=EDGE_CURVE('',#1787,#1789,#1099,.T.);
#2272=EDGE_CURVE('',#1790,#1786,#200,.T.);
#2273=EDGE_CURVE('',#1790,#1791,#1100,.T.);
#2274=EDGE_CURVE('',#1791,#1788,#201,.T.);
#2275=EDGE_CURVE('',#1792,#1790,#202,.T.);
#2276=EDGE_CURVE('',#1792,#1793,#1101,.T.);
#2277=EDGE_CURVE('',#1793,#1791,#203,.T.);
#2278=EDGE_CURVE('',#1794,#1792,#204,.T.);
#2279=EDGE_CURVE('',#1794,#1795,#1102,.T.);
#2280=EDGE_CURVE('',#1795,#1793,#205,.T.);
#2281=EDGE_CURVE('',#1796,#1794,#206,.T.);
#2282=EDGE_CURVE('',#1796,#1797,#1103,.T.);
#2283=EDGE_CURVE('',#1797,#1795,#207,.T.);
#2284=EDGE_CURVE('',#1798,#1796,#208,.T.);
#2285=EDGE_CURVE('',#1798,#1799,#1104,.T.);
#2286=EDGE_CURVE('',#1799,#1797,#209,.T.);
#2287=EDGE_CURVE('',#1800,#1798,#210,.T.);
#2288=EDGE_CURVE('',#1800,#1801,#1105,.T.);
#2289=EDGE_CURVE('',#1801,#1799,#211,.T.);
#2290=EDGE_CURVE('',#1802,#1800,#212,.T.);
#2291=EDGE_CURVE('',#1802,#1803,#1106,.T.);
#2292=EDGE_CURVE('',#1803,#1801,#213,.T.);
#2293=EDGE_CURVE('',#1804,#1802,#214,.T.);
#2294=EDGE_CURVE('',#1804,#1805,#1107,.T.);
#2295=EDGE_CURVE('',#1805,#1803,#215,.T.);
#2296=EDGE_CURVE('',#1806,#1804,#1108,.T.);
#2297=EDGE_CURVE('',#1806,#1807,#1109,.T.);
#2298=EDGE_CURVE('',#1807,#1805,#1110,.T.);
#2299=EDGE_CURVE('',#1808,#1806,#216,.T.);
#2300=EDGE_CURVE('',#1808,#1809,#1111,.T.);
#2301=EDGE_CURVE('',#1809,#1807,#217,.T.);
#2302=EDGE_CURVE('',#1810,#1808,#218,.T.);
#2303=EDGE_CURVE('',#1810,#1811,#1112,.T.);
#2304=EDGE_CURVE('',#1811,#1809,#219,.T.);
#2305=EDGE_CURVE('',#1812,#1810,#220,.T.);
#2306=EDGE_CURVE('',#1812,#1813,#1113,.T.);
#2307=EDGE_CURVE('',#1813,#1811,#221,.T.);
#2308=EDGE_CURVE('',#1814,#1812,#222,.T.);
#2309=EDGE_CURVE('',#1814,#1815,#1114,.T.);
#2310=EDGE_CURVE('',#1815,#1813,#223,.T.);
#2311=EDGE_CURVE('',#1816,#1814,#224,.T.);
#2312=EDGE_CURVE('',#1816,#1817,#1115,.T.);
#2313=EDGE_CURVE('',#1817,#1815,#225,.T.);
#2314=EDGE_CURVE('',#1818,#1816,#226,.T.);
#2315=EDGE_CURVE('',#1818,#1819,#1116,.T.);
#2316=EDGE_CURVE('',#1819,#1817,#227,.T.);
#2317=EDGE_CURVE('',#1820,#1818,#228,.T.);
#2318=EDGE_CURVE('',#1820,#1821,#1117,.T.);
#2319=EDGE_CURVE('',#1821,#1819,#229,.T.);
#2320=EDGE_CURVE('',#1822,#1820,#230,.T.);
#2321=EDGE_CURVE('',#1822,#1823,#1118,.T.);
#2322=EDGE_CURVE('',#1823,#1821,#231,.T.);
#2323=EDGE_CURVE('',#1824,#1822,#232,.T.);
#2324=EDGE_CURVE('',#1824,#1825,#1119,.T.);
#2325=EDGE_CURVE('',#1825,#1823,#233,.T.);
#2326=EDGE_CURVE('',#1826,#1824,#234,.T.);
#2327=EDGE_CURVE('',#1826,#1827,#1120,.T.);
#2328=EDGE_CURVE('',#1827,#1825,#235,.T.);
#2329=EDGE_CURVE('',#1828,#1826,#1121,.T.);
#2330=EDGE_CURVE('',#1828,#1829,#1122,.T.);
#2331=EDGE_CURVE('',#1829,#1827,#1123,.T.);
#2332=EDGE_CURVE('',#1787,#1828,#236,.T.);
#2333=EDGE_CURVE('',#1789,#1829,#237,.T.);
#2334=EDGE_CURVE('',#1830,#1830,#29,.T.);
#2335=EDGE_CURVE('',#1830,#1831,#1124,.T.);
#2336=EDGE_CURVE('',#1831,#1831,#30,.T.);
#2337=EDGE_CURVE('',#1832,#1832,#31,.T.);
#2338=EDGE_CURVE('',#1833,#1833,#32,.T.);
#2339=EDGE_CURVE('',#1833,#1834,#1125,.T.);
#2340=EDGE_CURVE('',#1834,#1834,#33,.T.);
#2341=EDGE_CURVE('',#1835,#1835,#34,.T.);
#2342=EDGE_CURVE('',#1832,#1836,#1126,.T.);
#2343=EDGE_CURVE('',#1836,#1836,#35,.T.);
#2344=EDGE_CURVE('',#1835,#1837,#1127,.T.);
#2345=EDGE_CURVE('',#1837,#1837,#36,.T.);
#2346=EDGE_CURVE('',#1838,#1838,#37,.T.);
#2347=EDGE_CURVE('',#1839,#1839,#38,.T.);
#2348=EDGE_CURVE('',#1840,#1840,#39,.T.);
#2349=EDGE_CURVE('',#1841,#1841,#40,.T.);
#2350=EDGE_CURVE('',#1842,#1843,#27,.F.);
#2351=EDGE_CURVE('',#1843,#1844,#1128,.T.);
#2352=EDGE_CURVE('',#1844,#1845,#28,.F.);
#2353=EDGE_CURVE('',#1842,#1845,#1129,.T.);
#2354=EDGE_CURVE('',#1846,#1843,#1130,.T.);
#2355=EDGE_CURVE('',#1847,#1846,#41,.F.);
#2356=EDGE_CURVE('',#1847,#1848,#1131,.T.);
#2357=EDGE_CURVE('',#1848,#1849,#42,.T.);
#2358=EDGE_CURVE('',#1849,#1850,#1132,.T.);
#2359=EDGE_CURVE('',#1850,#1851,#43,.T.);
#2360=EDGE_CURVE('',#1851,#1852,#1133,.T.);
#2361=EDGE_CURVE('',#1852,#1853,#44,.T.);
#2362=EDGE_CURVE('',#1853,#1854,#1134,.T.);
#2363=EDGE_CURVE('',#1854,#1855,#45,.T.);
#2364=EDGE_CURVE('',#1855,#1856,#1135,.T.);
#2365=EDGE_CURVE('',#1857,#1856,#46,.F.);
#2366=EDGE_CURVE('',#1844,#1857,#1136,.T.);
#2367=EDGE_CURVE('',#1842,#1858,#1137,.T.);
#2368=EDGE_CURVE('',#1859,#1842,#1138,.T.);
#2369=EDGE_CURVE('',#1860,#1859,#1139,.T.);
#2370=EDGE_CURVE('',#1860,#1858,#1140,.T.);
#2371=EDGE_CURVE('',#1861,#1862,#47,.T.);
#2372=EDGE_CURVE('',#1862,#1845,#1141,.T.);
#2373=EDGE_CURVE('',#1844,#1861,#1142,.T.);
#2374=EDGE_CURVE('',#1862,#1863,#1143,.T.);
#2375=EDGE_CURVE('',#1863,#1864,#1144,.T.);
#2376=EDGE_CURVE('',#1845,#1864,#1145,.T.);
#2377=EDGE_CURVE('',#1861,#1865,#1146,.T.);
#2378=EDGE_CURVE('',#1866,#1865,#48,.T.);
#2379=EDGE_CURVE('',#1867,#1866,#1147,.T.);
#2380=EDGE_CURVE('',#1868,#1867,#49,.T.);
#2381=EDGE_CURVE('',#1869,#1868,#1148,.T.);
#2382=EDGE_CURVE('',#1870,#1869,#50,.T.);
#2383=EDGE_CURVE('',#1871,#1870,#1149,.T.);
#2384=EDGE_CURVE('',#1872,#1871,#51,.T.);
#2385=EDGE_CURVE('',#1873,#1872,#1150,.T.);
#2386=EDGE_CURVE('',#1874,#1873,#52,.T.);
#2387=EDGE_CURVE('',#1875,#1874,#1151,.T.);
#2388=EDGE_CURVE('',#1876,#1875,#53,.T.);
#2389=EDGE_CURVE('',#1876,#1877,#1152,.T.);
#2390=EDGE_CURVE('',#1858,#1877,#54,.T.);
#2391=EDGE_CURVE('',#1878,#1860,#55,.T.);
#2392=EDGE_CURVE('',#1879,#1878,#1153,.T.);
#2393=EDGE_CURVE('',#1880,#1879,#56,.T.);
#2394=EDGE_CURVE('',#1881,#1880,#1154,.T.);
#2395=EDGE_CURVE('',#1882,#1881,#57,.T.);
#2396=EDGE_CURVE('',#1883,#1882,#1155,.T.);
#2397=EDGE_CURVE('',#1863,#1883,#58,.T.);
#2398=EDGE_CURVE('',#1884,#1884,#59,.T.);
#2399=EDGE_CURVE('',#1885,#1885,#60,.T.);
#2400=EDGE_CURVE('',#1877,#1843,#1156,.T.);
#2401=EDGE_CURVE('',#1846,#1876,#1157,.T.);
#2402=EDGE_CURVE('',#1875,#1847,#1158,.T.);
#2403=EDGE_CURVE('',#1865,#1857,#1159,.T.);
#2404=EDGE_CURVE('',#1856,#1866,#1160,.T.);
#2405=EDGE_CURVE('',#1867,#1855,#1161,.T.);
#2406=EDGE_CURVE('',#1874,#1848,#1162,.T.);
#2407=EDGE_CURVE('',#1886,#1886,#61,.T.);
#2408=EDGE_CURVE('',#1886,#1838,#1163,.T.);
#2409=EDGE_CURVE('',#1887,#1887,#62,.T.);
#2410=EDGE_CURVE('',#1887,#1840,#1164,.T.);
#2411=EDGE_CURVE('',#1888,#1859,#63,.T.);
#2412=EDGE_CURVE('',#1864,#1889,#64,.T.);
#2413=EDGE_CURVE('',#1889,#1890,#1165,.T.);
#2414=EDGE_CURVE('',#1890,#1891,#65,.T.);
#2415=EDGE_CURVE('',#1891,#1892,#1166,.T.);
#2416=EDGE_CURVE('',#1892,#1893,#66,.T.);
#2417=EDGE_CURVE('',#1893,#1888,#1167,.T.);
#2418=EDGE_CURVE('',#1868,#1854,#1168,.T.);
#2419=EDGE_CURVE('',#1869,#1853,#1169,.T.);
#2420=EDGE_CURVE('',#1870,#1852,#1170,.T.);
#2421=EDGE_CURVE('',#1871,#1851,#1171,.T.);
#2422=EDGE_CURVE('',#1872,#1850,#1172,.T.);
#2423=EDGE_CURVE('',#1873,#1849,#1173,.T.);
#2424=EDGE_CURVE('',#1841,#1885,#1174,.T.);
#2425=EDGE_CURVE('',#1839,#1884,#1175,.T.);
#2426=EDGE_CURVE('',#1878,#1888,#1176,.T.);
#2427=EDGE_CURVE('',#1879,#1893,#1177,.T.);
#2428=EDGE_CURVE('',#1880,#1892,#1178,.T.);
#2429=EDGE_CURVE('',#1881,#1891,#1179,.T.);
#2430=EDGE_CURVE('',#1882,#1890,#1180,.T.);
#2431=EDGE_CURVE('',#1883,#1889,#1181,.T.);
#2432=EDGE_CURVE('',#1894,#1895,#1182,.T.);
#2433=EDGE_CURVE('',#1894,#1896,#1183,.T.);
#2434=EDGE_CURVE('',#1897,#1896,#1184,.T.);
#2435=EDGE_CURVE('',#1895,#1897,#1185,.T.);
#2436=EDGE_CURVE('',#1895,#1898,#238,.T.);
#2437=EDGE_CURVE('',#1899,#1897,#239,.T.);
#2438=EDGE_CURVE('',#1898,#1899,#1186,.T.);
#2439=EDGE_CURVE('',#1898,#1900,#240,.T.);
#2440=EDGE_CURVE('',#1901,#1899,#241,.T.);
#2441=EDGE_CURVE('',#1900,#1901,#1187,.T.);
#2442=EDGE_CURVE('',#1900,#1902,#242,.T.);
#2443=EDGE_CURVE('',#1903,#1901,#243,.T.);
#2444=EDGE_CURVE('',#1902,#1903,#1188,.T.);
#2445=EDGE_CURVE('',#1902,#1894,#244,.T.);
#2446=EDGE_CURVE('',#1896,#1903,#245,.T.);
#2447=EDGE_CURVE('',#1904,#1905,#1189,.T.);
#2448=EDGE_CURVE('',#1904,#1906,#1190,.T.);
#2449=EDGE_CURVE('',#1907,#1906,#1191,.T.);
#2450=EDGE_CURVE('',#1905,#1907,#1192,.T.);
#2451=EDGE_CURVE('',#1905,#1908,#246,.T.);
#2452=EDGE_CURVE('',#1909,#1907,#247,.T.);
#2453=EDGE_CURVE('',#1908,#1909,#1193,.T.);
#2454=EDGE_CURVE('',#1908,#1910,#248,.T.);
#2455=EDGE_CURVE('',#1911,#1909,#249,.T.);
#2456=EDGE_CURVE('',#1910,#1911,#1194,.T.);
#2457=EDGE_CURVE('',#1910,#1912,#250,.T.);
#2458=EDGE_CURVE('',#1913,#1911,#251,.T.);
#2459=EDGE_CURVE('',#1912,#1913,#1195,.T.);
#2460=EDGE_CURVE('',#1912,#1914,#252,.T.);
#2461=EDGE_CURVE('',#1915,#1913,#253,.T.);
#2462=EDGE_CURVE('',#1914,#1915,#1196,.T.);
#2463=EDGE_CURVE('',#1914,#1916,#254,.T.);
#2464=EDGE_CURVE('',#1917,#1915,#255,.T.);
#2465=EDGE_CURVE('',#1916,#1917,#1197,.T.);
#2466=EDGE_CURVE('',#1916,#1918,#256,.T.);
#2467=EDGE_CURVE('',#1919,#1917,#257,.T.);
#2468=EDGE_CURVE('',#1918,#1919,#1198,.T.);
#2469=EDGE_CURVE('',#1918,#1920,#258,.T.);
#2470=EDGE_CURVE('',#1921,#1919,#259,.T.);
#2471=EDGE_CURVE('',#1920,#1921,#1199,.T.);
#2472=EDGE_CURVE('',#1920,#1922,#260,.T.);
#2473=EDGE_CURVE('',#1923,#1921,#261,.T.);
#2474=EDGE_CURVE('',#1922,#1923,#1200,.T.);
#2475=EDGE_CURVE('',#1922,#1924,#262,.T.);
#2476=EDGE_CURVE('',#1925,#1923,#263,.T.);
#2477=EDGE_CURVE('',#1924,#1925,#1201,.T.);
#2478=EDGE_CURVE('',#1924,#1926,#1202,.T.);
#2479=EDGE_CURVE('',#1927,#1925,#1203,.T.);
#2480=EDGE_CURVE('',#1926,#1927,#1204,.T.);
#2481=EDGE_CURVE('',#1926,#1928,#264,.T.);
#2482=EDGE_CURVE('',#1929,#1927,#265,.T.);
#2483=EDGE_CURVE('',#1928,#1929,#1205,.T.);
#2484=EDGE_CURVE('',#1928,#1930,#266,.T.);
#2485=EDGE_CURVE('',#1931,#1929,#267,.T.);
#2486=EDGE_CURVE('',#1930,#1931,#1206,.T.);
#2487=EDGE_CURVE('',#1930,#1932,#268,.T.);
#2488=EDGE_CURVE('',#1933,#1931,#269,.T.);
#2489=EDGE_CURVE('',#1932,#1933,#1207,.T.);
#2490=EDGE_CURVE('',#1932,#1904,#270,.T.);
#2491=EDGE_CURVE('',#1906,#1933,#271,.T.);
#2492=EDGE_CURVE('',#1934,#1935,#1208,.T.);
#2493=EDGE_CURVE('',#1934,#1936,#1209,.T.);
#2494=EDGE_CURVE('',#1937,#1936,#1210,.T.);
#2495=EDGE_CURVE('',#1935,#1937,#1211,.T.);
#2496=EDGE_CURVE('',#1935,#1938,#272,.T.);
#2497=EDGE_CURVE('',#1939,#1937,#273,.T.);
#2498=EDGE_CURVE('',#1938,#1939,#1212,.T.);
#2499=EDGE_CURVE('',#1938,#1940,#274,.T.);
#2500=EDGE_CURVE('',#1941,#1939,#275,.T.);
#2501=EDGE_CURVE('',#1940,#1941,#1213,.T.);
#2502=EDGE_CURVE('',#1940,#1942,#276,.T.);
#2503=EDGE_CURVE('',#1943,#1941,#277,.T.);
#2504=EDGE_CURVE('',#1942,#1943,#1214,.T.);
#2505=EDGE_CURVE('',#1942,#1934,#278,.T.);
#2506=EDGE_CURVE('',#1936,#1943,#279,.T.);
#2507=EDGE_CURVE('',#1944,#1945,#1215,.T.);
#2508=EDGE_CURVE('',#1944,#1946,#1216,.T.);
#2509=EDGE_CURVE('',#1947,#1946,#1217,.T.);
#2510=EDGE_CURVE('',#1945,#1947,#1218,.T.);
#2511=EDGE_CURVE('',#1945,#1948,#280,.T.);
#2512=EDGE_CURVE('',#1949,#1947,#281,.T.);
#2513=EDGE_CURVE('',#1948,#1949,#1219,.T.);
#2514=EDGE_CURVE('',#1948,#1950,#282,.T.);
#2515=EDGE_CURVE('',#1951,#1949,#283,.T.);
#2516=EDGE_CURVE('',#1950,#1951,#1220,.T.);
#2517=EDGE_CURVE('',#1950,#1952,#284,.T.);
#2518=EDGE_CURVE('',#1953,#1951,#285,.T.);
#2519=EDGE_CURVE('',#1952,#1953,#1221,.T.);
#2520=EDGE_CURVE('',#1952,#1954,#286,.T.);
#2521=EDGE_CURVE('',#1955,#1953,#287,.T.);
#2522=EDGE_CURVE('',#1954,#1955,#1222,.T.);
#2523=EDGE_CURVE('',#1954,#1956,#288,.T.);
#2524=EDGE_CURVE('',#1957,#1955,#289,.T.);
#2525=EDGE_CURVE('',#1956,#1957,#1223,.T.);
#2526=EDGE_CURVE('',#1956,#1958,#290,.T.);
#2527=EDGE_CURVE('',#1959,#1957,#291,.T.);
#2528=EDGE_CURVE('',#1958,#1959,#1224,.T.);
#2529=EDGE_CURVE('',#1958,#1960,#292,.T.);
#2530=EDGE_CURVE('',#1961,#1959,#293,.T.);
#2531=EDGE_CURVE('',#1960,#1961,#1225,.T.);
#2532=EDGE_CURVE('',#1960,#1962,#294,.T.);
#2533=EDGE_CURVE('',#1963,#1961,#295,.T.);
#2534=EDGE_CURVE('',#1962,#1963,#1226,.T.);
#2535=EDGE_CURVE('',#1962,#1964,#296,.T.);
#2536=EDGE_CURVE('',#1965,#1963,#297,.T.);
#2537=EDGE_CURVE('',#1964,#1965,#1227,.T.);
#2538=EDGE_CURVE('',#1964,#1966,#1228,.T.);
#2539=EDGE_CURVE('',#1967,#1965,#1229,.T.);
#2540=EDGE_CURVE('',#1966,#1967,#1230,.T.);
#2541=EDGE_CURVE('',#1966,#1968,#298,.T.);
#2542=EDGE_CURVE('',#1969,#1967,#299,.T.);
#2543=EDGE_CURVE('',#1968,#1969,#1231,.T.);
#2544=EDGE_CURVE('',#1968,#1970,#300,.T.);
#2545=EDGE_CURVE('',#1971,#1969,#301,.T.);
#2546=EDGE_CURVE('',#1970,#1971,#1232,.T.);
#2547=EDGE_CURVE('',#1970,#1972,#302,.T.);
#2548=EDGE_CURVE('',#1973,#1971,#303,.T.);
#2549=EDGE_CURVE('',#1972,#1973,#1233,.T.);
#2550=EDGE_CURVE('',#1972,#1944,#304,.T.);
#2551=EDGE_CURVE('',#1946,#1973,#305,.T.);
#2552=EDGE_CURVE('',#1974,#1975,#1234,.T.);
#2553=EDGE_CURVE('',#1974,#1976,#1235,.T.);
#2554=EDGE_CURVE('',#1977,#1976,#1236,.T.);
#2555=EDGE_CURVE('',#1975,#1977,#1237,.T.);
#2556=EDGE_CURVE('',#1975,#1978,#306,.T.);
#2557=EDGE_CURVE('',#1979,#1977,#307,.T.);
#2558=EDGE_CURVE('',#1978,#1979,#1238,.T.);
#2559=EDGE_CURVE('',#1978,#1980,#308,.T.);
#2560=EDGE_CURVE('',#1981,#1979,#309,.T.);
#2561=EDGE_CURVE('',#1980,#1981,#1239,.T.);
#2562=EDGE_CURVE('',#1980,#1982,#310,.T.);
#2563=EDGE_CURVE('',#1983,#1981,#311,.T.);
#2564=EDGE_CURVE('',#1982,#1983,#1240,.T.);
#2565=EDGE_CURVE('',#1982,#1984,#312,.T.);
#2566=EDGE_CURVE('',#1985,#1983,#313,.T.);
#2567=EDGE_CURVE('',#1984,#1985,#1241,.T.);
#2568=EDGE_CURVE('',#1984,#1986,#314,.T.);
#2569=EDGE_CURVE('',#1987,#1985,#315,.T.);
#2570=EDGE_CURVE('',#1986,#1987,#1242,.T.);
#2571=EDGE_CURVE('',#1986,#1988,#316,.T.);
#2572=EDGE_CURVE('',#1989,#1987,#317,.T.);
#2573=EDGE_CURVE('',#1988,#1989,#1243,.T.);
#2574=EDGE_CURVE('',#1988,#1990,#318,.T.);
#2575=EDGE_CURVE('',#1991,#1989,#319,.T.);
#2576=EDGE_CURVE('',#1990,#1991,#1244,.T.);
#2577=EDGE_CURVE('',#1990,#1992,#320,.T.);
#2578=EDGE_CURVE('',#1993,#1991,#321,.T.);
#2579=EDGE_CURVE('',#1992,#1993,#1245,.T.);
#2580=EDGE_CURVE('',#1992,#1994,#322,.T.);
#2581=EDGE_CURVE('',#1995,#1993,#323,.T.);
#2582=EDGE_CURVE('',#1994,#1995,#1246,.T.);
#2583=EDGE_CURVE('',#1994,#1996,#324,.T.);
#2584=EDGE_CURVE('',#1997,#1995,#325,.T.);
#2585=EDGE_CURVE('',#1996,#1997,#1247,.T.);
#2586=EDGE_CURVE('',#1996,#1998,#1248,.T.);
#2587=EDGE_CURVE('',#1999,#1997,#1249,.T.);
#2588=EDGE_CURVE('',#1998,#1999,#1250,.T.);
#2589=EDGE_CURVE('',#1998,#2000,#326,.T.);
#2590=EDGE_CURVE('',#2001,#1999,#327,.T.);
#2591=EDGE_CURVE('',#2000,#2001,#1251,.T.);
#2592=EDGE_CURVE('',#2000,#2002,#328,.T.);
#2593=EDGE_CURVE('',#2003,#2001,#329,.T.);
#2594=EDGE_CURVE('',#2002,#2003,#1252,.T.);
#2595=EDGE_CURVE('',#2002,#2004,#330,.T.);
#2596=EDGE_CURVE('',#2005,#2003,#331,.T.);
#2597=EDGE_CURVE('',#2004,#2005,#1253,.T.);
#2598=EDGE_CURVE('',#2004,#2006,#332,.T.);
#2599=EDGE_CURVE('',#2007,#2005,#333,.T.);
#2600=EDGE_CURVE('',#2006,#2007,#1254,.T.);
#2601=EDGE_CURVE('',#2006,#2008,#334,.T.);
#2602=EDGE_CURVE('',#2009,#2007,#335,.T.);
#2603=EDGE_CURVE('',#2008,#2009,#1255,.T.);
#2604=EDGE_CURVE('',#2008,#2010,#336,.T.);
#2605=EDGE_CURVE('',#2011,#2009,#337,.T.);
#2606=EDGE_CURVE('',#2010,#2011,#1256,.T.);
#2607=EDGE_CURVE('',#2010,#2012,#338,.T.);
#2608=EDGE_CURVE('',#2013,#2011,#339,.T.);
#2609=EDGE_CURVE('',#2012,#2013,#1257,.T.);
#2610=EDGE_CURVE('',#2012,#2014,#340,.T.);
#2611=EDGE_CURVE('',#2015,#2013,#341,.T.);
#2612=EDGE_CURVE('',#2014,#2015,#1258,.T.);
#2613=EDGE_CURVE('',#2014,#2016,#342,.T.);
#2614=EDGE_CURVE('',#2017,#2015,#343,.T.);
#2615=EDGE_CURVE('',#2016,#2017,#1259,.T.);
#2616=EDGE_CURVE('',#2016,#1974,#344,.T.);
#2617=EDGE_CURVE('',#1976,#2017,#345,.T.);
#2618=EDGE_CURVE('',#2018,#2019,#1260,.T.);
#2619=EDGE_CURVE('',#2018,#2020,#1261,.T.);
#2620=EDGE_CURVE('',#2021,#2020,#1262,.T.);
#2621=EDGE_CURVE('',#2019,#2021,#1263,.T.);
#2622=EDGE_CURVE('',#2019,#2022,#1264,.T.);
#2623=EDGE_CURVE('',#2023,#2021,#1265,.T.);
#2624=EDGE_CURVE('',#2022,#2023,#1266,.T.);
#2625=EDGE_CURVE('',#2022,#2024,#1267,.T.);
#2626=EDGE_CURVE('',#2025,#2023,#1268,.T.);
#2627=EDGE_CURVE('',#2024,#2025,#1269,.T.);
#2628=EDGE_CURVE('',#2024,#2018,#1270,.T.);
#2629=EDGE_CURVE('',#2020,#2025,#1271,.T.);
#2630=EDGE_CURVE('',#2026,#2027,#1272,.T.);
#2631=EDGE_CURVE('',#2026,#2028,#1273,.T.);
#2632=EDGE_CURVE('',#2029,#2028,#1274,.T.);
#2633=EDGE_CURVE('',#2027,#2029,#1275,.T.);
#2634=EDGE_CURVE('',#2027,#2030,#1276,.T.);
#2635=EDGE_CURVE('',#2031,#2029,#1277,.T.);
#2636=EDGE_CURVE('',#2030,#2031,#1278,.T.);
#2637=EDGE_CURVE('',#2030,#2032,#1279,.T.);
#2638=EDGE_CURVE('',#2033,#2031,#1280,.T.);
#2639=EDGE_CURVE('',#2032,#2033,#1281,.T.);
#2640=EDGE_CURVE('',#2032,#2034,#346,.T.);
#2641=EDGE_CURVE('',#2035,#2033,#347,.T.);
#2642=EDGE_CURVE('',#2034,#2035,#1282,.T.);
#2643=EDGE_CURVE('',#2034,#2036,#348,.T.);
#2644=EDGE_CURVE('',#2037,#2035,#349,.T.);
#2645=EDGE_CURVE('',#2036,#2037,#1283,.T.);
#2646=EDGE_CURVE('',#2036,#2038,#1284,.T.);
#2647=EDGE_CURVE('',#2039,#2037,#1285,.T.);
#2648=EDGE_CURVE('',#2038,#2039,#1286,.T.);
#2649=EDGE_CURVE('',#2038,#2040,#1287,.T.);
#2650=EDGE_CURVE('',#2041,#2039,#1288,.T.);
#2651=EDGE_CURVE('',#2040,#2041,#1289,.T.);
#2652=EDGE_CURVE('',#2040,#2042,#1290,.T.);
#2653=EDGE_CURVE('',#2043,#2041,#1291,.T.);
#2654=EDGE_CURVE('',#2042,#2043,#1292,.T.);
#2655=EDGE_CURVE('',#2042,#2026,#1293,.T.);
#2656=EDGE_CURVE('',#2028,#2043,#1294,.T.);
#2657=EDGE_CURVE('',#2044,#2045,#1295,.T.);
#2658=EDGE_CURVE('',#2044,#2046,#1296,.T.);
#2659=EDGE_CURVE('',#2047,#2046,#1297,.T.);
#2660=EDGE_CURVE('',#2045,#2047,#1298,.T.);
#2661=EDGE_CURVE('',#2045,#2048,#1299,.T.);
#2662=EDGE_CURVE('',#2049,#2047,#1300,.T.);
#2663=EDGE_CURVE('',#2048,#2049,#1301,.T.);
#2664=EDGE_CURVE('',#2048,#2050,#1302,.T.);
#2665=EDGE_CURVE('',#2051,#2049,#1303,.T.);
#2666=EDGE_CURVE('',#2050,#2051,#1304,.T.);
#2667=EDGE_CURVE('',#2050,#2052,#350,.T.);
#2668=EDGE_CURVE('',#2053,#2051,#351,.T.);
#2669=EDGE_CURVE('',#2052,#2053,#1305,.T.);
#2670=EDGE_CURVE('',#2052,#2054,#352,.T.);
#2671=EDGE_CURVE('',#2055,#2053,#353,.T.);
#2672=EDGE_CURVE('',#2054,#2055,#1306,.T.);
#2673=EDGE_CURVE('',#2054,#2056,#354,.T.);
#2674=EDGE_CURVE('',#2057,#2055,#355,.T.);
#2675=EDGE_CURVE('',#2056,#2057,#1307,.T.);
#2676=EDGE_CURVE('',#2056,#2058,#1308,.T.);
#2677=EDGE_CURVE('',#2059,#2057,#1309,.T.);
#2678=EDGE_CURVE('',#2058,#2059,#1310,.T.);
#2679=EDGE_CURVE('',#2058,#2060,#356,.T.);
#2680=EDGE_CURVE('',#2061,#2059,#357,.T.);
#2681=EDGE_CURVE('',#2060,#2061,#1311,.T.);
#2682=EDGE_CURVE('',#2060,#2062,#358,.T.);
#2683=EDGE_CURVE('',#2063,#2061,#359,.T.);
#2684=EDGE_CURVE('',#2062,#2063,#1312,.T.);
#2685=EDGE_CURVE('',#2062,#2064,#360,.T.);
#2686=EDGE_CURVE('',#2065,#2063,#361,.T.);
#2687=EDGE_CURVE('',#2064,#2065,#1313,.T.);
#2688=EDGE_CURVE('',#2064,#2066,#362,.T.);
#2689=EDGE_CURVE('',#2067,#2065,#363,.T.);
#2690=EDGE_CURVE('',#2066,#2067,#1314,.T.);
#2691=EDGE_CURVE('',#2066,#2068,#1315,.T.);
#2692=EDGE_CURVE('',#2069,#2067,#1316,.T.);
#2693=EDGE_CURVE('',#2068,#2069,#1317,.T.);
#2694=EDGE_CURVE('',#2068,#2044,#1318,.T.);
#2695=EDGE_CURVE('',#2046,#2069,#1319,.T.);
#2696=ORIENTED_EDGE('',*,*,#2070,.F.);
#2697=ORIENTED_EDGE('',*,*,#2071,.T.);
#2698=ORIENTED_EDGE('',*,*,#2072,.T.);
#2699=ORIENTED_EDGE('',*,*,#2073,.F.);
#2700=ORIENTED_EDGE('',*,*,#2074,.F.);
#2701=ORIENTED_EDGE('',*,*,#2075,.T.);
#2702=ORIENTED_EDGE('',*,*,#2076,.T.);
#2703=ORIENTED_EDGE('',*,*,#2071,.F.);
#2704=ORIENTED_EDGE('',*,*,#2077,.F.);
#2705=ORIENTED_EDGE('',*,*,#2078,.T.);
#2706=ORIENTED_EDGE('',*,*,#2079,.T.);
#2707=ORIENTED_EDGE('',*,*,#2075,.F.);
#2708=ORIENTED_EDGE('',*,*,#2080,.F.);
#2709=ORIENTED_EDGE('',*,*,#2073,.T.);
#2710=ORIENTED_EDGE('',*,*,#2081,.T.);
#2711=ORIENTED_EDGE('',*,*,#2078,.F.);
#2712=ORIENTED_EDGE('',*,*,#2081,.F.);
#2713=ORIENTED_EDGE('',*,*,#2072,.F.);
#2714=ORIENTED_EDGE('',*,*,#2076,.F.);
#2715=ORIENTED_EDGE('',*,*,#2079,.F.);
#2716=ORIENTED_EDGE('',*,*,#2082,.F.);
#2717=ORIENTED_EDGE('',*,*,#2083,.T.);
#2718=ORIENTED_EDGE('',*,*,#2084,.T.);
#2719=ORIENTED_EDGE('',*,*,#2085,.F.);
#2720=ORIENTED_EDGE('',*,*,#2086,.F.);
#2721=ORIENTED_EDGE('',*,*,#2087,.T.);
#2722=ORIENTED_EDGE('',*,*,#2088,.T.);
#2723=ORIENTED_EDGE('',*,*,#2083,.F.);
#2724=ORIENTED_EDGE('',*,*,#2089,.F.);
#2725=ORIENTED_EDGE('',*,*,#2090,.T.);
#2726=ORIENTED_EDGE('',*,*,#2091,.T.);
#2727=ORIENTED_EDGE('',*,*,#2087,.F.);
#2728=ORIENTED_EDGE('',*,*,#2092,.F.);
#2729=ORIENTED_EDGE('',*,*,#2093,.T.);
#2730=ORIENTED_EDGE('',*,*,#2094,.T.);
#2731=ORIENTED_EDGE('',*,*,#2090,.F.);
#2732=ORIENTED_EDGE('',*,*,#2095,.F.);
#2733=ORIENTED_EDGE('',*,*,#2096,.T.);
#2734=ORIENTED_EDGE('',*,*,#2097,.T.);
#2735=ORIENTED_EDGE('',*,*,#2093,.F.);
#2736=ORIENTED_EDGE('',*,*,#2098,.F.);
#2737=ORIENTED_EDGE('',*,*,#2099,.T.);
#2738=ORIENTED_EDGE('',*,*,#2100,.T.);
#2739=ORIENTED_EDGE('',*,*,#2096,.F.);
#2740=ORIENTED_EDGE('',*,*,#2101,.F.);
#2741=ORIENTED_EDGE('',*,*,#2102,.T.);
#2742=ORIENTED_EDGE('',*,*,#2103,.T.);
#2743=ORIENTED_EDGE('',*,*,#2099,.F.);
#2744=ORIENTED_EDGE('',*,*,#2104,.F.);
#2745=ORIENTED_EDGE('',*,*,#2105,.T.);
#2746=ORIENTED_EDGE('',*,*,#2106,.T.);
#2747=ORIENTED_EDGE('',*,*,#2102,.F.);
#2748=ORIENTED_EDGE('',*,*,#2107,.F.);
#2749=ORIENTED_EDGE('',*,*,#2108,.T.);
#2750=ORIENTED_EDGE('',*,*,#2109,.T.);
#2751=ORIENTED_EDGE('',*,*,#2105,.F.);
#2752=ORIENTED_EDGE('',*,*,#2110,.F.);
#2753=ORIENTED_EDGE('',*,*,#2111,.T.);
#2754=ORIENTED_EDGE('',*,*,#2112,.T.);
#2755=ORIENTED_EDGE('',*,*,#2108,.F.);
#2756=ORIENTED_EDGE('',*,*,#2113,.F.);
#2757=ORIENTED_EDGE('',*,*,#2114,.T.);
#2758=ORIENTED_EDGE('',*,*,#2115,.T.);
#2759=ORIENTED_EDGE('',*,*,#2111,.F.);
#2760=ORIENTED_EDGE('',*,*,#2116,.F.);
#2761=ORIENTED_EDGE('',*,*,#2117,.T.);
#2762=ORIENTED_EDGE('',*,*,#2118,.T.);
#2763=ORIENTED_EDGE('',*,*,#2114,.F.);
#2764=ORIENTED_EDGE('',*,*,#2119,.F.);
#2765=ORIENTED_EDGE('',*,*,#2085,.T.);
#2766=ORIENTED_EDGE('',*,*,#2120,.T.);
#2767=ORIENTED_EDGE('',*,*,#2117,.F.);
#2768=ORIENTED_EDGE('',*,*,#2120,.F.);
#2769=ORIENTED_EDGE('',*,*,#2084,.F.);
#2770=ORIENTED_EDGE('',*,*,#2088,.F.);
#2771=ORIENTED_EDGE('',*,*,#2091,.F.);
#2772=ORIENTED_EDGE('',*,*,#2094,.F.);
#2773=ORIENTED_EDGE('',*,*,#2097,.F.);
#2774=ORIENTED_EDGE('',*,*,#2100,.F.);
#2775=ORIENTED_EDGE('',*,*,#2103,.F.);
#2776=ORIENTED_EDGE('',*,*,#2106,.F.);
#2777=ORIENTED_EDGE('',*,*,#2109,.F.);
#2778=ORIENTED_EDGE('',*,*,#2112,.F.);
#2779=ORIENTED_EDGE('',*,*,#2115,.F.);
#2780=ORIENTED_EDGE('',*,*,#2118,.F.);
#2781=ORIENTED_EDGE('',*,*,#2121,.F.);
#2782=ORIENTED_EDGE('',*,*,#2122,.T.);
#2783=ORIENTED_EDGE('',*,*,#2123,.T.);
#2784=ORIENTED_EDGE('',*,*,#2124,.F.);
#2785=ORIENTED_EDGE('',*,*,#2125,.F.);
#2786=ORIENTED_EDGE('',*,*,#2126,.T.);
#2787=ORIENTED_EDGE('',*,*,#2127,.T.);
#2788=ORIENTED_EDGE('',*,*,#2122,.F.);
#2789=ORIENTED_EDGE('',*,*,#2128,.F.);
#2790=ORIENTED_EDGE('',*,*,#2129,.T.);
#2791=ORIENTED_EDGE('',*,*,#2130,.T.);
#2792=ORIENTED_EDGE('',*,*,#2126,.F.);
#2793=ORIENTED_EDGE('',*,*,#2131,.F.);
#2794=ORIENTED_EDGE('',*,*,#2132,.T.);
#2795=ORIENTED_EDGE('',*,*,#2133,.T.);
#2796=ORIENTED_EDGE('',*,*,#2129,.F.);
#2797=ORIENTED_EDGE('',*,*,#2134,.F.);
#2798=ORIENTED_EDGE('',*,*,#2124,.T.);
#2799=ORIENTED_EDGE('',*,*,#2135,.T.);
#2800=ORIENTED_EDGE('',*,*,#2132,.F.);
#2801=ORIENTED_EDGE('',*,*,#2136,.F.);
#2802=ORIENTED_EDGE('',*,*,#2137,.T.);
#2803=ORIENTED_EDGE('',*,*,#2138,.T.);
#2804=ORIENTED_EDGE('',*,*,#2139,.F.);
#2805=ORIENTED_EDGE('',*,*,#2140,.F.);
#2806=ORIENTED_EDGE('',*,*,#2141,.T.);
#2807=ORIENTED_EDGE('',*,*,#2142,.T.);
#2808=ORIENTED_EDGE('',*,*,#2137,.F.);
#2809=ORIENTED_EDGE('',*,*,#2143,.F.);
#2810=ORIENTED_EDGE('',*,*,#2144,.T.);
#2811=ORIENTED_EDGE('',*,*,#2145,.T.);
#2812=ORIENTED_EDGE('',*,*,#2141,.F.);
#2813=ORIENTED_EDGE('',*,*,#2146,.F.);
#2814=ORIENTED_EDGE('',*,*,#2147,.T.);
#2815=ORIENTED_EDGE('',*,*,#2148,.T.);
#2816=ORIENTED_EDGE('',*,*,#2144,.F.);
#2817=ORIENTED_EDGE('',*,*,#2149,.F.);
#2818=ORIENTED_EDGE('',*,*,#2150,.T.);
#2819=ORIENTED_EDGE('',*,*,#2151,.T.);
#2820=ORIENTED_EDGE('',*,*,#2147,.F.);
#2821=ORIENTED_EDGE('',*,*,#2152,.F.);
#2822=ORIENTED_EDGE('',*,*,#2153,.T.);
#2823=ORIENTED_EDGE('',*,*,#2154,.T.);
#2824=ORIENTED_EDGE('',*,*,#2150,.F.);
#2825=ORIENTED_EDGE('',*,*,#2155,.F.);
#2826=ORIENTED_EDGE('',*,*,#2156,.T.);
#2827=ORIENTED_EDGE('',*,*,#2157,.T.);
#2828=ORIENTED_EDGE('',*,*,#2153,.F.);
#2829=ORIENTED_EDGE('',*,*,#2158,.F.);
#2830=ORIENTED_EDGE('',*,*,#2159,.T.);
#2831=ORIENTED_EDGE('',*,*,#2160,.T.);
#2832=ORIENTED_EDGE('',*,*,#2156,.F.);
#2833=ORIENTED_EDGE('',*,*,#2161,.F.);
#2834=ORIENTED_EDGE('',*,*,#2162,.T.);
#2835=ORIENTED_EDGE('',*,*,#2163,.T.);
#2836=ORIENTED_EDGE('',*,*,#2159,.F.);
#2837=ORIENTED_EDGE('',*,*,#2164,.F.);
#2838=ORIENTED_EDGE('',*,*,#2165,.T.);
#2839=ORIENTED_EDGE('',*,*,#2166,.T.);
#2840=ORIENTED_EDGE('',*,*,#2162,.F.);
#2841=ORIENTED_EDGE('',*,*,#2167,.F.);
#2842=ORIENTED_EDGE('',*,*,#2168,.T.);
#2843=ORIENTED_EDGE('',*,*,#2169,.T.);
#2844=ORIENTED_EDGE('',*,*,#2165,.F.);
#2845=ORIENTED_EDGE('',*,*,#2170,.F.);
#2846=ORIENTED_EDGE('',*,*,#2171,.T.);
#2847=ORIENTED_EDGE('',*,*,#2172,.T.);
#2848=ORIENTED_EDGE('',*,*,#2168,.F.);
#2849=ORIENTED_EDGE('',*,*,#2173,.F.);
#2850=ORIENTED_EDGE('',*,*,#2174,.T.);
#2851=ORIENTED_EDGE('',*,*,#2175,.T.);
#2852=ORIENTED_EDGE('',*,*,#2171,.F.);
#2853=ORIENTED_EDGE('',*,*,#2176,.F.);
#2854=ORIENTED_EDGE('',*,*,#2177,.T.);
#2855=ORIENTED_EDGE('',*,*,#2178,.T.);
#2856=ORIENTED_EDGE('',*,*,#2174,.F.);
#2857=ORIENTED_EDGE('',*,*,#2179,.F.);
#2858=ORIENTED_EDGE('',*,*,#2139,.T.);
#2859=ORIENTED_EDGE('',*,*,#2180,.T.);
#2860=ORIENTED_EDGE('',*,*,#2177,.F.);
#2861=ORIENTED_EDGE('',*,*,#2180,.F.);
#2862=ORIENTED_EDGE('',*,*,#2138,.F.);
#2863=ORIENTED_EDGE('',*,*,#2142,.F.);
#2864=ORIENTED_EDGE('',*,*,#2145,.F.);
#2865=ORIENTED_EDGE('',*,*,#2148,.F.);
#2866=ORIENTED_EDGE('',*,*,#2151,.F.);
#2867=ORIENTED_EDGE('',*,*,#2154,.F.);
#2868=ORIENTED_EDGE('',*,*,#2157,.F.);
#2869=ORIENTED_EDGE('',*,*,#2160,.F.);
#2870=ORIENTED_EDGE('',*,*,#2163,.F.);
#2871=ORIENTED_EDGE('',*,*,#2166,.F.);
#2872=ORIENTED_EDGE('',*,*,#2169,.F.);
#2873=ORIENTED_EDGE('',*,*,#2172,.F.);
#2874=ORIENTED_EDGE('',*,*,#2175,.F.);
#2875=ORIENTED_EDGE('',*,*,#2178,.F.);
#2876=ORIENTED_EDGE('',*,*,#2135,.F.);
#2877=ORIENTED_EDGE('',*,*,#2123,.F.);
#2878=ORIENTED_EDGE('',*,*,#2127,.F.);
#2879=ORIENTED_EDGE('',*,*,#2130,.F.);
#2880=ORIENTED_EDGE('',*,*,#2133,.F.);
#2881=ORIENTED_EDGE('',*,*,#2181,.F.);
#2882=ORIENTED_EDGE('',*,*,#2182,.T.);
#2883=ORIENTED_EDGE('',*,*,#2183,.T.);
#2884=ORIENTED_EDGE('',*,*,#2184,.F.);
#2885=ORIENTED_EDGE('',*,*,#2185,.F.);
#2886=ORIENTED_EDGE('',*,*,#2186,.T.);
#2887=ORIENTED_EDGE('',*,*,#2187,.T.);
#2888=ORIENTED_EDGE('',*,*,#2182,.F.);
#2889=ORIENTED_EDGE('',*,*,#2188,.F.);
#2890=ORIENTED_EDGE('',*,*,#2189,.T.);
#2891=ORIENTED_EDGE('',*,*,#2190,.T.);
#2892=ORIENTED_EDGE('',*,*,#2186,.F.);
#2893=ORIENTED_EDGE('',*,*,#2191,.F.);
#2894=ORIENTED_EDGE('',*,*,#2192,.T.);
#2895=ORIENTED_EDGE('',*,*,#2193,.T.);
#2896=ORIENTED_EDGE('',*,*,#2189,.F.);
#2897=ORIENTED_EDGE('',*,*,#2194,.F.);
#2898=ORIENTED_EDGE('',*,*,#2195,.T.);
#2899=ORIENTED_EDGE('',*,*,#2196,.T.);
#2900=ORIENTED_EDGE('',*,*,#2192,.F.);
#2901=ORIENTED_EDGE('',*,*,#2197,.F.);
#2902=ORIENTED_EDGE('',*,*,#2198,.T.);
#2903=ORIENTED_EDGE('',*,*,#2199,.T.);
#2904=ORIENTED_EDGE('',*,*,#2195,.F.);
#2905=ORIENTED_EDGE('',*,*,#2200,.F.);
#2906=ORIENTED_EDGE('',*,*,#2201,.T.);
#2907=ORIENTED_EDGE('',*,*,#2202,.T.);
#2908=ORIENTED_EDGE('',*,*,#2198,.F.);
#2909=ORIENTED_EDGE('',*,*,#2203,.F.);
#2910=ORIENTED_EDGE('',*,*,#2204,.T.);
#2911=ORIENTED_EDGE('',*,*,#2205,.T.);
#2912=ORIENTED_EDGE('',*,*,#2201,.F.);
#2913=ORIENTED_EDGE('',*,*,#2206,.F.);
#2914=ORIENTED_EDGE('',*,*,#2184,.T.);
#2915=ORIENTED_EDGE('',*,*,#2207,.T.);
#2916=ORIENTED_EDGE('',*,*,#2204,.F.);
#2917=ORIENTED_EDGE('',*,*,#2207,.F.);
#2918=ORIENTED_EDGE('',*,*,#2183,.F.);
#2919=ORIENTED_EDGE('',*,*,#2187,.F.);
#2920=ORIENTED_EDGE('',*,*,#2190,.F.);
#2921=ORIENTED_EDGE('',*,*,#2193,.F.);
#2922=ORIENTED_EDGE('',*,*,#2196,.F.);
#2923=ORIENTED_EDGE('',*,*,#2199,.F.);
#2924=ORIENTED_EDGE('',*,*,#2202,.F.);
#2925=ORIENTED_EDGE('',*,*,#2205,.F.);
#2926=ORIENTED_EDGE('',*,*,#2208,.F.);
#2927=ORIENTED_EDGE('',*,*,#2209,.T.);
#2928=ORIENTED_EDGE('',*,*,#2210,.T.);
#2929=ORIENTED_EDGE('',*,*,#2211,.F.);
#2930=ORIENTED_EDGE('',*,*,#2212,.F.);
#2931=ORIENTED_EDGE('',*,*,#2213,.T.);
#2932=ORIENTED_EDGE('',*,*,#2214,.T.);
#2933=ORIENTED_EDGE('',*,*,#2209,.F.);
#2934=ORIENTED_EDGE('',*,*,#2215,.F.);
#2935=ORIENTED_EDGE('',*,*,#2216,.T.);
#2936=ORIENTED_EDGE('',*,*,#2217,.T.);
#2937=ORIENTED_EDGE('',*,*,#2213,.F.);
#2938=ORIENTED_EDGE('',*,*,#2218,.F.);
#2939=ORIENTED_EDGE('',*,*,#2219,.T.);
#2940=ORIENTED_EDGE('',*,*,#2220,.T.);
#2941=ORIENTED_EDGE('',*,*,#2216,.F.);
#2942=ORIENTED_EDGE('',*,*,#2221,.F.);
#2943=ORIENTED_EDGE('',*,*,#2211,.T.);
#2944=ORIENTED_EDGE('',*,*,#2222,.T.);
#2945=ORIENTED_EDGE('',*,*,#2219,.F.);
#2946=ORIENTED_EDGE('',*,*,#2223,.F.);
#2947=ORIENTED_EDGE('',*,*,#2224,.T.);
#2948=ORIENTED_EDGE('',*,*,#2225,.T.);
#2949=ORIENTED_EDGE('',*,*,#2226,.F.);
#2950=ORIENTED_EDGE('',*,*,#2227,.F.);
#2951=ORIENTED_EDGE('',*,*,#2228,.T.);
#2952=ORIENTED_EDGE('',*,*,#2229,.T.);
#2953=ORIENTED_EDGE('',*,*,#2224,.F.);
#2954=ORIENTED_EDGE('',*,*,#2230,.F.);
#2955=ORIENTED_EDGE('',*,*,#2231,.T.);
#2956=ORIENTED_EDGE('',*,*,#2232,.T.);
#2957=ORIENTED_EDGE('',*,*,#2228,.F.);
#2958=ORIENTED_EDGE('',*,*,#2233,.F.);
#2959=ORIENTED_EDGE('',*,*,#2234,.T.);
#2960=ORIENTED_EDGE('',*,*,#2235,.T.);
#2961=ORIENTED_EDGE('',*,*,#2231,.F.);
#2962=ORIENTED_EDGE('',*,*,#2236,.F.);
#2963=ORIENTED_EDGE('',*,*,#2237,.T.);
#2964=ORIENTED_EDGE('',*,*,#2238,.T.);
#2965=ORIENTED_EDGE('',*,*,#2234,.F.);
#2966=ORIENTED_EDGE('',*,*,#2239,.F.);
#2967=ORIENTED_EDGE('',*,*,#2240,.T.);
#2968=ORIENTED_EDGE('',*,*,#2241,.T.);
#2969=ORIENTED_EDGE('',*,*,#2237,.F.);
#2970=ORIENTED_EDGE('',*,*,#2242,.F.);
#2971=ORIENTED_EDGE('',*,*,#2243,.T.);
#2972=ORIENTED_EDGE('',*,*,#2244,.T.);
#2973=ORIENTED_EDGE('',*,*,#2240,.F.);
#2974=ORIENTED_EDGE('',*,*,#2245,.F.);
#2975=ORIENTED_EDGE('',*,*,#2246,.T.);
#2976=ORIENTED_EDGE('',*,*,#2247,.T.);
#2977=ORIENTED_EDGE('',*,*,#2243,.F.);
#2978=ORIENTED_EDGE('',*,*,#2248,.F.);
#2979=ORIENTED_EDGE('',*,*,#2249,.T.);
#2980=ORIENTED_EDGE('',*,*,#2250,.T.);
#2981=ORIENTED_EDGE('',*,*,#2246,.F.);
#2982=ORIENTED_EDGE('',*,*,#2251,.F.);
#2983=ORIENTED_EDGE('',*,*,#2252,.T.);
#2984=ORIENTED_EDGE('',*,*,#2253,.T.);
#2985=ORIENTED_EDGE('',*,*,#2249,.F.);
#2986=ORIENTED_EDGE('',*,*,#2254,.F.);
#2987=ORIENTED_EDGE('',*,*,#2255,.T.);
#2988=ORIENTED_EDGE('',*,*,#2256,.T.);
#2989=ORIENTED_EDGE('',*,*,#2252,.F.);
#2990=ORIENTED_EDGE('',*,*,#2257,.F.);
#2991=ORIENTED_EDGE('',*,*,#2258,.T.);
#2992=ORIENTED_EDGE('',*,*,#2259,.T.);
#2993=ORIENTED_EDGE('',*,*,#2255,.F.);
#2994=ORIENTED_EDGE('',*,*,#2260,.F.);
#2995=ORIENTED_EDGE('',*,*,#2261,.T.);
#2996=ORIENTED_EDGE('',*,*,#2262,.T.);
#2997=ORIENTED_EDGE('',*,*,#2258,.F.);
#2998=ORIENTED_EDGE('',*,*,#2263,.F.);
#2999=ORIENTED_EDGE('',*,*,#2264,.T.);
#3000=ORIENTED_EDGE('',*,*,#2265,.T.);
#3001=ORIENTED_EDGE('',*,*,#2261,.F.);
#3002=ORIENTED_EDGE('',*,*,#2266,.F.);
#3003=ORIENTED_EDGE('',*,*,#2226,.T.);
#3004=ORIENTED_EDGE('',*,*,#2267,.T.);
#3005=ORIENTED_EDGE('',*,*,#2264,.F.);
#3006=ORIENTED_EDGE('',*,*,#2267,.F.);
#3007=ORIENTED_EDGE('',*,*,#2225,.F.);
#3008=ORIENTED_EDGE('',*,*,#2229,.F.);
#3009=ORIENTED_EDGE('',*,*,#2232,.F.);
#3010=ORIENTED_EDGE('',*,*,#2235,.F.);
#3011=ORIENTED_EDGE('',*,*,#2238,.F.);
#3012=ORIENTED_EDGE('',*,*,#2241,.F.);
#3013=ORIENTED_EDGE('',*,*,#2244,.F.);
#3014=ORIENTED_EDGE('',*,*,#2247,.F.);
#3015=ORIENTED_EDGE('',*,*,#2250,.F.);
#3016=ORIENTED_EDGE('',*,*,#2253,.F.);
#3017=ORIENTED_EDGE('',*,*,#2256,.F.);
#3018=ORIENTED_EDGE('',*,*,#2259,.F.);
#3019=ORIENTED_EDGE('',*,*,#2262,.F.);
#3020=ORIENTED_EDGE('',*,*,#2265,.F.);
#3021=ORIENTED_EDGE('',*,*,#2222,.F.);
#3022=ORIENTED_EDGE('',*,*,#2210,.F.);
#3023=ORIENTED_EDGE('',*,*,#2214,.F.);
#3024=ORIENTED_EDGE('',*,*,#2217,.F.);
#3025=ORIENTED_EDGE('',*,*,#2220,.F.);
#3026=ORIENTED_EDGE('',*,*,#2268,.F.);
#3027=ORIENTED_EDGE('',*,*,#2269,.T.);
#3028=ORIENTED_EDGE('',*,*,#2270,.T.);
#3029=ORIENTED_EDGE('',*,*,#2271,.F.);
#3030=ORIENTED_EDGE('',*,*,#2272,.F.);
#3031=ORIENTED_EDGE('',*,*,#2273,.T.);
#3032=ORIENTED_EDGE('',*,*,#2274,.T.);
#3033=ORIENTED_EDGE('',*,*,#2269,.F.);
#3034=ORIENTED_EDGE('',*,*,#2275,.F.);
#3035=ORIENTED_EDGE('',*,*,#2276,.T.);
#3036=ORIENTED_EDGE('',*,*,#2277,.T.);
#3037=ORIENTED_EDGE('',*,*,#2273,.F.);
#3038=ORIENTED_EDGE('',*,*,#2278,.F.);
#3039=ORIENTED_EDGE('',*,*,#2279,.T.);
#3040=ORIENTED_EDGE('',*,*,#2280,.T.);
#3041=ORIENTED_EDGE('',*,*,#2276,.F.);
#3042=ORIENTED_EDGE('',*,*,#2281,.F.);
#3043=ORIENTED_EDGE('',*,*,#2282,.T.);
#3044=ORIENTED_EDGE('',*,*,#2283,.T.);
#3045=ORIENTED_EDGE('',*,*,#2279,.F.);
#3046=ORIENTED_EDGE('',*,*,#2284,.F.);
#3047=ORIENTED_EDGE('',*,*,#2285,.T.);
#3048=ORIENTED_EDGE('',*,*,#2286,.T.);
#3049=ORIENTED_EDGE('',*,*,#2282,.F.);
#3050=ORIENTED_EDGE('',*,*,#2287,.F.);
#3051=ORIENTED_EDGE('',*,*,#2288,.T.);
#3052=ORIENTED_EDGE('',*,*,#2289,.T.);
#3053=ORIENTED_EDGE('',*,*,#2285,.F.);
#3054=ORIENTED_EDGE('',*,*,#2290,.F.);
#3055=ORIENTED_EDGE('',*,*,#2291,.T.);
#3056=ORIENTED_EDGE('',*,*,#2292,.T.);
#3057=ORIENTED_EDGE('',*,*,#2288,.F.);
#3058=ORIENTED_EDGE('',*,*,#2293,.F.);
#3059=ORIENTED_EDGE('',*,*,#2294,.T.);
#3060=ORIENTED_EDGE('',*,*,#2295,.T.);
#3061=ORIENTED_EDGE('',*,*,#2291,.F.);
#3062=ORIENTED_EDGE('',*,*,#2296,.F.);
#3063=ORIENTED_EDGE('',*,*,#2297,.T.);
#3064=ORIENTED_EDGE('',*,*,#2298,.T.);
#3065=ORIENTED_EDGE('',*,*,#2294,.F.);
#3066=ORIENTED_EDGE('',*,*,#2299,.F.);
#3067=ORIENTED_EDGE('',*,*,#2300,.T.);
#3068=ORIENTED_EDGE('',*,*,#2301,.T.);
#3069=ORIENTED_EDGE('',*,*,#2297,.F.);
#3070=ORIENTED_EDGE('',*,*,#2302,.F.);
#3071=ORIENTED_EDGE('',*,*,#2303,.T.);
#3072=ORIENTED_EDGE('',*,*,#2304,.T.);
#3073=ORIENTED_EDGE('',*,*,#2300,.F.);
#3074=ORIENTED_EDGE('',*,*,#2305,.F.);
#3075=ORIENTED_EDGE('',*,*,#2306,.T.);
#3076=ORIENTED_EDGE('',*,*,#2307,.T.);
#3077=ORIENTED_EDGE('',*,*,#2303,.F.);
#3078=ORIENTED_EDGE('',*,*,#2308,.F.);
#3079=ORIENTED_EDGE('',*,*,#2309,.T.);
#3080=ORIENTED_EDGE('',*,*,#2310,.T.);
#3081=ORIENTED_EDGE('',*,*,#2306,.F.);
#3082=ORIENTED_EDGE('',*,*,#2311,.F.);
#3083=ORIENTED_EDGE('',*,*,#2312,.T.);
#3084=ORIENTED_EDGE('',*,*,#2313,.T.);
#3085=ORIENTED_EDGE('',*,*,#2309,.F.);
#3086=ORIENTED_EDGE('',*,*,#2314,.F.);
#3087=ORIENTED_EDGE('',*,*,#2315,.T.);
#3088=ORIENTED_EDGE('',*,*,#2316,.T.);
#3089=ORIENTED_EDGE('',*,*,#2312,.F.);
#3090=ORIENTED_EDGE('',*,*,#2317,.F.);
#3091=ORIENTED_EDGE('',*,*,#2318,.T.);
#3092=ORIENTED_EDGE('',*,*,#2319,.T.);
#3093=ORIENTED_EDGE('',*,*,#2315,.F.);
#3094=ORIENTED_EDGE('',*,*,#2320,.F.);
#3095=ORIENTED_EDGE('',*,*,#2321,.T.);
#3096=ORIENTED_EDGE('',*,*,#2322,.T.);
#3097=ORIENTED_EDGE('',*,*,#2318,.F.);
#3098=ORIENTED_EDGE('',*,*,#2323,.F.);
#3099=ORIENTED_EDGE('',*,*,#2324,.T.);
#3100=ORIENTED_EDGE('',*,*,#2325,.T.);
#3101=ORIENTED_EDGE('',*,*,#2321,.F.);
#3102=ORIENTED_EDGE('',*,*,#2326,.F.);
#3103=ORIENTED_EDGE('',*,*,#2327,.T.);
#3104=ORIENTED_EDGE('',*,*,#2328,.T.);
#3105=ORIENTED_EDGE('',*,*,#2324,.F.);
#3106=ORIENTED_EDGE('',*,*,#2329,.F.);
#3107=ORIENTED_EDGE('',*,*,#2330,.T.);
#3108=ORIENTED_EDGE('',*,*,#2331,.T.);
#3109=ORIENTED_EDGE('',*,*,#2327,.F.);
#3110=ORIENTED_EDGE('',*,*,#2332,.F.);
#3111=ORIENTED_EDGE('',*,*,#2271,.T.);
#3112=ORIENTED_EDGE('',*,*,#2333,.T.);
#3113=ORIENTED_EDGE('',*,*,#2330,.F.);
#3114=ORIENTED_EDGE('',*,*,#2333,.F.);
#3115=ORIENTED_EDGE('',*,*,#2270,.F.);
#3116=ORIENTED_EDGE('',*,*,#2274,.F.);
#3117=ORIENTED_EDGE('',*,*,#2277,.F.);
#3118=ORIENTED_EDGE('',*,*,#2280,.F.);
#3119=ORIENTED_EDGE('',*,*,#2283,.F.);
#3120=ORIENTED_EDGE('',*,*,#2286,.F.);
#3121=ORIENTED_EDGE('',*,*,#2289,.F.);
#3122=ORIENTED_EDGE('',*,*,#2292,.F.);
#3123=ORIENTED_EDGE('',*,*,#2295,.F.);
#3124=ORIENTED_EDGE('',*,*,#2298,.F.);
#3125=ORIENTED_EDGE('',*,*,#2301,.F.);
#3126=ORIENTED_EDGE('',*,*,#2304,.F.);
#3127=ORIENTED_EDGE('',*,*,#2307,.F.);
#3128=ORIENTED_EDGE('',*,*,#2310,.F.);
#3129=ORIENTED_EDGE('',*,*,#2313,.F.);
#3130=ORIENTED_EDGE('',*,*,#2316,.F.);
#3131=ORIENTED_EDGE('',*,*,#2319,.F.);
#3132=ORIENTED_EDGE('',*,*,#2322,.F.);
#3133=ORIENTED_EDGE('',*,*,#2325,.F.);
#3134=ORIENTED_EDGE('',*,*,#2328,.F.);
#3135=ORIENTED_EDGE('',*,*,#2331,.F.);
#3136=ORIENTED_EDGE('',*,*,#2208,.T.);
#3137=ORIENTED_EDGE('',*,*,#2221,.T.);
#3138=ORIENTED_EDGE('',*,*,#2218,.T.);
#3139=ORIENTED_EDGE('',*,*,#2215,.T.);
#3140=ORIENTED_EDGE('',*,*,#2212,.T.);
#3141=ORIENTED_EDGE('',*,*,#2121,.T.);
#3142=ORIENTED_EDGE('',*,*,#2134,.T.);
#3143=ORIENTED_EDGE('',*,*,#2131,.T.);
#3144=ORIENTED_EDGE('',*,*,#2128,.T.);
#3145=ORIENTED_EDGE('',*,*,#2125,.T.);
#3146=ORIENTED_EDGE('',*,*,#2334,.F.);
#3147=ORIENTED_EDGE('',*,*,#2335,.T.);
#3148=ORIENTED_EDGE('',*,*,#2336,.T.);
#3149=ORIENTED_EDGE('',*,*,#2335,.F.);
#3150=ORIENTED_EDGE('',*,*,#2336,.F.);
#3151=ORIENTED_EDGE('',*,*,#2337,.F.);
#3152=ORIENTED_EDGE('',*,*,#2338,.F.);
#3153=ORIENTED_EDGE('',*,*,#2339,.T.);
#3154=ORIENTED_EDGE('',*,*,#2340,.T.);
#3155=ORIENTED_EDGE('',*,*,#2339,.F.);
#3156=ORIENTED_EDGE('',*,*,#2340,.F.);
#3157=ORIENTED_EDGE('',*,*,#2341,.F.);
#3158=ORIENTED_EDGE('',*,*,#2337,.T.);
#3159=ORIENTED_EDGE('',*,*,#2342,.T.);
#3160=ORIENTED_EDGE('',*,*,#2343,.F.);
#3161=ORIENTED_EDGE('',*,*,#2342,.F.);
#3162=ORIENTED_EDGE('',*,*,#2341,.T.);
#3163=ORIENTED_EDGE('',*,*,#2344,.T.);
#3164=ORIENTED_EDGE('',*,*,#2345,.F.);
#3165=ORIENTED_EDGE('',*,*,#2344,.F.);
#3166=ORIENTED_EDGE('',*,*,#2346,.F.);
#3167=ORIENTED_EDGE('',*,*,#2347,.F.);
#3168=ORIENTED_EDGE('',*,*,#2348,.F.);
#3169=ORIENTED_EDGE('',*,*,#2349,.F.);
#3170=ORIENTED_EDGE('',*,*,#2350,.T.);
#3171=ORIENTED_EDGE('',*,*,#2351,.T.);
#3172=ORIENTED_EDGE('',*,*,#2352,.T.);
#3173=ORIENTED_EDGE('',*,*,#2353,.F.);
#3174=ORIENTED_EDGE('',*,*,#2351,.F.);
#3175=ORIENTED_EDGE('',*,*,#2354,.F.);
#3176=ORIENTED_EDGE('',*,*,#2355,.F.);
#3177=ORIENTED_EDGE('',*,*,#2356,.T.);
#3178=ORIENTED_EDGE('',*,*,#2357,.T.);
#3179=ORIENTED_EDGE('',*,*,#2358,.T.);
#3180=ORIENTED_EDGE('',*,*,#2359,.T.);
#3181=ORIENTED_EDGE('',*,*,#2360,.T.);
#3182=ORIENTED_EDGE('',*,*,#2361,.T.);
#3183=ORIENTED_EDGE('',*,*,#2362,.T.);
#3184=ORIENTED_EDGE('',*,*,#2363,.T.);
#3185=ORIENTED_EDGE('',*,*,#2364,.T.);
#3186=ORIENTED_EDGE('',*,*,#2365,.F.);
#3187=ORIENTED_EDGE('',*,*,#2366,.F.);
#3188=ORIENTED_EDGE('',*,*,#2367,.F.);
#3189=ORIENTED_EDGE('',*,*,#2368,.F.);
#3190=ORIENTED_EDGE('',*,*,#2369,.F.);
#3191=ORIENTED_EDGE('',*,*,#2370,.T.);
#3192=ORIENTED_EDGE('',*,*,#2371,.T.);
#3193=ORIENTED_EDGE('',*,*,#2372,.T.);
#3194=ORIENTED_EDGE('',*,*,#2352,.F.);
#3195=ORIENTED_EDGE('',*,*,#2373,.T.);
#3196=ORIENTED_EDGE('',*,*,#2372,.F.);
#3197=ORIENTED_EDGE('',*,*,#2374,.T.);
#3198=ORIENTED_EDGE('',*,*,#2375,.T.);
#3199=ORIENTED_EDGE('',*,*,#2376,.F.);
#3200=ORIENTED_EDGE('',*,*,#2371,.F.);
#3201=ORIENTED_EDGE('',*,*,#2377,.T.);
#3202=ORIENTED_EDGE('',*,*,#2378,.F.);
#3203=ORIENTED_EDGE('',*,*,#2379,.F.);
#3204=ORIENTED_EDGE('',*,*,#2380,.F.);
#3205=ORIENTED_EDGE('',*,*,#2381,.F.);
#3206=ORIENTED_EDGE('',*,*,#2382,.F.);
#3207=ORIENTED_EDGE('',*,*,#2383,.F.);
#3208=ORIENTED_EDGE('',*,*,#2384,.F.);
#3209=ORIENTED_EDGE('',*,*,#2385,.F.);
#3210=ORIENTED_EDGE('',*,*,#2386,.F.);
#3211=ORIENTED_EDGE('',*,*,#2387,.F.);
#3212=ORIENTED_EDGE('',*,*,#2388,.F.);
#3213=ORIENTED_EDGE('',*,*,#2389,.T.);
#3214=ORIENTED_EDGE('',*,*,#2390,.F.);
#3215=ORIENTED_EDGE('',*,*,#2370,.F.);
#3216=ORIENTED_EDGE('',*,*,#2391,.F.);
#3217=ORIENTED_EDGE('',*,*,#2392,.F.);
#3218=ORIENTED_EDGE('',*,*,#2393,.F.);
#3219=ORIENTED_EDGE('',*,*,#2394,.F.);
#3220=ORIENTED_EDGE('',*,*,#2395,.F.);
#3221=ORIENTED_EDGE('',*,*,#2396,.F.);
#3222=ORIENTED_EDGE('',*,*,#2397,.F.);
#3223=ORIENTED_EDGE('',*,*,#2374,.F.);
#3224=ORIENTED_EDGE('',*,*,#2343,.T.);
#3225=ORIENTED_EDGE('',*,*,#2345,.T.);
#3226=ORIENTED_EDGE('',*,*,#2398,.F.);
#3227=ORIENTED_EDGE('',*,*,#2399,.F.);
#3228=ORIENTED_EDGE('',*,*,#2390,.T.);
#3229=ORIENTED_EDGE('',*,*,#2400,.T.);
#3230=ORIENTED_EDGE('',*,*,#2350,.F.);
#3231=ORIENTED_EDGE('',*,*,#2367,.T.);
#3232=ORIENTED_EDGE('',*,*,#2400,.F.);
#3233=ORIENTED_EDGE('',*,*,#2389,.F.);
#3234=ORIENTED_EDGE('',*,*,#2401,.F.);
#3235=ORIENTED_EDGE('',*,*,#2354,.T.);
#3236=ORIENTED_EDGE('',*,*,#2388,.T.);
#3237=ORIENTED_EDGE('',*,*,#2402,.T.);
#3238=ORIENTED_EDGE('',*,*,#2355,.T.);
#3239=ORIENTED_EDGE('',*,*,#2401,.T.);
#3240=ORIENTED_EDGE('',*,*,#2378,.T.);
#3241=ORIENTED_EDGE('',*,*,#2403,.T.);
#3242=ORIENTED_EDGE('',*,*,#2365,.T.);
#3243=ORIENTED_EDGE('',*,*,#2404,.T.);
#3244=ORIENTED_EDGE('',*,*,#2404,.F.);
#3245=ORIENTED_EDGE('',*,*,#2364,.F.);
#3246=ORIENTED_EDGE('',*,*,#2405,.F.);
#3247=ORIENTED_EDGE('',*,*,#2379,.T.);
#3248=ORIENTED_EDGE('',*,*,#2373,.F.);
#3249=ORIENTED_EDGE('',*,*,#2366,.T.);
#3250=ORIENTED_EDGE('',*,*,#2403,.F.);
#3251=ORIENTED_EDGE('',*,*,#2377,.F.);
#3252=ORIENTED_EDGE('',*,*,#2402,.F.);
#3253=ORIENTED_EDGE('',*,*,#2387,.T.);
#3254=ORIENTED_EDGE('',*,*,#2406,.T.);
#3255=ORIENTED_EDGE('',*,*,#2356,.F.);
#3256=ORIENTED_EDGE('',*,*,#2407,.F.);
#3257=ORIENTED_EDGE('',*,*,#2408,.T.);
#3258=ORIENTED_EDGE('',*,*,#2346,.T.);
#3259=ORIENTED_EDGE('',*,*,#2408,.F.);
#3260=ORIENTED_EDGE('',*,*,#2409,.F.);
#3261=ORIENTED_EDGE('',*,*,#2410,.T.);
#3262=ORIENTED_EDGE('',*,*,#2348,.T.);
#3263=ORIENTED_EDGE('',*,*,#2410,.F.);
#3264=ORIENTED_EDGE('',*,*,#2411,.T.);
#3265=ORIENTED_EDGE('',*,*,#2368,.T.);
#3266=ORIENTED_EDGE('',*,*,#2353,.T.);
#3267=ORIENTED_EDGE('',*,*,#2376,.T.);
#3268=ORIENTED_EDGE('',*,*,#2412,.T.);
#3269=ORIENTED_EDGE('',*,*,#2413,.T.);
#3270=ORIENTED_EDGE('',*,*,#2414,.T.);
#3271=ORIENTED_EDGE('',*,*,#2415,.T.);
#3272=ORIENTED_EDGE('',*,*,#2416,.T.);
#3273=ORIENTED_EDGE('',*,*,#2417,.T.);
#3274=ORIENTED_EDGE('',*,*,#2334,.T.);
#3275=ORIENTED_EDGE('',*,*,#2338,.T.);
#3276=ORIENTED_EDGE('',*,*,#2409,.T.);
#3277=ORIENTED_EDGE('',*,*,#2407,.T.);
#3278=ORIENTED_EDGE('',*,*,#2268,.T.);
#3279=ORIENTED_EDGE('',*,*,#2332,.T.);
#3280=ORIENTED_EDGE('',*,*,#2329,.T.);
#3281=ORIENTED_EDGE('',*,*,#2326,.T.);
#3282=ORIENTED_EDGE('',*,*,#2323,.T.);
#3283=ORIENTED_EDGE('',*,*,#2320,.T.);
#3284=ORIENTED_EDGE('',*,*,#2317,.T.);
#3285=ORIENTED_EDGE('',*,*,#2314,.T.);
#3286=ORIENTED_EDGE('',*,*,#2311,.T.);
#3287=ORIENTED_EDGE('',*,*,#2308,.T.);
#3288=ORIENTED_EDGE('',*,*,#2305,.T.);
#3289=ORIENTED_EDGE('',*,*,#2302,.T.);
#3290=ORIENTED_EDGE('',*,*,#2299,.T.);
#3291=ORIENTED_EDGE('',*,*,#2296,.T.);
#3292=ORIENTED_EDGE('',*,*,#2293,.T.);
#3293=ORIENTED_EDGE('',*,*,#2290,.T.);
#3294=ORIENTED_EDGE('',*,*,#2287,.T.);
#3295=ORIENTED_EDGE('',*,*,#2284,.T.);
#3296=ORIENTED_EDGE('',*,*,#2281,.T.);
#3297=ORIENTED_EDGE('',*,*,#2278,.T.);
#3298=ORIENTED_EDGE('',*,*,#2275,.T.);
#3299=ORIENTED_EDGE('',*,*,#2272,.T.);
#3300=ORIENTED_EDGE('',*,*,#2223,.T.);
#3301=ORIENTED_EDGE('',*,*,#2266,.T.);
#3302=ORIENTED_EDGE('',*,*,#2263,.T.);
#3303=ORIENTED_EDGE('',*,*,#2260,.T.);
#3304=ORIENTED_EDGE('',*,*,#2257,.T.);
#3305=ORIENTED_EDGE('',*,*,#2254,.T.);
#3306=ORIENTED_EDGE('',*,*,#2251,.T.);
#3307=ORIENTED_EDGE('',*,*,#2248,.T.);
#3308=ORIENTED_EDGE('',*,*,#2245,.T.);
#3309=ORIENTED_EDGE('',*,*,#2242,.T.);
#3310=ORIENTED_EDGE('',*,*,#2239,.T.);
#3311=ORIENTED_EDGE('',*,*,#2236,.T.);
#3312=ORIENTED_EDGE('',*,*,#2233,.T.);
#3313=ORIENTED_EDGE('',*,*,#2230,.T.);
#3314=ORIENTED_EDGE('',*,*,#2227,.T.);
#3315=ORIENTED_EDGE('',*,*,#2181,.T.);
#3316=ORIENTED_EDGE('',*,*,#2206,.T.);
#3317=ORIENTED_EDGE('',*,*,#2203,.T.);
#3318=ORIENTED_EDGE('',*,*,#2200,.T.);
#3319=ORIENTED_EDGE('',*,*,#2197,.T.);
#3320=ORIENTED_EDGE('',*,*,#2194,.T.);
#3321=ORIENTED_EDGE('',*,*,#2191,.T.);
#3322=ORIENTED_EDGE('',*,*,#2188,.T.);
#3323=ORIENTED_EDGE('',*,*,#2185,.T.);
#3324=ORIENTED_EDGE('',*,*,#2136,.T.);
#3325=ORIENTED_EDGE('',*,*,#2179,.T.);
#3326=ORIENTED_EDGE('',*,*,#2176,.T.);
#3327=ORIENTED_EDGE('',*,*,#2173,.T.);
#3328=ORIENTED_EDGE('',*,*,#2170,.T.);
#3329=ORIENTED_EDGE('',*,*,#2167,.T.);
#3330=ORIENTED_EDGE('',*,*,#2164,.T.);
#3331=ORIENTED_EDGE('',*,*,#2161,.T.);
#3332=ORIENTED_EDGE('',*,*,#2158,.T.);
#3333=ORIENTED_EDGE('',*,*,#2155,.T.);
#3334=ORIENTED_EDGE('',*,*,#2152,.T.);
#3335=ORIENTED_EDGE('',*,*,#2149,.T.);
#3336=ORIENTED_EDGE('',*,*,#2146,.T.);
#3337=ORIENTED_EDGE('',*,*,#2143,.T.);
#3338=ORIENTED_EDGE('',*,*,#2140,.T.);
#3339=ORIENTED_EDGE('',*,*,#2082,.T.);
#3340=ORIENTED_EDGE('',*,*,#2119,.T.);
#3341=ORIENTED_EDGE('',*,*,#2116,.T.);
#3342=ORIENTED_EDGE('',*,*,#2113,.T.);
#3343=ORIENTED_EDGE('',*,*,#2110,.T.);
#3344=ORIENTED_EDGE('',*,*,#2107,.T.);
#3345=ORIENTED_EDGE('',*,*,#2104,.T.);
#3346=ORIENTED_EDGE('',*,*,#2101,.T.);
#3347=ORIENTED_EDGE('',*,*,#2098,.T.);
#3348=ORIENTED_EDGE('',*,*,#2095,.T.);
#3349=ORIENTED_EDGE('',*,*,#2092,.T.);
#3350=ORIENTED_EDGE('',*,*,#2089,.T.);
#3351=ORIENTED_EDGE('',*,*,#2086,.T.);
#3352=ORIENTED_EDGE('',*,*,#2070,.T.);
#3353=ORIENTED_EDGE('',*,*,#2080,.T.);
#3354=ORIENTED_EDGE('',*,*,#2077,.T.);
#3355=ORIENTED_EDGE('',*,*,#2074,.T.);
#3356=ORIENTED_EDGE('',*,*,#2380,.T.);
#3357=ORIENTED_EDGE('',*,*,#2405,.T.);
#3358=ORIENTED_EDGE('',*,*,#2363,.F.);
#3359=ORIENTED_EDGE('',*,*,#2418,.F.);
#3360=ORIENTED_EDGE('',*,*,#2381,.T.);
#3361=ORIENTED_EDGE('',*,*,#2418,.T.);
#3362=ORIENTED_EDGE('',*,*,#2362,.F.);
#3363=ORIENTED_EDGE('',*,*,#2419,.F.);
#3364=ORIENTED_EDGE('',*,*,#2382,.T.);
#3365=ORIENTED_EDGE('',*,*,#2419,.T.);
#3366=ORIENTED_EDGE('',*,*,#2361,.F.);
#3367=ORIENTED_EDGE('',*,*,#2420,.F.);
#3368=ORIENTED_EDGE('',*,*,#2383,.T.);
#3369=ORIENTED_EDGE('',*,*,#2420,.T.);
#3370=ORIENTED_EDGE('',*,*,#2360,.F.);
#3371=ORIENTED_EDGE('',*,*,#2421,.F.);
#3372=ORIENTED_EDGE('',*,*,#2384,.T.);
#3373=ORIENTED_EDGE('',*,*,#2421,.T.);
#3374=ORIENTED_EDGE('',*,*,#2359,.F.);
#3375=ORIENTED_EDGE('',*,*,#2422,.F.);
#3376=ORIENTED_EDGE('',*,*,#2385,.T.);
#3377=ORIENTED_EDGE('',*,*,#2422,.T.);
#3378=ORIENTED_EDGE('',*,*,#2358,.F.);
#3379=ORIENTED_EDGE('',*,*,#2423,.F.);
#3380=ORIENTED_EDGE('',*,*,#2386,.T.);
#3381=ORIENTED_EDGE('',*,*,#2423,.T.);
#3382=ORIENTED_EDGE('',*,*,#2357,.F.);
#3383=ORIENTED_EDGE('',*,*,#2406,.F.);
#3384=ORIENTED_EDGE('',*,*,#2349,.T.);
#3385=ORIENTED_EDGE('',*,*,#2424,.T.);
#3386=ORIENTED_EDGE('',*,*,#2399,.T.);
#3387=ORIENTED_EDGE('',*,*,#2424,.F.);
#3388=ORIENTED_EDGE('',*,*,#2347,.T.);
#3389=ORIENTED_EDGE('',*,*,#2425,.T.);
#3390=ORIENTED_EDGE('',*,*,#2398,.T.);
#3391=ORIENTED_EDGE('',*,*,#2425,.F.);
#3392=ORIENTED_EDGE('',*,*,#2391,.T.);
#3393=ORIENTED_EDGE('',*,*,#2369,.T.);
#3394=ORIENTED_EDGE('',*,*,#2411,.F.);
#3395=ORIENTED_EDGE('',*,*,#2426,.F.);
#3396=ORIENTED_EDGE('',*,*,#2392,.T.);
#3397=ORIENTED_EDGE('',*,*,#2426,.T.);
#3398=ORIENTED_EDGE('',*,*,#2417,.F.);
#3399=ORIENTED_EDGE('',*,*,#2427,.F.);
#3400=ORIENTED_EDGE('',*,*,#2393,.T.);
#3401=ORIENTED_EDGE('',*,*,#2427,.T.);
#3402=ORIENTED_EDGE('',*,*,#2416,.F.);
#3403=ORIENTED_EDGE('',*,*,#2428,.F.);
#3404=ORIENTED_EDGE('',*,*,#2394,.T.);
#3405=ORIENTED_EDGE('',*,*,#2428,.T.);
#3406=ORIENTED_EDGE('',*,*,#2415,.F.);
#3407=ORIENTED_EDGE('',*,*,#2429,.F.);
#3408=ORIENTED_EDGE('',*,*,#2395,.T.);
#3409=ORIENTED_EDGE('',*,*,#2429,.T.);
#3410=ORIENTED_EDGE('',*,*,#2414,.F.);
#3411=ORIENTED_EDGE('',*,*,#2430,.F.);
#3412=ORIENTED_EDGE('',*,*,#2396,.T.);
#3413=ORIENTED_EDGE('',*,*,#2430,.T.);
#3414=ORIENTED_EDGE('',*,*,#2413,.F.);
#3415=ORIENTED_EDGE('',*,*,#2431,.F.);
#3416=ORIENTED_EDGE('',*,*,#2397,.T.);
#3417=ORIENTED_EDGE('',*,*,#2431,.T.);
#3418=ORIENTED_EDGE('',*,*,#2412,.F.);
#3419=ORIENTED_EDGE('',*,*,#2375,.F.);
#3420=ORIENTED_EDGE('',*,*,#2432,.F.);
#3421=ORIENTED_EDGE('',*,*,#2433,.T.);
#3422=ORIENTED_EDGE('',*,*,#2434,.F.);
#3423=ORIENTED_EDGE('',*,*,#2435,.F.);
#3424=ORIENTED_EDGE('',*,*,#2436,.F.);
#3425=ORIENTED_EDGE('',*,*,#2435,.T.);
#3426=ORIENTED_EDGE('',*,*,#2437,.F.);
#3427=ORIENTED_EDGE('',*,*,#2438,.F.);
#3428=ORIENTED_EDGE('',*,*,#2439,.F.);
#3429=ORIENTED_EDGE('',*,*,#2438,.T.);
#3430=ORIENTED_EDGE('',*,*,#2440,.F.);
#3431=ORIENTED_EDGE('',*,*,#2441,.F.);
#3432=ORIENTED_EDGE('',*,*,#2442,.F.);
#3433=ORIENTED_EDGE('',*,*,#2441,.T.);
#3434=ORIENTED_EDGE('',*,*,#2443,.F.);
#3435=ORIENTED_EDGE('',*,*,#2444,.F.);
#3436=ORIENTED_EDGE('',*,*,#2445,.F.);
#3437=ORIENTED_EDGE('',*,*,#2444,.T.);
#3438=ORIENTED_EDGE('',*,*,#2446,.F.);
#3439=ORIENTED_EDGE('',*,*,#2433,.F.);
#3440=ORIENTED_EDGE('',*,*,#2447,.F.);
#3441=ORIENTED_EDGE('',*,*,#2448,.T.);
#3442=ORIENTED_EDGE('',*,*,#2449,.F.);
#3443=ORIENTED_EDGE('',*,*,#2450,.F.);
#3444=ORIENTED_EDGE('',*,*,#2451,.F.);
#3445=ORIENTED_EDGE('',*,*,#2450,.T.);
#3446=ORIENTED_EDGE('',*,*,#2452,.F.);
#3447=ORIENTED_EDGE('',*,*,#2453,.F.);
#3448=ORIENTED_EDGE('',*,*,#2454,.F.);
#3449=ORIENTED_EDGE('',*,*,#2453,.T.);
#3450=ORIENTED_EDGE('',*,*,#2455,.F.);
#3451=ORIENTED_EDGE('',*,*,#2456,.F.);
#3452=ORIENTED_EDGE('',*,*,#2457,.F.);
#3453=ORIENTED_EDGE('',*,*,#2456,.T.);
#3454=ORIENTED_EDGE('',*,*,#2458,.F.);
#3455=ORIENTED_EDGE('',*,*,#2459,.F.);
#3456=ORIENTED_EDGE('',*,*,#2460,.F.);
#3457=ORIENTED_EDGE('',*,*,#2459,.T.);
#3458=ORIENTED_EDGE('',*,*,#2461,.F.);
#3459=ORIENTED_EDGE('',*,*,#2462,.F.);
#3460=ORIENTED_EDGE('',*,*,#2463,.F.);
#3461=ORIENTED_EDGE('',*,*,#2462,.T.);
#3462=ORIENTED_EDGE('',*,*,#2464,.F.);
#3463=ORIENTED_EDGE('',*,*,#2465,.F.);
#3464=ORIENTED_EDGE('',*,*,#2466,.F.);
#3465=ORIENTED_EDGE('',*,*,#2465,.T.);
#3466=ORIENTED_EDGE('',*,*,#2467,.F.);
#3467=ORIENTED_EDGE('',*,*,#2468,.F.);
#3468=ORIENTED_EDGE('',*,*,#2469,.F.);
#3469=ORIENTED_EDGE('',*,*,#2468,.T.);
#3470=ORIENTED_EDGE('',*,*,#2470,.F.);
#3471=ORIENTED_EDGE('',*,*,#2471,.F.);
#3472=ORIENTED_EDGE('',*,*,#2472,.F.);
#3473=ORIENTED_EDGE('',*,*,#2471,.T.);
#3474=ORIENTED_EDGE('',*,*,#2473,.F.);
#3475=ORIENTED_EDGE('',*,*,#2474,.F.);
#3476=ORIENTED_EDGE('',*,*,#2475,.F.);
#3477=ORIENTED_EDGE('',*,*,#2474,.T.);
#3478=ORIENTED_EDGE('',*,*,#2476,.F.);
#3479=ORIENTED_EDGE('',*,*,#2477,.F.);
#3480=ORIENTED_EDGE('',*,*,#2478,.F.);
#3481=ORIENTED_EDGE('',*,*,#2477,.T.);
#3482=ORIENTED_EDGE('',*,*,#2479,.F.);
#3483=ORIENTED_EDGE('',*,*,#2480,.F.);
#3484=ORIENTED_EDGE('',*,*,#2481,.F.);
#3485=ORIENTED_EDGE('',*,*,#2480,.T.);
#3486=ORIENTED_EDGE('',*,*,#2482,.F.);
#3487=ORIENTED_EDGE('',*,*,#2483,.F.);
#3488=ORIENTED_EDGE('',*,*,#2484,.F.);
#3489=ORIENTED_EDGE('',*,*,#2483,.T.);
#3490=ORIENTED_EDGE('',*,*,#2485,.F.);
#3491=ORIENTED_EDGE('',*,*,#2486,.F.);
#3492=ORIENTED_EDGE('',*,*,#2487,.F.);
#3493=ORIENTED_EDGE('',*,*,#2486,.T.);
#3494=ORIENTED_EDGE('',*,*,#2488,.F.);
#3495=ORIENTED_EDGE('',*,*,#2489,.F.);
#3496=ORIENTED_EDGE('',*,*,#2490,.F.);
#3497=ORIENTED_EDGE('',*,*,#2489,.T.);
#3498=ORIENTED_EDGE('',*,*,#2491,.F.);
#3499=ORIENTED_EDGE('',*,*,#2448,.F.);
#3500=ORIENTED_EDGE('',*,*,#2491,.T.);
#3501=ORIENTED_EDGE('',*,*,#2488,.T.);
#3502=ORIENTED_EDGE('',*,*,#2485,.T.);
#3503=ORIENTED_EDGE('',*,*,#2482,.T.);
#3504=ORIENTED_EDGE('',*,*,#2479,.T.);
#3505=ORIENTED_EDGE('',*,*,#2476,.T.);
#3506=ORIENTED_EDGE('',*,*,#2473,.T.);
#3507=ORIENTED_EDGE('',*,*,#2470,.T.);
#3508=ORIENTED_EDGE('',*,*,#2467,.T.);
#3509=ORIENTED_EDGE('',*,*,#2464,.T.);
#3510=ORIENTED_EDGE('',*,*,#2461,.T.);
#3511=ORIENTED_EDGE('',*,*,#2458,.T.);
#3512=ORIENTED_EDGE('',*,*,#2455,.T.);
#3513=ORIENTED_EDGE('',*,*,#2452,.T.);
#3514=ORIENTED_EDGE('',*,*,#2449,.T.);
#3515=ORIENTED_EDGE('',*,*,#2446,.T.);
#3516=ORIENTED_EDGE('',*,*,#2443,.T.);
#3517=ORIENTED_EDGE('',*,*,#2440,.T.);
#3518=ORIENTED_EDGE('',*,*,#2437,.T.);
#3519=ORIENTED_EDGE('',*,*,#2434,.T.);
#3520=ORIENTED_EDGE('',*,*,#2490,.T.);
#3521=ORIENTED_EDGE('',*,*,#2447,.T.);
#3522=ORIENTED_EDGE('',*,*,#2451,.T.);
#3523=ORIENTED_EDGE('',*,*,#2454,.T.);
#3524=ORIENTED_EDGE('',*,*,#2457,.T.);
#3525=ORIENTED_EDGE('',*,*,#2460,.T.);
#3526=ORIENTED_EDGE('',*,*,#2463,.T.);
#3527=ORIENTED_EDGE('',*,*,#2466,.T.);
#3528=ORIENTED_EDGE('',*,*,#2469,.T.);
#3529=ORIENTED_EDGE('',*,*,#2472,.T.);
#3530=ORIENTED_EDGE('',*,*,#2475,.T.);
#3531=ORIENTED_EDGE('',*,*,#2478,.T.);
#3532=ORIENTED_EDGE('',*,*,#2481,.T.);
#3533=ORIENTED_EDGE('',*,*,#2484,.T.);
#3534=ORIENTED_EDGE('',*,*,#2487,.T.);
#3535=ORIENTED_EDGE('',*,*,#2445,.T.);
#3536=ORIENTED_EDGE('',*,*,#2432,.T.);
#3537=ORIENTED_EDGE('',*,*,#2436,.T.);
#3538=ORIENTED_EDGE('',*,*,#2439,.T.);
#3539=ORIENTED_EDGE('',*,*,#2442,.T.);
#3540=ORIENTED_EDGE('',*,*,#2492,.F.);
#3541=ORIENTED_EDGE('',*,*,#2493,.T.);
#3542=ORIENTED_EDGE('',*,*,#2494,.F.);
#3543=ORIENTED_EDGE('',*,*,#2495,.F.);
#3544=ORIENTED_EDGE('',*,*,#2496,.F.);
#3545=ORIENTED_EDGE('',*,*,#2495,.T.);
#3546=ORIENTED_EDGE('',*,*,#2497,.F.);
#3547=ORIENTED_EDGE('',*,*,#2498,.F.);
#3548=ORIENTED_EDGE('',*,*,#2499,.F.);
#3549=ORIENTED_EDGE('',*,*,#2498,.T.);
#3550=ORIENTED_EDGE('',*,*,#2500,.F.);
#3551=ORIENTED_EDGE('',*,*,#2501,.F.);
#3552=ORIENTED_EDGE('',*,*,#2502,.F.);
#3553=ORIENTED_EDGE('',*,*,#2501,.T.);
#3554=ORIENTED_EDGE('',*,*,#2503,.F.);
#3555=ORIENTED_EDGE('',*,*,#2504,.F.);
#3556=ORIENTED_EDGE('',*,*,#2505,.F.);
#3557=ORIENTED_EDGE('',*,*,#2504,.T.);
#3558=ORIENTED_EDGE('',*,*,#2506,.F.);
#3559=ORIENTED_EDGE('',*,*,#2493,.F.);
#3560=ORIENTED_EDGE('',*,*,#2507,.F.);
#3561=ORIENTED_EDGE('',*,*,#2508,.T.);
#3562=ORIENTED_EDGE('',*,*,#2509,.F.);
#3563=ORIENTED_EDGE('',*,*,#2510,.F.);
#3564=ORIENTED_EDGE('',*,*,#2511,.F.);
#3565=ORIENTED_EDGE('',*,*,#2510,.T.);
#3566=ORIENTED_EDGE('',*,*,#2512,.F.);
#3567=ORIENTED_EDGE('',*,*,#2513,.F.);
#3568=ORIENTED_EDGE('',*,*,#2514,.F.);
#3569=ORIENTED_EDGE('',*,*,#2513,.T.);
#3570=ORIENTED_EDGE('',*,*,#2515,.F.);
#3571=ORIENTED_EDGE('',*,*,#2516,.F.);
#3572=ORIENTED_EDGE('',*,*,#2517,.F.);
#3573=ORIENTED_EDGE('',*,*,#2516,.T.);
#3574=ORIENTED_EDGE('',*,*,#2518,.F.);
#3575=ORIENTED_EDGE('',*,*,#2519,.F.);
#3576=ORIENTED_EDGE('',*,*,#2520,.F.);
#3577=ORIENTED_EDGE('',*,*,#2519,.T.);
#3578=ORIENTED_EDGE('',*,*,#2521,.F.);
#3579=ORIENTED_EDGE('',*,*,#2522,.F.);
#3580=ORIENTED_EDGE('',*,*,#2523,.F.);
#3581=ORIENTED_EDGE('',*,*,#2522,.T.);
#3582=ORIENTED_EDGE('',*,*,#2524,.F.);
#3583=ORIENTED_EDGE('',*,*,#2525,.F.);
#3584=ORIENTED_EDGE('',*,*,#2526,.F.);
#3585=ORIENTED_EDGE('',*,*,#2525,.T.);
#3586=ORIENTED_EDGE('',*,*,#2527,.F.);
#3587=ORIENTED_EDGE('',*,*,#2528,.F.);
#3588=ORIENTED_EDGE('',*,*,#2529,.F.);
#3589=ORIENTED_EDGE('',*,*,#2528,.T.);
#3590=ORIENTED_EDGE('',*,*,#2530,.F.);
#3591=ORIENTED_EDGE('',*,*,#2531,.F.);
#3592=ORIENTED_EDGE('',*,*,#2532,.F.);
#3593=ORIENTED_EDGE('',*,*,#2531,.T.);
#3594=ORIENTED_EDGE('',*,*,#2533,.F.);
#3595=ORIENTED_EDGE('',*,*,#2534,.F.);
#3596=ORIENTED_EDGE('',*,*,#2535,.F.);
#3597=ORIENTED_EDGE('',*,*,#2534,.T.);
#3598=ORIENTED_EDGE('',*,*,#2536,.F.);
#3599=ORIENTED_EDGE('',*,*,#2537,.F.);
#3600=ORIENTED_EDGE('',*,*,#2538,.F.);
#3601=ORIENTED_EDGE('',*,*,#2537,.T.);
#3602=ORIENTED_EDGE('',*,*,#2539,.F.);
#3603=ORIENTED_EDGE('',*,*,#2540,.F.);
#3604=ORIENTED_EDGE('',*,*,#2541,.F.);
#3605=ORIENTED_EDGE('',*,*,#2540,.T.);
#3606=ORIENTED_EDGE('',*,*,#2542,.F.);
#3607=ORIENTED_EDGE('',*,*,#2543,.F.);
#3608=ORIENTED_EDGE('',*,*,#2544,.F.);
#3609=ORIENTED_EDGE('',*,*,#2543,.T.);
#3610=ORIENTED_EDGE('',*,*,#2545,.F.);
#3611=ORIENTED_EDGE('',*,*,#2546,.F.);
#3612=ORIENTED_EDGE('',*,*,#2547,.F.);
#3613=ORIENTED_EDGE('',*,*,#2546,.T.);
#3614=ORIENTED_EDGE('',*,*,#2548,.F.);
#3615=ORIENTED_EDGE('',*,*,#2549,.F.);
#3616=ORIENTED_EDGE('',*,*,#2550,.F.);
#3617=ORIENTED_EDGE('',*,*,#2549,.T.);
#3618=ORIENTED_EDGE('',*,*,#2551,.F.);
#3619=ORIENTED_EDGE('',*,*,#2508,.F.);
#3620=ORIENTED_EDGE('',*,*,#2551,.T.);
#3621=ORIENTED_EDGE('',*,*,#2548,.T.);
#3622=ORIENTED_EDGE('',*,*,#2545,.T.);
#3623=ORIENTED_EDGE('',*,*,#2542,.T.);
#3624=ORIENTED_EDGE('',*,*,#2539,.T.);
#3625=ORIENTED_EDGE('',*,*,#2536,.T.);
#3626=ORIENTED_EDGE('',*,*,#2533,.T.);
#3627=ORIENTED_EDGE('',*,*,#2530,.T.);
#3628=ORIENTED_EDGE('',*,*,#2527,.T.);
#3629=ORIENTED_EDGE('',*,*,#2524,.T.);
#3630=ORIENTED_EDGE('',*,*,#2521,.T.);
#3631=ORIENTED_EDGE('',*,*,#2518,.T.);
#3632=ORIENTED_EDGE('',*,*,#2515,.T.);
#3633=ORIENTED_EDGE('',*,*,#2512,.T.);
#3634=ORIENTED_EDGE('',*,*,#2509,.T.);
#3635=ORIENTED_EDGE('',*,*,#2506,.T.);
#3636=ORIENTED_EDGE('',*,*,#2503,.T.);
#3637=ORIENTED_EDGE('',*,*,#2500,.T.);
#3638=ORIENTED_EDGE('',*,*,#2497,.T.);
#3639=ORIENTED_EDGE('',*,*,#2494,.T.);
#3640=ORIENTED_EDGE('',*,*,#2550,.T.);
#3641=ORIENTED_EDGE('',*,*,#2507,.T.);
#3642=ORIENTED_EDGE('',*,*,#2511,.T.);
#3643=ORIENTED_EDGE('',*,*,#2514,.T.);
#3644=ORIENTED_EDGE('',*,*,#2517,.T.);
#3645=ORIENTED_EDGE('',*,*,#2520,.T.);
#3646=ORIENTED_EDGE('',*,*,#2523,.T.);
#3647=ORIENTED_EDGE('',*,*,#2526,.T.);
#3648=ORIENTED_EDGE('',*,*,#2529,.T.);
#3649=ORIENTED_EDGE('',*,*,#2532,.T.);
#3650=ORIENTED_EDGE('',*,*,#2535,.T.);
#3651=ORIENTED_EDGE('',*,*,#2538,.T.);
#3652=ORIENTED_EDGE('',*,*,#2541,.T.);
#3653=ORIENTED_EDGE('',*,*,#2544,.T.);
#3654=ORIENTED_EDGE('',*,*,#2547,.T.);
#3655=ORIENTED_EDGE('',*,*,#2505,.T.);
#3656=ORIENTED_EDGE('',*,*,#2492,.T.);
#3657=ORIENTED_EDGE('',*,*,#2496,.T.);
#3658=ORIENTED_EDGE('',*,*,#2499,.T.);
#3659=ORIENTED_EDGE('',*,*,#2502,.T.);
#3660=ORIENTED_EDGE('',*,*,#2552,.F.);
#3661=ORIENTED_EDGE('',*,*,#2553,.T.);
#3662=ORIENTED_EDGE('',*,*,#2554,.F.);
#3663=ORIENTED_EDGE('',*,*,#2555,.F.);
#3664=ORIENTED_EDGE('',*,*,#2556,.F.);
#3665=ORIENTED_EDGE('',*,*,#2555,.T.);
#3666=ORIENTED_EDGE('',*,*,#2557,.F.);
#3667=ORIENTED_EDGE('',*,*,#2558,.F.);
#3668=ORIENTED_EDGE('',*,*,#2559,.F.);
#3669=ORIENTED_EDGE('',*,*,#2558,.T.);
#3670=ORIENTED_EDGE('',*,*,#2560,.F.);
#3671=ORIENTED_EDGE('',*,*,#2561,.F.);
#3672=ORIENTED_EDGE('',*,*,#2562,.F.);
#3673=ORIENTED_EDGE('',*,*,#2561,.T.);
#3674=ORIENTED_EDGE('',*,*,#2563,.F.);
#3675=ORIENTED_EDGE('',*,*,#2564,.F.);
#3676=ORIENTED_EDGE('',*,*,#2565,.F.);
#3677=ORIENTED_EDGE('',*,*,#2564,.T.);
#3678=ORIENTED_EDGE('',*,*,#2566,.F.);
#3679=ORIENTED_EDGE('',*,*,#2567,.F.);
#3680=ORIENTED_EDGE('',*,*,#2568,.F.);
#3681=ORIENTED_EDGE('',*,*,#2567,.T.);
#3682=ORIENTED_EDGE('',*,*,#2569,.F.);
#3683=ORIENTED_EDGE('',*,*,#2570,.F.);
#3684=ORIENTED_EDGE('',*,*,#2571,.F.);
#3685=ORIENTED_EDGE('',*,*,#2570,.T.);
#3686=ORIENTED_EDGE('',*,*,#2572,.F.);
#3687=ORIENTED_EDGE('',*,*,#2573,.F.);
#3688=ORIENTED_EDGE('',*,*,#2574,.F.);
#3689=ORIENTED_EDGE('',*,*,#2573,.T.);
#3690=ORIENTED_EDGE('',*,*,#2575,.F.);
#3691=ORIENTED_EDGE('',*,*,#2576,.F.);
#3692=ORIENTED_EDGE('',*,*,#2577,.F.);
#3693=ORIENTED_EDGE('',*,*,#2576,.T.);
#3694=ORIENTED_EDGE('',*,*,#2578,.F.);
#3695=ORIENTED_EDGE('',*,*,#2579,.F.);
#3696=ORIENTED_EDGE('',*,*,#2580,.F.);
#3697=ORIENTED_EDGE('',*,*,#2579,.T.);
#3698=ORIENTED_EDGE('',*,*,#2581,.F.);
#3699=ORIENTED_EDGE('',*,*,#2582,.F.);
#3700=ORIENTED_EDGE('',*,*,#2583,.F.);
#3701=ORIENTED_EDGE('',*,*,#2582,.T.);
#3702=ORIENTED_EDGE('',*,*,#2584,.F.);
#3703=ORIENTED_EDGE('',*,*,#2585,.F.);
#3704=ORIENTED_EDGE('',*,*,#2586,.F.);
#3705=ORIENTED_EDGE('',*,*,#2585,.T.);
#3706=ORIENTED_EDGE('',*,*,#2587,.F.);
#3707=ORIENTED_EDGE('',*,*,#2588,.F.);
#3708=ORIENTED_EDGE('',*,*,#2589,.F.);
#3709=ORIENTED_EDGE('',*,*,#2588,.T.);
#3710=ORIENTED_EDGE('',*,*,#2590,.F.);
#3711=ORIENTED_EDGE('',*,*,#2591,.F.);
#3712=ORIENTED_EDGE('',*,*,#2592,.F.);
#3713=ORIENTED_EDGE('',*,*,#2591,.T.);
#3714=ORIENTED_EDGE('',*,*,#2593,.F.);
#3715=ORIENTED_EDGE('',*,*,#2594,.F.);
#3716=ORIENTED_EDGE('',*,*,#2595,.F.);
#3717=ORIENTED_EDGE('',*,*,#2594,.T.);
#3718=ORIENTED_EDGE('',*,*,#2596,.F.);
#3719=ORIENTED_EDGE('',*,*,#2597,.F.);
#3720=ORIENTED_EDGE('',*,*,#2598,.F.);
#3721=ORIENTED_EDGE('',*,*,#2597,.T.);
#3722=ORIENTED_EDGE('',*,*,#2599,.F.);
#3723=ORIENTED_EDGE('',*,*,#2600,.F.);
#3724=ORIENTED_EDGE('',*,*,#2601,.F.);
#3725=ORIENTED_EDGE('',*,*,#2600,.T.);
#3726=ORIENTED_EDGE('',*,*,#2602,.F.);
#3727=ORIENTED_EDGE('',*,*,#2603,.F.);
#3728=ORIENTED_EDGE('',*,*,#2604,.F.);
#3729=ORIENTED_EDGE('',*,*,#2603,.T.);
#3730=ORIENTED_EDGE('',*,*,#2605,.F.);
#3731=ORIENTED_EDGE('',*,*,#2606,.F.);
#3732=ORIENTED_EDGE('',*,*,#2607,.F.);
#3733=ORIENTED_EDGE('',*,*,#2606,.T.);
#3734=ORIENTED_EDGE('',*,*,#2608,.F.);
#3735=ORIENTED_EDGE('',*,*,#2609,.F.);
#3736=ORIENTED_EDGE('',*,*,#2610,.F.);
#3737=ORIENTED_EDGE('',*,*,#2609,.T.);
#3738=ORIENTED_EDGE('',*,*,#2611,.F.);
#3739=ORIENTED_EDGE('',*,*,#2612,.F.);
#3740=ORIENTED_EDGE('',*,*,#2613,.F.);
#3741=ORIENTED_EDGE('',*,*,#2612,.T.);
#3742=ORIENTED_EDGE('',*,*,#2614,.F.);
#3743=ORIENTED_EDGE('',*,*,#2615,.F.);
#3744=ORIENTED_EDGE('',*,*,#2616,.F.);
#3745=ORIENTED_EDGE('',*,*,#2615,.T.);
#3746=ORIENTED_EDGE('',*,*,#2617,.F.);
#3747=ORIENTED_EDGE('',*,*,#2553,.F.);
#3748=ORIENTED_EDGE('',*,*,#2617,.T.);
#3749=ORIENTED_EDGE('',*,*,#2614,.T.);
#3750=ORIENTED_EDGE('',*,*,#2611,.T.);
#3751=ORIENTED_EDGE('',*,*,#2608,.T.);
#3752=ORIENTED_EDGE('',*,*,#2605,.T.);
#3753=ORIENTED_EDGE('',*,*,#2602,.T.);
#3754=ORIENTED_EDGE('',*,*,#2599,.T.);
#3755=ORIENTED_EDGE('',*,*,#2596,.T.);
#3756=ORIENTED_EDGE('',*,*,#2593,.T.);
#3757=ORIENTED_EDGE('',*,*,#2590,.T.);
#3758=ORIENTED_EDGE('',*,*,#2587,.T.);
#3759=ORIENTED_EDGE('',*,*,#2584,.T.);
#3760=ORIENTED_EDGE('',*,*,#2581,.T.);
#3761=ORIENTED_EDGE('',*,*,#2578,.T.);
#3762=ORIENTED_EDGE('',*,*,#2575,.T.);
#3763=ORIENTED_EDGE('',*,*,#2572,.T.);
#3764=ORIENTED_EDGE('',*,*,#2569,.T.);
#3765=ORIENTED_EDGE('',*,*,#2566,.T.);
#3766=ORIENTED_EDGE('',*,*,#2563,.T.);
#3767=ORIENTED_EDGE('',*,*,#2560,.T.);
#3768=ORIENTED_EDGE('',*,*,#2557,.T.);
#3769=ORIENTED_EDGE('',*,*,#2554,.T.);
#3770=ORIENTED_EDGE('',*,*,#2616,.T.);
#3771=ORIENTED_EDGE('',*,*,#2552,.T.);
#3772=ORIENTED_EDGE('',*,*,#2556,.T.);
#3773=ORIENTED_EDGE('',*,*,#2559,.T.);
#3774=ORIENTED_EDGE('',*,*,#2562,.T.);
#3775=ORIENTED_EDGE('',*,*,#2565,.T.);
#3776=ORIENTED_EDGE('',*,*,#2568,.T.);
#3777=ORIENTED_EDGE('',*,*,#2571,.T.);
#3778=ORIENTED_EDGE('',*,*,#2574,.T.);
#3779=ORIENTED_EDGE('',*,*,#2577,.T.);
#3780=ORIENTED_EDGE('',*,*,#2580,.T.);
#3781=ORIENTED_EDGE('',*,*,#2583,.T.);
#3782=ORIENTED_EDGE('',*,*,#2586,.T.);
#3783=ORIENTED_EDGE('',*,*,#2589,.T.);
#3784=ORIENTED_EDGE('',*,*,#2592,.T.);
#3785=ORIENTED_EDGE('',*,*,#2595,.T.);
#3786=ORIENTED_EDGE('',*,*,#2598,.T.);
#3787=ORIENTED_EDGE('',*,*,#2601,.T.);
#3788=ORIENTED_EDGE('',*,*,#2604,.T.);
#3789=ORIENTED_EDGE('',*,*,#2607,.T.);
#3790=ORIENTED_EDGE('',*,*,#2610,.T.);
#3791=ORIENTED_EDGE('',*,*,#2613,.T.);
#3792=ORIENTED_EDGE('',*,*,#2618,.F.);
#3793=ORIENTED_EDGE('',*,*,#2619,.T.);
#3794=ORIENTED_EDGE('',*,*,#2620,.F.);
#3795=ORIENTED_EDGE('',*,*,#2621,.F.);
#3796=ORIENTED_EDGE('',*,*,#2622,.F.);
#3797=ORIENTED_EDGE('',*,*,#2621,.T.);
#3798=ORIENTED_EDGE('',*,*,#2623,.F.);
#3799=ORIENTED_EDGE('',*,*,#2624,.F.);
#3800=ORIENTED_EDGE('',*,*,#2625,.F.);
#3801=ORIENTED_EDGE('',*,*,#2624,.T.);
#3802=ORIENTED_EDGE('',*,*,#2626,.F.);
#3803=ORIENTED_EDGE('',*,*,#2627,.F.);
#3804=ORIENTED_EDGE('',*,*,#2628,.F.);
#3805=ORIENTED_EDGE('',*,*,#2627,.T.);
#3806=ORIENTED_EDGE('',*,*,#2629,.F.);
#3807=ORIENTED_EDGE('',*,*,#2619,.F.);
#3808=ORIENTED_EDGE('',*,*,#2629,.T.);
#3809=ORIENTED_EDGE('',*,*,#2626,.T.);
#3810=ORIENTED_EDGE('',*,*,#2623,.T.);
#3811=ORIENTED_EDGE('',*,*,#2620,.T.);
#3812=ORIENTED_EDGE('',*,*,#2628,.T.);
#3813=ORIENTED_EDGE('',*,*,#2618,.T.);
#3814=ORIENTED_EDGE('',*,*,#2622,.T.);
#3815=ORIENTED_EDGE('',*,*,#2625,.T.);
#3816=ORIENTED_EDGE('',*,*,#2630,.F.);
#3817=ORIENTED_EDGE('',*,*,#2631,.T.);
#3818=ORIENTED_EDGE('',*,*,#2632,.F.);
#3819=ORIENTED_EDGE('',*,*,#2633,.F.);
#3820=ORIENTED_EDGE('',*,*,#2634,.F.);
#3821=ORIENTED_EDGE('',*,*,#2633,.T.);
#3822=ORIENTED_EDGE('',*,*,#2635,.F.);
#3823=ORIENTED_EDGE('',*,*,#2636,.F.);
#3824=ORIENTED_EDGE('',*,*,#2637,.F.);
#3825=ORIENTED_EDGE('',*,*,#2636,.T.);
#3826=ORIENTED_EDGE('',*,*,#2638,.F.);
#3827=ORIENTED_EDGE('',*,*,#2639,.F.);
#3828=ORIENTED_EDGE('',*,*,#2640,.F.);
#3829=ORIENTED_EDGE('',*,*,#2639,.T.);
#3830=ORIENTED_EDGE('',*,*,#2641,.F.);
#3831=ORIENTED_EDGE('',*,*,#2642,.F.);
#3832=ORIENTED_EDGE('',*,*,#2643,.F.);
#3833=ORIENTED_EDGE('',*,*,#2642,.T.);
#3834=ORIENTED_EDGE('',*,*,#2644,.F.);
#3835=ORIENTED_EDGE('',*,*,#2645,.F.);
#3836=ORIENTED_EDGE('',*,*,#2646,.F.);
#3837=ORIENTED_EDGE('',*,*,#2645,.T.);
#3838=ORIENTED_EDGE('',*,*,#2647,.F.);
#3839=ORIENTED_EDGE('',*,*,#2648,.F.);
#3840=ORIENTED_EDGE('',*,*,#2649,.F.);
#3841=ORIENTED_EDGE('',*,*,#2648,.T.);
#3842=ORIENTED_EDGE('',*,*,#2650,.F.);
#3843=ORIENTED_EDGE('',*,*,#2651,.F.);
#3844=ORIENTED_EDGE('',*,*,#2652,.F.);
#3845=ORIENTED_EDGE('',*,*,#2651,.T.);
#3846=ORIENTED_EDGE('',*,*,#2653,.F.);
#3847=ORIENTED_EDGE('',*,*,#2654,.F.);
#3848=ORIENTED_EDGE('',*,*,#2655,.F.);
#3849=ORIENTED_EDGE('',*,*,#2654,.T.);
#3850=ORIENTED_EDGE('',*,*,#2656,.F.);
#3851=ORIENTED_EDGE('',*,*,#2631,.F.);
#3852=ORIENTED_EDGE('',*,*,#2656,.T.);
#3853=ORIENTED_EDGE('',*,*,#2653,.T.);
#3854=ORIENTED_EDGE('',*,*,#2650,.T.);
#3855=ORIENTED_EDGE('',*,*,#2647,.T.);
#3856=ORIENTED_EDGE('',*,*,#2644,.T.);
#3857=ORIENTED_EDGE('',*,*,#2641,.T.);
#3858=ORIENTED_EDGE('',*,*,#2638,.T.);
#3859=ORIENTED_EDGE('',*,*,#2635,.T.);
#3860=ORIENTED_EDGE('',*,*,#2632,.T.);
#3861=ORIENTED_EDGE('',*,*,#2655,.T.);
#3862=ORIENTED_EDGE('',*,*,#2630,.T.);
#3863=ORIENTED_EDGE('',*,*,#2634,.T.);
#3864=ORIENTED_EDGE('',*,*,#2637,.T.);
#3865=ORIENTED_EDGE('',*,*,#2640,.T.);
#3866=ORIENTED_EDGE('',*,*,#2643,.T.);
#3867=ORIENTED_EDGE('',*,*,#2646,.T.);
#3868=ORIENTED_EDGE('',*,*,#2649,.T.);
#3869=ORIENTED_EDGE('',*,*,#2652,.T.);
#3870=ORIENTED_EDGE('',*,*,#2657,.F.);
#3871=ORIENTED_EDGE('',*,*,#2658,.T.);
#3872=ORIENTED_EDGE('',*,*,#2659,.F.);
#3873=ORIENTED_EDGE('',*,*,#2660,.F.);
#3874=ORIENTED_EDGE('',*,*,#2661,.F.);
#3875=ORIENTED_EDGE('',*,*,#2660,.T.);
#3876=ORIENTED_EDGE('',*,*,#2662,.F.);
#3877=ORIENTED_EDGE('',*,*,#2663,.F.);
#3878=ORIENTED_EDGE('',*,*,#2664,.F.);
#3879=ORIENTED_EDGE('',*,*,#2663,.T.);
#3880=ORIENTED_EDGE('',*,*,#2665,.F.);
#3881=ORIENTED_EDGE('',*,*,#2666,.F.);
#3882=ORIENTED_EDGE('',*,*,#2667,.F.);
#3883=ORIENTED_EDGE('',*,*,#2666,.T.);
#3884=ORIENTED_EDGE('',*,*,#2668,.F.);
#3885=ORIENTED_EDGE('',*,*,#2669,.F.);
#3886=ORIENTED_EDGE('',*,*,#2670,.F.);
#3887=ORIENTED_EDGE('',*,*,#2669,.T.);
#3888=ORIENTED_EDGE('',*,*,#2671,.F.);
#3889=ORIENTED_EDGE('',*,*,#2672,.F.);
#3890=ORIENTED_EDGE('',*,*,#2673,.F.);
#3891=ORIENTED_EDGE('',*,*,#2672,.T.);
#3892=ORIENTED_EDGE('',*,*,#2674,.F.);
#3893=ORIENTED_EDGE('',*,*,#2675,.F.);
#3894=ORIENTED_EDGE('',*,*,#2676,.F.);
#3895=ORIENTED_EDGE('',*,*,#2675,.T.);
#3896=ORIENTED_EDGE('',*,*,#2677,.F.);
#3897=ORIENTED_EDGE('',*,*,#2678,.F.);
#3898=ORIENTED_EDGE('',*,*,#2679,.F.);
#3899=ORIENTED_EDGE('',*,*,#2678,.T.);
#3900=ORIENTED_EDGE('',*,*,#2680,.F.);
#3901=ORIENTED_EDGE('',*,*,#2681,.F.);
#3902=ORIENTED_EDGE('',*,*,#2682,.F.);
#3903=ORIENTED_EDGE('',*,*,#2681,.T.);
#3904=ORIENTED_EDGE('',*,*,#2683,.F.);
#3905=ORIENTED_EDGE('',*,*,#2684,.F.);
#3906=ORIENTED_EDGE('',*,*,#2685,.F.);
#3907=ORIENTED_EDGE('',*,*,#2684,.T.);
#3908=ORIENTED_EDGE('',*,*,#2686,.F.);
#3909=ORIENTED_EDGE('',*,*,#2687,.F.);
#3910=ORIENTED_EDGE('',*,*,#2688,.F.);
#3911=ORIENTED_EDGE('',*,*,#2687,.T.);
#3912=ORIENTED_EDGE('',*,*,#2689,.F.);
#3913=ORIENTED_EDGE('',*,*,#2690,.F.);
#3914=ORIENTED_EDGE('',*,*,#2691,.F.);
#3915=ORIENTED_EDGE('',*,*,#2690,.T.);
#3916=ORIENTED_EDGE('',*,*,#2692,.F.);
#3917=ORIENTED_EDGE('',*,*,#2693,.F.);
#3918=ORIENTED_EDGE('',*,*,#2694,.F.);
#3919=ORIENTED_EDGE('',*,*,#2693,.T.);
#3920=ORIENTED_EDGE('',*,*,#2695,.F.);
#3921=ORIENTED_EDGE('',*,*,#2658,.F.);
#3922=ORIENTED_EDGE('',*,*,#2695,.T.);
#3923=ORIENTED_EDGE('',*,*,#2692,.T.);
#3924=ORIENTED_EDGE('',*,*,#2689,.T.);
#3925=ORIENTED_EDGE('',*,*,#2686,.T.);
#3926=ORIENTED_EDGE('',*,*,#2683,.T.);
#3927=ORIENTED_EDGE('',*,*,#2680,.T.);
#3928=ORIENTED_EDGE('',*,*,#2677,.T.);
#3929=ORIENTED_EDGE('',*,*,#2674,.T.);
#3930=ORIENTED_EDGE('',*,*,#2671,.T.);
#3931=ORIENTED_EDGE('',*,*,#2668,.T.);
#3932=ORIENTED_EDGE('',*,*,#2665,.T.);
#3933=ORIENTED_EDGE('',*,*,#2662,.T.);
#3934=ORIENTED_EDGE('',*,*,#2659,.T.);
#3935=ORIENTED_EDGE('',*,*,#2694,.T.);
#3936=ORIENTED_EDGE('',*,*,#2657,.T.);
#3937=ORIENTED_EDGE('',*,*,#2661,.T.);
#3938=ORIENTED_EDGE('',*,*,#2664,.T.);
#3939=ORIENTED_EDGE('',*,*,#2667,.T.);
#3940=ORIENTED_EDGE('',*,*,#2670,.T.);
#3941=ORIENTED_EDGE('',*,*,#2673,.T.);
#3942=ORIENTED_EDGE('',*,*,#2676,.T.);
#3943=ORIENTED_EDGE('',*,*,#2679,.T.);
#3944=ORIENTED_EDGE('',*,*,#2682,.T.);
#3945=ORIENTED_EDGE('',*,*,#2685,.T.);
#3946=ORIENTED_EDGE('',*,*,#2688,.T.);
#3947=ORIENTED_EDGE('',*,*,#2691,.T.);
#3948=PLANE('',#4293);
#3949=PLANE('',#4294);
#3950=PLANE('',#4295);
#3951=PLANE('',#4296);
#3952=PLANE('',#4297);
#3953=PLANE('',#4298);
#3954=PLANE('',#4299);
#3955=PLANE('',#4300);
#3956=PLANE('',#4301);
#3957=PLANE('',#4302);
#3958=PLANE('',#4303);
#3959=PLANE('',#4304);
#3960=PLANE('',#4305);
#3961=PLANE('',#4306);
#3962=PLANE('',#4307);
#3963=PLANE('',#4308);
#3964=PLANE('',#4309);
#3965=PLANE('',#4310);
#3966=PLANE('',#4311);
#3967=PLANE('',#4312);
#3968=PLANE('',#4313);
#3969=PLANE('',#4314);
#3970=PLANE('',#4315);
#3971=PLANE('',#4316);
#3972=PLANE('',#4317);
#3973=PLANE('',#4318);
#3974=PLANE('',#4319);
#3975=PLANE('',#4320);
#3976=PLANE('',#4321);
#3977=PLANE('',#4322);
#3978=PLANE('',#4323);
#3979=PLANE('',#4324);
#3980=PLANE('',#4325);
#3981=PLANE('',#4329);
#3982=PLANE('',#4334);
#3983=PLANE('',#4340);
#3984=PLANE('',#4343);
#3985=PLANE('',#4349);
#3986=PLANE('',#4356);
#3987=PLANE('',#4359);
#3988=PLANE('',#4360);
#3989=PLANE('',#4375);
#3990=PLANE('',#4378);
#3991=PLANE('',#4379);
#3992=PLANE('',#4380);
#3993=PLANE('',#4385);
#3994=PLANE('',#4391);
#3995=PLANE('',#4393);
#3996=PLANE('',#4395);
#3997=PLANE('',#4400);
#3998=PLANE('',#4402);
#3999=PLANE('',#4404);
#4000=PLANE('',#4406);
#4001=PLANE('',#4407);
#4002=PLANE('',#4408);
#4003=PLANE('',#4409);
#4004=PLANE('',#4410);
#4005=PLANE('',#4411);
#4006=PLANE('',#4412);
#4007=PLANE('',#4413);
#4008=PLANE('',#4414);
#4009=PLANE('',#4415);
#4010=PLANE('',#4416);
#4011=PLANE('',#4417);
#4012=PLANE('',#4418);
#4013=PLANE('',#4419);
#4014=PLANE('',#4420);
#4015=PLANE('',#4421);
#4016=PLANE('',#4422);
#4017=PLANE('',#4423);
#4018=PLANE('',#4424);
#4019=PLANE('',#4425);
#4020=PLANE('',#4426);
#4021=PLANE('',#4427);
#4022=PLANE('',#4428);
#4023=PLANE('',#4429);
#4024=PLANE('',#4430);
#4025=PLANE('',#4431);
#4026=PLANE('',#4432);
#4027=PLANE('',#4433);
#4028=PLANE('',#4434);
#4029=PLANE('',#4435);
#4030=PLANE('',#4436);
#4031=PLANE('',#4437);
#4032=PLANE('',#4438);
#4033=PLANE('',#4439);
#4034=PLANE('',#4440);
#4035=PLANE('',#4441);
#4036=PLANE('',#4442);
#4037=ADVANCED_FACE('',(#490),#3948,.F.);
#4038=ADVANCED_FACE('',(#491),#3949,.F.);
#4039=ADVANCED_FACE('',(#492),#3950,.F.);
#4040=ADVANCED_FACE('',(#493),#3951,.F.);
#4041=ADVANCED_FACE('',(#494),#3952,.F.);
#4042=ADVANCED_FACE('',(#495),#3953,.F.);
#4043=ADVANCED_FACE('',(#496),#364,.F.);
#4044=ADVANCED_FACE('',(#497),#365,.F.);
#4045=ADVANCED_FACE('',(#498),#366,.F.);
#4046=ADVANCED_FACE('',(#499),#367,.F.);
#4047=ADVANCED_FACE('',(#500),#3954,.F.);
#4048=ADVANCED_FACE('',(#501),#368,.F.);
#4049=ADVANCED_FACE('',(#502),#369,.F.);
#4050=ADVANCED_FACE('',(#503),#370,.F.);
#4051=ADVANCED_FACE('',(#504),#3955,.F.);
#4052=ADVANCED_FACE('',(#505),#3956,.F.);
#4053=ADVANCED_FACE('',(#506),#3957,.F.);
#4054=ADVANCED_FACE('',(#507),#3958,.F.);
#4055=ADVANCED_FACE('',(#508),#3959,.T.);
#4056=ADVANCED_FACE('',(#509),#371,.F.);
#4057=ADVANCED_FACE('',(#510),#372,.F.);
#4058=ADVANCED_FACE('',(#511),#373,.F.);
#4059=ADVANCED_FACE('',(#512),#3960,.F.);
#4060=ADVANCED_FACE('',(#513),#374,.F.);
#4061=ADVANCED_FACE('',(#514),#375,.F.);
#4062=ADVANCED_FACE('',(#515),#376,.F.);
#4063=ADVANCED_FACE('',(#516),#377,.F.);
#4064=ADVANCED_FACE('',(#517),#3961,.F.);
#4065=ADVANCED_FACE('',(#518),#378,.F.);
#4066=ADVANCED_FACE('',(#519),#379,.F.);
#4067=ADVANCED_FACE('',(#520),#380,.F.);
#4068=ADVANCED_FACE('',(#521),#381,.F.);
#4069=ADVANCED_FACE('',(#522),#382,.F.);
#4070=ADVANCED_FACE('',(#523),#383,.F.);
#4071=ADVANCED_FACE('',(#524),#384,.F.);
#4072=ADVANCED_FACE('',(#525),#385,.F.);
#4073=ADVANCED_FACE('',(#526),#386,.F.);
#4074=ADVANCED_FACE('',(#527),#3962,.F.);
#4075=ADVANCED_FACE('',(#528),#387,.F.);
#4076=ADVANCED_FACE('',(#529,#88),#3963,.T.);
#4077=ADVANCED_FACE('',(#530),#3964,.F.);
#4078=ADVANCED_FACE('',(#531),#3965,.F.);
#4079=ADVANCED_FACE('',(#532),#3966,.F.);
#4080=ADVANCED_FACE('',(#533),#388,.F.);
#4081=ADVANCED_FACE('',(#534),#389,.F.);
#4082=ADVANCED_FACE('',(#535),#3967,.F.);
#4083=ADVANCED_FACE('',(#536),#3968,.F.);
#4084=ADVANCED_FACE('',(#537),#3969,.F.);
#4085=ADVANCED_FACE('',(#538),#3970,.F.);
#4086=ADVANCED_FACE('',(#539),#3971,.T.);
#4087=ADVANCED_FACE('',(#540),#390,.F.);
#4088=ADVANCED_FACE('',(#541),#391,.F.);
#4089=ADVANCED_FACE('',(#542),#392,.F.);
#4090=ADVANCED_FACE('',(#543),#3972,.F.);
#4091=ADVANCED_FACE('',(#544),#393,.F.);
#4092=ADVANCED_FACE('',(#545),#394,.F.);
#4093=ADVANCED_FACE('',(#546),#395,.F.);
#4094=ADVANCED_FACE('',(#547),#396,.F.);
#4095=ADVANCED_FACE('',(#548),#3973,.F.);
#4096=ADVANCED_FACE('',(#549),#397,.F.);
#4097=ADVANCED_FACE('',(#550),#398,.F.);
#4098=ADVANCED_FACE('',(#551),#399,.F.);
#4099=ADVANCED_FACE('',(#552),#400,.F.);
#4100=ADVANCED_FACE('',(#553),#401,.F.);
#4101=ADVANCED_FACE('',(#554),#402,.F.);
#4102=ADVANCED_FACE('',(#555),#403,.F.);
#4103=ADVANCED_FACE('',(#556),#404,.F.);
#4104=ADVANCED_FACE('',(#557),#405,.F.);
#4105=ADVANCED_FACE('',(#558),#3974,.F.);
#4106=ADVANCED_FACE('',(#559),#406,.F.);
#4107=ADVANCED_FACE('',(#560,#89),#3975,.T.);
#4108=ADVANCED_FACE('',(#561),#407,.F.);
#4109=ADVANCED_FACE('',(#562),#408,.F.);
#4110=ADVANCED_FACE('',(#563),#409,.F.);
#4111=ADVANCED_FACE('',(#564),#410,.F.);
#4112=ADVANCED_FACE('',(#565),#411,.F.);
#4113=ADVANCED_FACE('',(#566),#412,.F.);
#4114=ADVANCED_FACE('',(#567),#413,.F.);
#4115=ADVANCED_FACE('',(#568),#414,.F.);
#4116=ADVANCED_FACE('',(#569),#415,.F.);
#4117=ADVANCED_FACE('',(#570),#3976,.F.);
#4118=ADVANCED_FACE('',(#571),#416,.F.);
#4119=ADVANCED_FACE('',(#572),#417,.F.);
#4120=ADVANCED_FACE('',(#573),#418,.F.);
#4121=ADVANCED_FACE('',(#574),#419,.F.);
#4122=ADVANCED_FACE('',(#575),#420,.F.);
#4123=ADVANCED_FACE('',(#576),#421,.F.);
#4124=ADVANCED_FACE('',(#577),#422,.F.);
#4125=ADVANCED_FACE('',(#578),#423,.F.);
#4126=ADVANCED_FACE('',(#579),#424,.F.);
#4127=ADVANCED_FACE('',(#580),#425,.F.);
#4128=ADVANCED_FACE('',(#581),#3977,.F.);
#4129=ADVANCED_FACE('',(#582),#426,.F.);
#4130=ADVANCED_FACE('',(#583),#3978,.T.);
#4131=ADVANCED_FACE('',(#584),#3979,.T.);
#4132=ADVANCED_FACE('',(#585),#3980,.T.);
#4133=ADVANCED_FACE('',(#586),#67,.F.);
#4134=ADVANCED_FACE('',(#587,#90),#3981,.T.);
#4135=ADVANCED_FACE('',(#588),#68,.F.);
#4136=ADVANCED_FACE('',(#589,#91),#3982,.T.);
#4137=ADVANCED_FACE('',(#590),#69,.F.);
#4138=ADVANCED_FACE('',(#591),#70,.F.);
#4139=ADVANCED_FACE('',(#592,#92),#3983,.T.);
#4140=ADVANCED_FACE('',(#593,#93),#3984,.T.);
#4141=ADVANCED_FACE('',(#594),#71,.T.);
#4142=ADVANCED_FACE('',(#595),#3985,.F.);
#4143=ADVANCED_FACE('',(#596),#3986,.T.);
#4144=ADVANCED_FACE('',(#597),#72,.T.);
#4145=ADVANCED_FACE('',(#598),#3987,.T.);
#4146=ADVANCED_FACE('',(#599,#94,#95,#96,#97),#3988,.F.);
#4147=ADVANCED_FACE('',(#600),#73,.T.);
#4148=ADVANCED_FACE('',(#601),#3989,.F.);
#4149=ADVANCED_FACE('',(#602),#74,.T.);
#4150=ADVANCED_FACE('',(#603),#75,.T.);
#4151=ADVANCED_FACE('',(#604),#3990,.T.);
#4152=ADVANCED_FACE('',(#605),#3991,.F.);
#4153=ADVANCED_FACE('',(#606),#3992,.T.);
#4154=ADVANCED_FACE('',(#607),#76,.F.);
#4155=ADVANCED_FACE('',(#608),#77,.F.);
#4156=ADVANCED_FACE('',(#609,#98,#99,#100,#101,#102,#103,#104,#105,#106,
#107),#3993,.T.);
#4157=ADVANCED_FACE('',(#610),#78,.F.);
#4158=ADVANCED_FACE('',(#611),#3994,.T.);
#4159=ADVANCED_FACE('',(#612),#79,.F.);
#4160=ADVANCED_FACE('',(#613),#3995,.T.);
#4161=ADVANCED_FACE('',(#614),#80,.F.);
#4162=ADVANCED_FACE('',(#615),#3996,.T.);
#4163=ADVANCED_FACE('',(#616),#81,.F.);
#4164=ADVANCED_FACE('',(#617),#82,.F.);
#4165=ADVANCED_FACE('',(#618),#83,.F.);
#4166=ADVANCED_FACE('',(#619),#84,.T.);
#4167=ADVANCED_FACE('',(#620),#3997,.T.);
#4168=ADVANCED_FACE('',(#621),#85,.T.);
#4169=ADVANCED_FACE('',(#622),#3998,.T.);
#4170=ADVANCED_FACE('',(#623),#86,.T.);
#4171=ADVANCED_FACE('',(#624),#3999,.T.);
#4172=ADVANCED_FACE('',(#625),#87,.T.);
#4173=ADVANCED_FACE('',(#626),#4000,.T.);
#4174=ADVANCED_FACE('',(#627),#427,.T.);
#4175=ADVANCED_FACE('',(#628),#428,.T.);
#4176=ADVANCED_FACE('',(#629),#429,.T.);
#4177=ADVANCED_FACE('',(#630),#430,.T.);
#4178=ADVANCED_FACE('',(#631),#4001,.T.);
#4179=ADVANCED_FACE('',(#632),#431,.T.);
#4180=ADVANCED_FACE('',(#633),#432,.T.);
#4181=ADVANCED_FACE('',(#634),#433,.T.);
#4182=ADVANCED_FACE('',(#635),#434,.T.);
#4183=ADVANCED_FACE('',(#636),#435,.T.);
#4184=ADVANCED_FACE('',(#637),#436,.T.);
#4185=ADVANCED_FACE('',(#638),#437,.T.);
#4186=ADVANCED_FACE('',(#639),#438,.T.);
#4187=ADVANCED_FACE('',(#640),#439,.T.);
#4188=ADVANCED_FACE('',(#641),#4002,.T.);
#4189=ADVANCED_FACE('',(#642),#440,.T.);
#4190=ADVANCED_FACE('',(#643),#441,.T.);
#4191=ADVANCED_FACE('',(#644),#442,.T.);
#4192=ADVANCED_FACE('',(#645),#443,.T.);
#4193=ADVANCED_FACE('',(#646,#108),#4003,.T.);
#4194=ADVANCED_FACE('',(#647,#109),#4004,.F.);
#4195=ADVANCED_FACE('',(#648),#4005,.T.);
#4196=ADVANCED_FACE('',(#649),#444,.T.);
#4197=ADVANCED_FACE('',(#650),#445,.T.);
#4198=ADVANCED_FACE('',(#651),#446,.T.);
#4199=ADVANCED_FACE('',(#652),#447,.T.);
#4200=ADVANCED_FACE('',(#653),#4006,.T.);
#4201=ADVANCED_FACE('',(#654),#448,.T.);
#4202=ADVANCED_FACE('',(#655),#449,.T.);
#4203=ADVANCED_FACE('',(#656),#450,.T.);
#4204=ADVANCED_FACE('',(#657),#451,.T.);
#4205=ADVANCED_FACE('',(#658),#452,.T.);
#4206=ADVANCED_FACE('',(#659),#453,.T.);
#4207=ADVANCED_FACE('',(#660),#454,.T.);
#4208=ADVANCED_FACE('',(#661),#455,.T.);
#4209=ADVANCED_FACE('',(#662),#456,.T.);
#4210=ADVANCED_FACE('',(#663),#4007,.T.);
#4211=ADVANCED_FACE('',(#664),#457,.T.);
#4212=ADVANCED_FACE('',(#665),#458,.T.);
#4213=ADVANCED_FACE('',(#666),#459,.T.);
#4214=ADVANCED_FACE('',(#667),#460,.T.);
#4215=ADVANCED_FACE('',(#668,#110),#4008,.T.);
#4216=ADVANCED_FACE('',(#669,#111),#4009,.F.);
#4217=ADVANCED_FACE('',(#670),#4010,.T.);
#4218=ADVANCED_FACE('',(#671),#461,.T.);
#4219=ADVANCED_FACE('',(#672),#462,.T.);
#4220=ADVANCED_FACE('',(#673),#463,.T.);
#4221=ADVANCED_FACE('',(#674),#464,.T.);
#4222=ADVANCED_FACE('',(#675),#465,.T.);
#4223=ADVANCED_FACE('',(#676),#466,.T.);
#4224=ADVANCED_FACE('',(#677),#467,.T.);
#4225=ADVANCED_FACE('',(#678),#468,.T.);
#4226=ADVANCED_FACE('',(#679),#469,.T.);
#4227=ADVANCED_FACE('',(#680),#470,.T.);
#4228=ADVANCED_FACE('',(#681),#4011,.T.);
#4229=ADVANCED_FACE('',(#682),#471,.T.);
#4230=ADVANCED_FACE('',(#683),#472,.T.);
#4231=ADVANCED_FACE('',(#684),#473,.T.);
#4232=ADVANCED_FACE('',(#685),#474,.T.);
#4233=ADVANCED_FACE('',(#686),#475,.T.);
#4234=ADVANCED_FACE('',(#687),#476,.T.);
#4235=ADVANCED_FACE('',(#688),#477,.T.);
#4236=ADVANCED_FACE('',(#689),#478,.T.);
#4237=ADVANCED_FACE('',(#690),#479,.T.);
#4238=ADVANCED_FACE('',(#691),#480,.T.);
#4239=ADVANCED_FACE('',(#692),#4012,.T.);
#4240=ADVANCED_FACE('',(#693),#4013,.F.);
#4241=ADVANCED_FACE('',(#694),#4014,.T.);
#4242=ADVANCED_FACE('',(#695),#4015,.T.);
#4243=ADVANCED_FACE('',(#696),#4016,.T.);
#4244=ADVANCED_FACE('',(#697),#4017,.T.);
#4245=ADVANCED_FACE('',(#698),#4018,.T.);
#4246=ADVANCED_FACE('',(#699),#4019,.T.);
#4247=ADVANCED_FACE('',(#700),#4020,.T.);
#4248=ADVANCED_FACE('',(#701),#4021,.T.);
#4249=ADVANCED_FACE('',(#702),#4022,.T.);
#4250=ADVANCED_FACE('',(#703),#481,.T.);
#4251=ADVANCED_FACE('',(#704),#482,.T.);
#4252=ADVANCED_FACE('',(#705),#4023,.T.);
#4253=ADVANCED_FACE('',(#706),#4024,.T.);
#4254=ADVANCED_FACE('',(#707),#4025,.T.);
#4255=ADVANCED_FACE('',(#708),#4026,.T.);
#4256=ADVANCED_FACE('',(#709),#4027,.T.);
#4257=ADVANCED_FACE('',(#710),#4028,.F.);
#4258=ADVANCED_FACE('',(#711),#4029,.T.);
#4259=ADVANCED_FACE('',(#712),#4030,.T.);
#4260=ADVANCED_FACE('',(#713),#4031,.T.);
#4261=ADVANCED_FACE('',(#714),#483,.T.);
#4262=ADVANCED_FACE('',(#715),#484,.T.);
#4263=ADVANCED_FACE('',(#716),#485,.T.);
#4264=ADVANCED_FACE('',(#717),#4032,.T.);
#4265=ADVANCED_FACE('',(#718),#486,.T.);
#4266=ADVANCED_FACE('',(#719),#487,.T.);
#4267=ADVANCED_FACE('',(#720),#488,.T.);
#4268=ADVANCED_FACE('',(#721),#489,.T.);
#4269=ADVANCED_FACE('',(#722),#4033,.T.);
#4270=ADVANCED_FACE('',(#723),#4034,.T.);
#4271=ADVANCED_FACE('',(#724),#4035,.T.);
#4272=ADVANCED_FACE('',(#725),#4036,.F.);
#4273=CLOSED_SHELL('',(#4037,#4038,#4039,#4040,#4041,#4042,#4043,#4044,
#4045,#4046,#4047,#4048,#4049,#4050,#4051,#4052,#4053,#4054,#4055,#4056,
#4057,#4058,#4059,#4060,#4061,#4062,#4063,#4064,#4065,#4066,#4067,#4068,
#4069,#4070,#4071,#4072,#4073,#4074,#4075,#4076,#4077,#4078,#4079,#4080,
#4081,#4082,#4083,#4084,#4085,#4086,#4087,#4088,#4089,#4090,#4091,#4092,
#4093,#4094,#4095,#4096,#4097,#4098,#4099,#4100,#4101,#4102,#4103,#4104,
#4105,#4106,#4107,#4108,#4109,#4110,#4111,#4112,#4113,#4114,#4115,#4116,
#4117,#4118,#4119,#4120,#4121,#4122,#4123,#4124,#4125,#4126,#4127,#4128,
#4129,#4130,#4131,#4132,#4133,#4134,#4135,#4136,#4137,#4138,#4139,#4140,
#4141,#4142,#4143,#4144,#4145,#4146,#4147,#4148,#4149,#4150,#4151,#4152,
#4153,#4154,#4155,#4156,#4157,#4158,#4159,#4160,#4161,#4162,#4163,#4164,
#4165,#4166,#4167,#4168,#4169,#4170,#4171,#4172));
#4274=CLOSED_SHELL('',(#4173,#4174,#4175,#4176,#4177,#4178,#4179,#4180,
#4181,#4182,#4183,#4184,#4185,#4186,#4187,#4188,#4189,#4190,#4191,#4192,
#4193,#4194));
#4275=CLOSED_SHELL('',(#4195,#4196,#4197,#4198,#4199,#4200,#4201,#4202,
#4203,#4204,#4205,#4206,#4207,#4208,#4209,#4210,#4211,#4212,#4213,#4214,
#4215,#4216));
#4276=CLOSED_SHELL('',(#4217,#4218,#4219,#4220,#4221,#4222,#4223,#4224,
#4225,#4226,#4227,#4228,#4229,#4230,#4231,#4232,#4233,#4234,#4235,#4236,
#4237,#4238,#4239,#4240));
#4277=CLOSED_SHELL('',(#4241,#4242,#4243,#4244,#4245,#4246));
#4278=CLOSED_SHELL('',(#4247,#4248,#4249,#4250,#4251,#4252,#4253,#4254,
#4255,#4256,#4257));
#4279=CLOSED_SHELL('',(#4258,#4259,#4260,#4261,#4262,#4263,#4264,#4265,
#4266,#4267,#4268,#4269,#4270,#4271,#4272));
#4280=DERIVED_UNIT_ELEMENT(#4282,1.);
#4281=DERIVED_UNIT_ELEMENT(#8505,-3.);
#4282=(
MASS_UNIT()
NAMED_UNIT(*)
SI_UNIT(.KILO.,.GRAM.)
);
#4283=DERIVED_UNIT((#4280,#4281));
#4284=MEASURE_REPRESENTATION_ITEM('density measure',
POSITIVE_RATIO_MEASURE(7850.),#4283);
#4285=PROPERTY_DEFINITION_REPRESENTATION(#4290,#4287);
#4286=PROPERTY_DEFINITION_REPRESENTATION(#4291,#4288);
#4287=REPRESENTATION('material name',(#4289),#8502);
#4288=REPRESENTATION('density',(#4284),#8502);
#4289=DESCRIPTIVE_REPRESENTATION_ITEM('Stal','Stal');
#4290=PROPERTY_DEFINITION('material property','material name',#8512);
#4291=PROPERTY_DEFINITION('material property','density of part',#8512);
#4292=AXIS2_PLACEMENT_3D('',#5079,#4443,#4444);
#4293=AXIS2_PLACEMENT_3D('',#5080,#4445,#4446);
#4294=AXIS2_PLACEMENT_3D('',#5089,#4451,#4452);
#4295=AXIS2_PLACEMENT_3D('',#5095,#4456,#4457);
#4296=AXIS2_PLACEMENT_3D('',#5101,#4461,#4462);
#4297=AXIS2_PLACEMENT_3D('',#5104,#4465,#4466);
#4298=AXIS2_PLACEMENT_3D('',#5105,#4467,#4468);
#4299=AXIS2_PLACEMENT_3D('',#5206,#4477,#4478);
#4300=AXIS2_PLACEMENT_3D('',#5281,#4485,#4486);
#4301=AXIS2_PLACEMENT_3D('',#5287,#4490,#4491);
#4302=AXIS2_PLACEMENT_3D('',#5293,#4495,#4496);
#4303=AXIS2_PLACEMENT_3D('',#5299,#4500,#4501);
#4304=AXIS2_PLACEMENT_3D('',#5302,#4504,#4505);
#4305=AXIS2_PLACEMENT_3D('',#5375,#4510,#4511);
#4306=AXIS2_PLACEMENT_3D('',#5473,#4519,#4520);
#4307=AXIS2_PLACEMENT_3D('',#5686,#4533,#4534);
#4308=AXIS2_PLACEMENT_3D('',#5712,#4538,#4539);
#4309=AXIS2_PLACEMENT_3D('',#5713,#4540,#4541);
#4310=AXIS2_PLACEMENT_3D('',#5722,#4546,#4547);
#4311=AXIS2_PLACEMENT_3D('',#5728,#4551,#4552);
#4312=AXIS2_PLACEMENT_3D('',#5780,#4558,#4559);
#4313=AXIS2_PLACEMENT_3D('',#5786,#4563,#4564);
#4314=AXIS2_PLACEMENT_3D('',#5792,#4568,#4569);
#4315=AXIS2_PLACEMENT_3D('',#5798,#4573,#4574);
#4316=AXIS2_PLACEMENT_3D('',#5801,#4577,#4578);
#4317=AXIS2_PLACEMENT_3D('',#5874,#4583,#4584);
#4318=AXIS2_PLACEMENT_3D('',#5972,#4592,#4593);
#4319=AXIS2_PLACEMENT_3D('',#6185,#4606,#4607);
#4320=AXIS2_PLACEMENT_3D('',#6211,#4611,#4612);
#4321=AXIS2_PLACEMENT_3D('',#6422,#4623,#4624);
#4322=AXIS2_PLACEMENT_3D('',#6658,#4638,#4639);
#4323=AXIS2_PLACEMENT_3D('',#6684,#4643,#4644);
#4324=AXIS2_PLACEMENT_3D('',#6685,#4645,#4646);
#4325=AXIS2_PLACEMENT_3D('',#6686,#4647,#4648);
#4326=AXIS2_PLACEMENT_3D('',#6687,#4649,#4650);
#4327=AXIS2_PLACEMENT_3D('',#6689,#4651,#4652);
#4328=AXIS2_PLACEMENT_3D('',#6692,#4654,#4655);
#4329=AXIS2_PLACEMENT_3D('',#6693,#4656,#4657);
#4330=AXIS2_PLACEMENT_3D('',#6695,#4658,#4659);
#4331=AXIS2_PLACEMENT_3D('',#6696,#4660,#4661);
#4332=AXIS2_PLACEMENT_3D('',#6698,#4662,#4663);
#4333=AXIS2_PLACEMENT_3D('',#6701,#4665,#4666);
#4334=AXIS2_PLACEMENT_3D('',#6702,#4667,#4668);
#4335=AXIS2_PLACEMENT_3D('',#6704,#4669,#4670);
#4336=AXIS2_PLACEMENT_3D('',#6705,#4671,#4672);
#4337=AXIS2_PLACEMENT_3D('',#6708,#4674,#4675);
#4338=AXIS2_PLACEMENT_3D('',#6709,#4676,#4677);
#4339=AXIS2_PLACEMENT_3D('',#6712,#4679,#4680);
#4340=AXIS2_PLACEMENT_3D('',#6713,#4681,#4682);
#4341=AXIS2_PLACEMENT_3D('',#6715,#4683,#4684);
#4342=AXIS2_PLACEMENT_3D('',#6717,#4685,#4686);
#4343=AXIS2_PLACEMENT_3D('',#6718,#4687,#4688);
#4344=AXIS2_PLACEMENT_3D('',#6720,#4689,#4690);
#4345=AXIS2_PLACEMENT_3D('',#6722,#4691,#4692);
#4346=AXIS2_PLACEMENT_3D('',#6723,#4693,#4694);
#4347=AXIS2_PLACEMENT_3D('',#6726,#4695,#4696);
#4348=AXIS2_PLACEMENT_3D('',#6730,#4698,#4699);
#4349=AXIS2_PLACEMENT_3D('',#6732,#4701,#4702);
#4350=AXIS2_PLACEMENT_3D('',#6736,#4704,#4705);
#4351=AXIS2_PLACEMENT_3D('',#6740,#4707,#4708);
#4352=AXIS2_PLACEMENT_3D('',#6744,#4710,#4711);
#4353=AXIS2_PLACEMENT_3D('',#6748,#4713,#4714);
#4354=AXIS2_PLACEMENT_3D('',#6752,#4716,#4717);
#4355=AXIS2_PLACEMENT_3D('',#6756,#4719,#4720);
#4356=AXIS2_PLACEMENT_3D('',#6758,#4722,#4723);
#4357=AXIS2_PLACEMENT_3D('',#6766,#4728,#4729);
#4358=AXIS2_PLACEMENT_3D('',#6769,#4730,#4731);
#4359=AXIS2_PLACEMENT_3D('',#6772,#4734,#4735);
#4360=AXIS2_PLACEMENT_3D('',#6778,#4739,#4740);
#4361=AXIS2_PLACEMENT_3D('',#6782,#4742,#4743);
#4362=AXIS2_PLACEMENT_3D('',#6786,#4745,#4746);
#4363=AXIS2_PLACEMENT_3D('',#6790,#4748,#4749);
#4364=AXIS2_PLACEMENT_3D('',#6794,#4751,#4752);
#4365=AXIS2_PLACEMENT_3D('',#6798,#4754,#4755);
#4366=AXIS2_PLACEMENT_3D('',#6802,#4757,#4758);
#4367=AXIS2_PLACEMENT_3D('',#6805,#4760,#4761);
#4368=AXIS2_PLACEMENT_3D('',#6807,#4762,#4763);
#4369=AXIS2_PLACEMENT_3D('',#6811,#4765,#4766);
#4370=AXIS2_PLACEMENT_3D('',#6815,#4768,#4769);
#4371=AXIS2_PLACEMENT_3D('',#6818,#4771,#4772);
#4372=AXIS2_PLACEMENT_3D('',#6820,#4773,#4774);
#4373=AXIS2_PLACEMENT_3D('',#6822,#4775,#4776);
#4374=AXIS2_PLACEMENT_3D('',#6823,#4777,#4778);
#4375=AXIS2_PLACEMENT_3D('',#6825,#4780,#4781);
#4376=AXIS2_PLACEMENT_3D('',#6827,#4783,#4784);
#4377=AXIS2_PLACEMENT_3D('',#6829,#4786,#4787);
#4378=AXIS2_PLACEMENT_3D('',#6832,#4790,#4791);
#4379=AXIS2_PLACEMENT_3D('',#6834,#4793,#4794);
#4380=AXIS2_PLACEMENT_3D('',#6835,#4795,#4796);
#4381=AXIS2_PLACEMENT_3D('',#6837,#4798,#4799);
#4382=AXIS2_PLACEMENT_3D('',#6839,#4800,#4801);
#4383=AXIS2_PLACEMENT_3D('',#6841,#4803,#4804);
#4384=AXIS2_PLACEMENT_3D('',#6843,#4805,#4806);
#4385=AXIS2_PLACEMENT_3D('',#6845,#4808,#4809);
#4386=AXIS2_PLACEMENT_3D('',#6847,#4810,#4811);
#4387=AXIS2_PLACEMENT_3D('',#6849,#4812,#4813);
#4388=AXIS2_PLACEMENT_3D('',#6853,#4815,#4816);
#4389=AXIS2_PLACEMENT_3D('',#6857,#4818,#4819);
#4390=AXIS2_PLACEMENT_3D('',#6859,#4821,#4822);
#4391=AXIS2_PLACEMENT_3D('',#6861,#4824,#4825);
#4392=AXIS2_PLACEMENT_3D('',#6863,#4827,#4828);
#4393=AXIS2_PLACEMENT_3D('',#6865,#4830,#4831);
#4394=AXIS2_PLACEMENT_3D('',#6867,#4833,#4834);
#4395=AXIS2_PLACEMENT_3D('',#6869,#4836,#4837);
#4396=AXIS2_PLACEMENT_3D('',#6871,#4839,#4840);
#4397=AXIS2_PLACEMENT_3D('',#6872,#4841,#4842);
#4398=AXIS2_PLACEMENT_3D('',#6874,#4844,#4845);
#4399=AXIS2_PLACEMENT_3D('',#6876,#4847,#4848);
#4400=AXIS2_PLACEMENT_3D('',#6878,#4850,#4851);
#4401=AXIS2_PLACEMENT_3D('',#6880,#4853,#4854);
#4402=AXIS2_PLACEMENT_3D('',#6882,#4856,#4857);
#4403=AXIS2_PLACEMENT_3D('',#6884,#4859,#4860);
#4404=AXIS2_PLACEMENT_3D('',#6886,#4862,#4863);
#4405=AXIS2_PLACEMENT_3D('',#6888,#4865,#4866);
#4406=AXIS2_PLACEMENT_3D('',#6889,#4867,#4868);
#4407=AXIS2_PLACEMENT_3D('',#6987,#4876,#4877);
#4408=AXIS2_PLACEMENT_3D('',#7203,#4891,#4892);
#4409=AXIS2_PLACEMENT_3D('',#7298,#4899,#4900);
#4410=AXIS2_PLACEMENT_3D('',#7299,#4901,#4902);
#4411=AXIS2_PLACEMENT_3D('',#7300,#4903,#4904);
#4412=AXIS2_PLACEMENT_3D('',#7398,#4912,#4913);
#4413=AXIS2_PLACEMENT_3D('',#7614,#4927,#4928);
#4414=AXIS2_PLACEMENT_3D('',#7709,#4935,#4936);
#4415=AXIS2_PLACEMENT_3D('',#7710,#4937,#4938);
#4416=AXIS2_PLACEMENT_3D('',#7711,#4939,#4940);
#4417=AXIS2_PLACEMENT_3D('',#7950,#4955,#4956);
#4418=AXIS2_PLACEMENT_3D('',#8183,#4969,#4970);
#4419=AXIS2_PLACEMENT_3D('',#8184,#4971,#4972);
#4420=AXIS2_PLACEMENT_3D('',#8185,#4973,#4974);
#4421=AXIS2_PLACEMENT_3D('',#8194,#4979,#4980);
#4422=AXIS2_PLACEMENT_3D('',#8200,#4984,#4985);
#4423=AXIS2_PLACEMENT_3D('',#8206,#4989,#4990);
#4424=AXIS2_PLACEMENT_3D('',#8209,#4993,#4994);
#4425=AXIS2_PLACEMENT_3D('',#8210,#4995,#4996);
#4426=AXIS2_PLACEMENT_3D('',#8211,#4997,#4998);
#4427=AXIS2_PLACEMENT_3D('',#8220,#5003,#5004);
#4428=AXIS2_PLACEMENT_3D('',#8226,#5008,#5009);
#4429=AXIS2_PLACEMENT_3D('',#8278,#5015,#5016);
#4430=AXIS2_PLACEMENT_3D('',#8284,#5020,#5021);
#4431=AXIS2_PLACEMENT_3D('',#8290,#5025,#5026);
#4432=AXIS2_PLACEMENT_3D('',#8296,#5030,#5031);
#4433=AXIS2_PLACEMENT_3D('',#8299,#5034,#5035);
#4434=AXIS2_PLACEMENT_3D('',#8300,#5036,#5037);
#4435=AXIS2_PLACEMENT_3D('',#8301,#5038,#5039);
#4436=AXIS2_PLACEMENT_3D('',#8310,#5044,#5045);
#4437=AXIS2_PLACEMENT_3D('',#8316,#5049,#5050);
#4438=AXIS2_PLACEMENT_3D('',#8391,#5057,#5058);
#4439=AXIS2_PLACEMENT_3D('',#8489,#5066,#5067);
#4440=AXIS2_PLACEMENT_3D('',#8495,#5071,#5072);
#4441=AXIS2_PLACEMENT_3D('',#8498,#5075,#5076);
#4442=AXIS2_PLACEMENT_3D('',#8499,#5077,#5078);
#4443=DIRECTION('axis',(0.,0.,1.));
#4444=DIRECTION('refdir',(1.,0.,0.));
#4445=DIRECTION('center_axis',(1.,-2.22044604925031E-16,0.));
#4446=DIRECTION('ref_axis',(2.22044604925031E-16,1.,0.));
#4447=DIRECTION('',(2.22044604925031E-16,1.,0.));
#4448=DIRECTION('',(0.,0.,1.));
#4449=DIRECTION('',(2.22044604925031E-16,1.,0.));
#4450=DIRECTION('',(0.,0.,1.));
#4451=DIRECTION('center_axis',(-2.22044604925031E-16,-1.,0.));
#4452=DIRECTION('ref_axis',(1.,-2.22044604925031E-16,0.));
#4453=DIRECTION('',(1.,-2.22044604925031E-16,0.));
#4454=DIRECTION('',(0.,0.,1.));
#4455=DIRECTION('',(1.,-2.22044604925031E-16,0.));
#4456=DIRECTION('center_axis',(-1.,2.22044604925031E-16,0.));
#4457=DIRECTION('ref_axis',(-2.22044604925031E-16,-1.,0.));
#4458=DIRECTION('',(-2.22044604925031E-16,-1.,0.));
#4459=DIRECTION('',(0.,0.,1.));
#4460=DIRECTION('',(-2.22044604925031E-16,-1.,0.));
#4461=DIRECTION('center_axis',(2.22044604925031E-16,1.,0.));
#4462=DIRECTION('ref_axis',(-1.,2.22044604925031E-16,0.));
#4463=DIRECTION('',(-1.,2.22044604925031E-16,0.));
#4464=DIRECTION('',(-1.,2.22044604925031E-16,0.));
#4465=DIRECTION('center_axis',(0.,0.,1.));
#4466=DIRECTION('ref_axis',(-2.22044604925031E-16,-1.,0.));
#4467=DIRECTION('center_axis',(1.,-2.22044604925031E-16,0.));
#4468=DIRECTION('ref_axis',(2.22044604925031E-16,1.,0.));
#4469=DIRECTION('',(2.22044604925031E-16,1.,0.));
#4470=DIRECTION('',(0.,0.,1.));
#4471=DIRECTION('',(2.22044604925031E-16,1.,0.));
#4472=DIRECTION('',(0.,0.,1.));
#4473=DIRECTION('',(0.,0.,1.));
#4474=DIRECTION('',(0.,0.,1.));
#4475=DIRECTION('',(0.,0.,1.));
#4476=DIRECTION('',(0.,0.,1.));
#4477=DIRECTION('center_axis',(0.937478471126524,0.34804326767555,0.));
#4478=DIRECTION('ref_axis',(-0.34804326767555,0.937478471126524,0.));
#4479=DIRECTION('',(-0.34804326767555,0.937478471126524,0.));
#4480=DIRECTION('',(0.,0.,1.));
#4481=DIRECTION('',(-0.34804326767555,0.937478471126524,0.));
#4482=DIRECTION('',(0.,0.,1.));
#4483=DIRECTION('',(0.,0.,1.));
#4484=DIRECTION('',(0.,0.,1.));
#4485=DIRECTION('center_axis',(1.,-2.22044604925031E-16,0.));
#4486=DIRECTION('ref_axis',(2.22044604925031E-16,1.,0.));
#4487=DIRECTION('',(2.22044604925031E-16,1.,0.));
#4488=DIRECTION('',(0.,0.,1.));
#4489=DIRECTION('',(2.22044604925031E-16,1.,0.));
#4490=DIRECTION('center_axis',(-2.22044604925031E-16,-1.,0.));
#4491=DIRECTION('ref_axis',(1.,-2.22044604925031E-16,0.));
#4492=DIRECTION('',(1.,-2.22044604925031E-16,0.));
#4493=DIRECTION('',(0.,0.,1.));
#4494=DIRECTION('',(1.,-2.22044604925031E-16,0.));
#4495=DIRECTION('center_axis',(-1.,2.22044604925031E-16,0.));
#4496=DIRECTION('ref_axis',(-2.22044604925031E-16,-1.,0.));
#4497=DIRECTION('',(-2.22044604925031E-16,-1.,0.));
#4498=DIRECTION('',(0.,0.,1.));
#4499=DIRECTION('',(-2.22044604925031E-16,-1.,0.));
#4500=DIRECTION('center_axis',(2.22044604925031E-16,1.,0.));
#4501=DIRECTION('ref_axis',(-1.,2.22044604925031E-16,0.));
#4502=DIRECTION('',(-1.,2.22044604925031E-16,0.));
#4503=DIRECTION('',(-1.,2.22044604925031E-16,0.));
#4504=DIRECTION('center_axis',(0.,0.,-1.));
#4505=DIRECTION('ref_axis',(-2.22044604925031E-16,-1.,0.));
#4506=DIRECTION('',(0.,0.,1.));
#4507=DIRECTION('',(0.,0.,1.));
#4508=DIRECTION('',(0.,0.,1.));
#4509=DIRECTION('',(0.,0.,1.));
#4510=DIRECTION('center_axis',(-2.22044604925031E-16,-1.,0.));
#4511=DIRECTION('ref_axis',(1.,-2.22044604925031E-16,0.));
#4512=DIRECTION('',(1.,-2.22044604925031E-16,0.));
#4513=DIRECTION('',(0.,0.,1.));
#4514=DIRECTION('',(1.,-2.22044604925031E-16,0.));
#4515=DIRECTION('',(0.,0.,1.));
#4516=DIRECTION('',(0.,0.,1.));
#4517=DIRECTION('',(0.,0.,1.));
#4518=DIRECTION('',(0.,0.,1.));
#4519=DIRECTION('center_axis',(2.22044604925031E-16,1.,0.));
#4520=DIRECTION('ref_axis',(-1.,2.22044604925031E-16,0.));
#4521=DIRECTION('',(-1.,2.22044604925031E-16,0.));
#4522=DIRECTION('',(0.,0.,1.));
#4523=DIRECTION('',(-1.,2.22044604925031E-16,0.));
#4524=DIRECTION('',(0.,0.,1.));
#4525=DIRECTION('',(0.,0.,1.));
#4526=DIRECTION('',(0.,0.,1.));
#4527=DIRECTION('',(0.,0.,1.));
#4528=DIRECTION('',(0.,0.,1.));
#4529=DIRECTION('',(0.,0.,1.));
#4530=DIRECTION('',(0.,0.,1.));
#4531=DIRECTION('',(0.,0.,1.));
#4532=DIRECTION('',(0.,0.,1.));
#4533=DIRECTION('center_axis',(0.122720787032438,-0.992441236764242,0.));
#4534=DIRECTION('ref_axis',(0.992441236764242,0.122720787032438,0.));
#4535=DIRECTION('',(0.992441236764242,0.122720787032438,0.));
#4536=DIRECTION('',(0.,0.,1.));
#4537=DIRECTION('',(0.992441236764242,0.122720787032438,0.));
#4538=DIRECTION('center_axis',(0.,0.,-1.));
#4539=DIRECTION('ref_axis',(-2.22044604925031E-16,-1.,0.));
#4540=DIRECTION('center_axis',(0.935238919100192,0.354017180656963,0.));
#4541=DIRECTION('ref_axis',(-0.354017180656963,0.935238919100192,0.));
#4542=DIRECTION('',(-0.354017180656963,0.935238919100192,0.));
#4543=DIRECTION('',(0.,0.,1.));
#4544=DIRECTION('',(-0.354017180656963,0.935238919100192,0.));
#4545=DIRECTION('',(0.,0.,1.));
#4546=DIRECTION('center_axis',(-2.22044604925031E-16,-1.,0.));
#4547=DIRECTION('ref_axis',(1.,-2.22044604925031E-16,0.));
#4548=DIRECTION('',(1.,-2.22044604925031E-16,0.));
#4549=DIRECTION('',(0.,0.,1.));
#4550=DIRECTION('',(1.,-2.22044604925031E-16,0.));
#4551=DIRECTION('center_axis',(-0.939623889795886,-0.342208921164905,0.));
#4552=DIRECTION('ref_axis',(0.342208921164905,-0.939623889795886,0.));
#4553=DIRECTION('',(0.342208921164905,-0.939623889795886,0.));
#4554=DIRECTION('',(0.,0.,1.));
#4555=DIRECTION('',(0.342208921164905,-0.939623889795886,0.));
#4556=DIRECTION('',(0.,0.,1.));
#4557=DIRECTION('',(0.,0.,1.));
#4558=DIRECTION('center_axis',(0.941339435162975,-0.337461209336795,0.));
#4559=DIRECTION('ref_axis',(0.337461209336795,0.941339435162974,0.));
#4560=DIRECTION('',(0.337461209336795,0.941339435162974,0.));
#4561=DIRECTION('',(0.,0.,1.));
#4562=DIRECTION('',(0.337461209336795,0.941339435162974,0.));
#4563=DIRECTION('center_axis',(-2.22044604925031E-16,-1.,0.));
#4564=DIRECTION('ref_axis',(1.,-2.22044604925031E-16,0.));
#4565=DIRECTION('',(1.,-2.22044604925031E-16,0.));
#4566=DIRECTION('',(0.,0.,1.));
#4567=DIRECTION('',(1.,-2.22044604925031E-16,0.));
#4568=DIRECTION('center_axis',(-0.934654884067305,0.35555625108994,0.));
#4569=DIRECTION('ref_axis',(-0.35555625108994,-0.934654884067305,0.));
#4570=DIRECTION('',(-0.35555625108994,-0.934654884067305,0.));
#4571=DIRECTION('',(0.,0.,1.));
#4572=DIRECTION('',(-0.35555625108994,-0.934654884067305,0.));
#4573=DIRECTION('center_axis',(2.22044604925031E-16,1.,0.));
#4574=DIRECTION('ref_axis',(-1.,2.22044604925031E-16,0.));
#4575=DIRECTION('',(-1.,2.22044604925031E-16,0.));
#4576=DIRECTION('',(-1.,2.22044604925031E-16,0.));
#4577=DIRECTION('center_axis',(0.,0.,-1.));
#4578=DIRECTION('ref_axis',(-2.22044604925031E-16,-1.,0.));
#4579=DIRECTION('',(0.,0.,1.));
#4580=DIRECTION('',(0.,0.,1.));
#4581=DIRECTION('',(0.,0.,1.));
#4582=DIRECTION('',(0.,0.,1.));
#4583=DIRECTION('center_axis',(-2.22044604925031E-16,-1.,0.));
#4584=DIRECTION('ref_axis',(1.,-2.22044604925031E-16,0.));
#4585=DIRECTION('',(1.,-2.22044604925031E-16,0.));
#4586=DIRECTION('',(0.,0.,1.));
#4587=DIRECTION('',(1.,-2.22044604925031E-16,0.));
#4588=DIRECTION('',(0.,0.,1.));
#4589=DIRECTION('',(0.,0.,1.));
#4590=DIRECTION('',(0.,0.,1.));
#4591=DIRECTION('',(0.,0.,1.));
#4592=DIRECTION('center_axis',(2.22044604925031E-16,1.,0.));
#4593=DIRECTION('ref_axis',(-1.,2.22044604925031E-16,0.));
#4594=DIRECTION('',(-1.,2.22044604925031E-16,0.));
#4595=DIRECTION('',(0.,0.,1.));
#4596=DIRECTION('',(-1.,2.22044604925031E-16,0.));
#4597=DIRECTION('',(0.,0.,1.));
#4598=DIRECTION('',(0.,0.,1.));
#4599=DIRECTION('',(0.,0.,1.));
#4600=DIRECTION('',(0.,0.,1.));
#4601=DIRECTION('',(0.,0.,1.));
#4602=DIRECTION('',(0.,0.,1.));
#4603=DIRECTION('',(0.,0.,1.));
#4604=DIRECTION('',(0.,0.,1.));
#4605=DIRECTION('',(0.,0.,1.));
#4606=DIRECTION('center_axis',(0.122720787032438,-0.992441236764242,0.));
#4607=DIRECTION('ref_axis',(0.992441236764242,0.122720787032438,0.));
#4608=DIRECTION('',(0.992441236764242,0.122720787032438,0.));
#4609=DIRECTION('',(0.,0.,1.));
#4610=DIRECTION('',(0.992441236764242,0.122720787032438,0.));
#4611=DIRECTION('center_axis',(0.,0.,-1.));
#4612=DIRECTION('ref_axis',(-2.22044604925031E-16,-1.,0.));
#4613=DIRECTION('',(0.,0.,1.));
#4614=DIRECTION('',(0.,0.,1.));
#4615=DIRECTION('',(0.,0.,1.));
#4616=DIRECTION('',(0.,0.,1.));
#4617=DIRECTION('',(0.,0.,1.));
#4618=DIRECTION('',(0.,0.,1.));
#4619=DIRECTION('',(0.,0.,1.));
#4620=DIRECTION('',(0.,0.,1.));
#4621=DIRECTION('',(0.,0.,1.));
#4622=DIRECTION('',(0.,0.,1.));
#4623=DIRECTION('center_axis',(0.229323511061228,0.973350259297521,0.));
#4624=DIRECTION('ref_axis',(-0.973350259297521,0.229323511061228,0.));
#4625=DIRECTION('',(-0.973350259297521,0.229323511061228,0.));
#4626=DIRECTION('',(0.,0.,1.));
#4627=DIRECTION('',(-0.973350259297521,0.229323511061228,0.));
#4628=DIRECTION('',(0.,0.,1.));
#4629=DIRECTION('',(0.,0.,1.));
#4630=DIRECTION('',(0.,0.,1.));
#4631=DIRECTION('',(0.,0.,1.));
#4632=DIRECTION('',(0.,0.,1.));
#4633=DIRECTION('',(0.,0.,1.));
#4634=DIRECTION('',(0.,0.,1.));
#4635=DIRECTION('',(0.,0.,1.));
#4636=DIRECTION('',(0.,0.,1.));
#4637=DIRECTION('',(0.,0.,1.));
#4638=DIRECTION('center_axis',(0.244886620043334,-0.969551722871839,0.));
#4639=DIRECTION('ref_axis',(0.969551722871839,0.244886620043334,0.));
#4640=DIRECTION('',(0.969551722871839,0.244886620043334,0.));
#4641=DIRECTION('',(0.,0.,1.));
#4642=DIRECTION('',(0.969551722871839,0.244886620043334,0.));
#4643=DIRECTION('center_axis',(0.,0.,-1.));
#4644=DIRECTION('ref_axis',(-2.22044604925031E-16,-1.,0.));
#4645=DIRECTION('center_axis',(0.,0.,-1.));
#4646=DIRECTION('ref_axis',(-2.22044604925031E-16,-1.,0.));
#4647=DIRECTION('center_axis',(0.,0.,-1.));
#4648=DIRECTION('ref_axis',(-2.22044604925031E-16,-1.,0.));
#4649=DIRECTION('center_axis',(0.,0.,1.));
#4650=DIRECTION('ref_axis',(-2.22044604925031E-16,-1.,0.));
#4651=DIRECTION('center_axis',(0.,0.,1.));
#4652=DIRECTION('ref_axis',(-2.22044604925031E-16,-1.,0.));
#4653=DIRECTION('',(0.,0.,1.));
#4654=DIRECTION('center_axis',(0.,0.,1.));
#4655=DIRECTION('ref_axis',(-2.22044604925031E-16,-1.,0.));
#4656=DIRECTION('center_axis',(0.,0.,-1.));
#4657=DIRECTION('ref_axis',(-2.22044604925031E-16,-1.,0.));
#4658=DIRECTION('center_axis',(0.,0.,-1.));
#4659=DIRECTION('ref_axis',(-2.22044604925031E-16,-1.,0.));
#4660=DIRECTION('center_axis',(0.,0.,1.));
#4661=DIRECTION('ref_axis',(-2.22044604925031E-16,-1.,0.));
#4662=DIRECTION('center_axis',(0.,0.,1.));
#4663=DIRECTION('ref_axis',(-2.22044604925031E-16,-1.,0.));
#4664=DIRECTION('',(0.,0.,1.));
#4665=DIRECTION('center_axis',(0.,0.,1.));
#4666=DIRECTION('ref_axis',(-2.22044604925031E-16,-1.,0.));
#4667=DIRECTION('center_axis',(0.,0.,-1.));
#4668=DIRECTION('ref_axis',(-2.22044604925031E-16,-1.,0.));
#4669=DIRECTION('center_axis',(0.,0.,-1.));
#4670=DIRECTION('ref_axis',(-2.22044604925031E-16,-1.,0.));
#4671=DIRECTION('center_axis',(0.,0.,1.));
#4672=DIRECTION('ref_axis',(-2.22044604925031E-16,-1.,0.));
#4673=DIRECTION('',(0.,0.,1.));
#4674=DIRECTION('center_axis',(0.,0.,-1.));
#4675=DIRECTION('ref_axis',(-2.22044604925031E-16,-1.,0.));
#4676=DIRECTION('center_axis',(0.,0.,1.));
#4677=DIRECTION('ref_axis',(-2.22044604925031E-16,-1.,0.));
#4678=DIRECTION('',(0.,0.,1.));
#4679=DIRECTION('center_axis',(0.,0.,-1.));
#4680=DIRECTION('ref_axis',(-2.22044604925031E-16,-1.,0.));
#4681=DIRECTION('center_axis',(0.,0.,-1.));
#4682=DIRECTION('ref_axis',(-2.22044604925031E-16,-1.,0.));
#4683=DIRECTION('center_axis',(0.,0.,1.));
#4684=DIRECTION('ref_axis',(-2.22044604925031E-16,-1.,0.));
#4685=DIRECTION('center_axis',(0.,0.,-1.));
#4686=DIRECTION('ref_axis',(-2.22044604925031E-16,-1.,0.));
#4687=DIRECTION('center_axis',(0.,0.,-1.));
#4688=DIRECTION('ref_axis',(-2.22044604925031E-16,-1.,0.));
#4689=DIRECTION('center_axis',(0.,0.,1.));
#4690=DIRECTION('ref_axis',(-2.22044604925031E-16,-1.,0.));
#4691=DIRECTION('center_axis',(0.,0.,-1.));
#4692=DIRECTION('ref_axis',(-2.22044604925031E-16,-1.,0.));
#4693=DIRECTION('center_axis',(2.22044604925031E-16,1.,0.));
#4694=DIRECTION('ref_axis',(-0.707106781186548,1.57009245868378E-16,0.707106781186547));
#4695=DIRECTION('center_axis',(-1.57009245868377E-16,-0.707106781186548,
0.707106781186548));
#4696=DIRECTION('ref_axis',(2.06074635202245E-16,0.707106781186548,0.707106781186548));
#4697=DIRECTION('',(2.22044604925031E-16,1.,0.));
#4698=DIRECTION('center_axis',(1.57009245868378E-16,0.707106781186548,0.707106781186547));
#4699=DIRECTION('ref_axis',(-1.57009245868377E-16,-0.707106781186547,0.707106781186548));
#4700=DIRECTION('',(2.22044604925031E-16,1.,0.));
#4701=DIRECTION('center_axis',(0.,0.,-1.));
#4702=DIRECTION('ref_axis',(-2.22044604925031E-16,-1.,0.));
#4703=DIRECTION('',(-1.,2.22044604925031E-16,0.));
#4704=DIRECTION('center_axis',(0.,0.,-1.));
#4705=DIRECTION('ref_axis',(0.707106781186547,0.707106781186548,0.));
#4706=DIRECTION('',(-2.96235225706709E-16,-1.,0.));
#4707=DIRECTION('center_axis',(0.,0.,1.));
#4708=DIRECTION('ref_axis',(2.71387850463927E-16,-1.,0.));
#4709=DIRECTION('',(1.,-5.18807085613933E-16,0.));
#4710=DIRECTION('center_axis',(0.,0.,1.));
#4711=DIRECTION('ref_axis',(1.,1.7516852166308E-15,0.));
#4712=DIRECTION('',(2.22044604925031E-16,1.,0.));
#4713=DIRECTION('center_axis',(0.,0.,1.));
#4714=DIRECTION('ref_axis',(2.22044604925031E-16,1.,0.));
#4715=DIRECTION('',(-1.,2.95016144857868E-16,0.));
#4716=DIRECTION('center_axis',(0.,0.,1.));
#4717=DIRECTION('ref_axis',(-1.,2.22044604925031E-16,0.));
#4718=DIRECTION('',(-2.96235225706709E-16,-1.,0.));
#4719=DIRECTION('center_axis',(0.,0.,-1.));
#4720=DIRECTION('ref_axis',(0.707106781186548,-0.707106781186547,0.));
#4721=DIRECTION('',(1.,-2.22044604925031E-16,0.));
#4722=DIRECTION('center_axis',(-1.,2.22044604925031E-16,0.));
#4723=DIRECTION('ref_axis',(2.22044604925031E-16,1.,0.));
#4724=DIRECTION('',(0.,0.,1.));
#4725=DIRECTION('',(2.22044604925031E-16,1.,0.));
#4726=DIRECTION('',(0.,0.,-1.));
#4727=DIRECTION('',(2.22044604925031E-16,1.,0.));
#4728=DIRECTION('center_axis',(0.,0.,1.));
#4729=DIRECTION('ref_axis',(-0.707106781186548,-0.707106781186547,0.));
#4730=DIRECTION('center_axis',(0.,0.,-1.));
#4731=DIRECTION('ref_axis',(-0.707106781186548,-0.707106781186547,0.));
#4732=DIRECTION('',(0.,0.,-1.));
#4733=DIRECTION('',(0.,0.,1.));
#4734=DIRECTION('center_axis',(-1.,2.22044604925031E-16,0.));
#4735=DIRECTION('ref_axis',(2.22044604925031E-16,1.,0.));
#4736=DIRECTION('',(2.22044604925031E-16,1.,0.));
#4737=DIRECTION('',(0.,0.,-1.));
#4738=DIRECTION('',(2.22044604925031E-16,1.,0.));
#4739=DIRECTION('center_axis',(0.,0.,-1.));
#4740=DIRECTION('ref_axis',(-2.22044604925031E-16,-1.,0.));
#4741=DIRECTION('',(1.,-2.22044604925031E-16,0.));
#4742=DIRECTION('center_axis',(0.,0.,-1.));
#4743=DIRECTION('ref_axis',(0.707106781186548,-0.707106781186547,0.));
#4744=DIRECTION('',(-2.96235225706709E-16,-1.,0.));
#4745=DIRECTION('center_axis',(0.,0.,1.));
#4746=DIRECTION('ref_axis',(-1.,2.22044604925031E-16,0.));
#4747=DIRECTION('',(-1.,2.95016144857868E-16,0.));
#4748=DIRECTION('center_axis',(0.,0.,1.));
#4749=DIRECTION('ref_axis',(2.22044604925031E-16,1.,0.));
#4750=DIRECTION('',(2.22044604925031E-16,1.,0.));
#4751=DIRECTION('center_axis',(0.,0.,1.));
#4752=DIRECTION('ref_axis',(1.,1.7516852166308E-15,0.));
#4753=DIRECTION('',(1.,-5.18807085613933E-16,0.));
#4754=DIRECTION('center_axis',(0.,0.,1.));
#4755=DIRECTION('ref_axis',(2.71387850463927E-16,-1.,0.));
#4756=DIRECTION('',(-2.96235225706709E-16,-1.,0.));
#4757=DIRECTION('center_axis',(0.,0.,-1.));
#4758=DIRECTION('ref_axis',(0.707106781186547,0.707106781186548,0.));
#4759=DIRECTION('',(-1.,2.22044604925031E-16,0.));
#4760=DIRECTION('center_axis',(0.,0.,-1.));
#4761=DIRECTION('ref_axis',(-0.707106781186547,0.707106781186548,0.));
#4762=DIRECTION('center_axis',(0.,0.,-1.));
#4763=DIRECTION('ref_axis',(6.66133814775094E-16,-1.,0.));
#4764=DIRECTION('',(-1.,2.89623397728302E-17,0.));
#4765=DIRECTION('center_axis',(0.,0.,-1.));
#4766=DIRECTION('ref_axis',(1.,1.55431223447522E-15,0.));
#4767=DIRECTION('',(-2.22044604925031E-16,-1.,0.));
#4768=DIRECTION('center_axis',(0.,0.,-1.));
#4769=DIRECTION('ref_axis',(-1.55431223447522E-15,1.,0.));
#4770=DIRECTION('',(1.,-3.18585737501132E-16,0.));
#4771=DIRECTION('center_axis',(0.,0.,-1.));
#4772=DIRECTION('ref_axis',(-1.,-7.77156117237611E-16,0.));
#4773=DIRECTION('center_axis',(0.,0.,1.));
#4774=DIRECTION('ref_axis',(-2.22044604925031E-16,-1.,0.));
#4775=DIRECTION('center_axis',(0.,0.,1.));
#4776=DIRECTION('ref_axis',(-2.22044604925031E-16,-1.,0.));
#4777=DIRECTION('center_axis',(0.,0.,-1.));
#4778=DIRECTION('ref_axis',(-0.707106781186547,0.707106781186548,0.));
#4779=DIRECTION('',(0.,0.,-1.));
#4780=DIRECTION('center_axis',(-2.22044604925031E-16,-1.,0.));
#4781=DIRECTION('ref_axis',(-1.,2.22044604925031E-16,0.));
#4782=DIRECTION('',(0.,0.,1.));
#4783=DIRECTION('center_axis',(0.,0.,1.));
#4784=DIRECTION('ref_axis',(0.707106781186547,0.707106781186548,0.));
#4785=DIRECTION('',(0.,0.,-1.));
#4786=DIRECTION('center_axis',(0.,0.,-1.));
#4787=DIRECTION('ref_axis',(0.707106781186548,-0.707106781186547,0.));
#4788=DIRECTION('',(0.,0.,-1.));
#4789=DIRECTION('',(0.,0.,1.));
#4790=DIRECTION('center_axis',(1.,-2.96235225706709E-16,0.));
#4791=DIRECTION('ref_axis',(-2.96235225706709E-16,-1.,0.));
#4792=DIRECTION('',(0.,0.,-1.));
#4793=DIRECTION('center_axis',(2.22044604925031E-16,1.,0.));
#4794=DIRECTION('ref_axis',(1.,-2.22044604925031E-16,0.));
#4795=DIRECTION('center_axis',(1.,-2.96235225706709E-16,0.));
#4796=DIRECTION('ref_axis',(-2.96235225706709E-16,-1.,0.));
#4797=DIRECTION('',(0.,0.,-1.));
#4798=DIRECTION('center_axis',(0.,0.,-1.));
#4799=DIRECTION('ref_axis',(-2.22044604925031E-16,-1.,0.));
#4800=DIRECTION('center_axis',(0.,0.,1.));
#4801=DIRECTION('ref_axis',(-2.22044604925031E-16,-1.,0.));
#4802=DIRECTION('',(0.,0.,1.));
#4803=DIRECTION('center_axis',(0.,0.,-1.));
#4804=DIRECTION('ref_axis',(-2.22044604925031E-16,-1.,0.));
#4805=DIRECTION('center_axis',(0.,0.,1.));
#4806=DIRECTION('ref_axis',(-2.22044604925031E-16,-1.,0.));
#4807=DIRECTION('',(0.,0.,1.));
#4808=DIRECTION('center_axis',(0.,0.,-1.));
#4809=DIRECTION('ref_axis',(-2.22044604925031E-16,-1.,0.));
#4810=DIRECTION('center_axis',(0.,0.,-1.));
#4811=DIRECTION('ref_axis',(6.66133814775094E-16,-1.,0.));
#4812=DIRECTION('center_axis',(0.,0.,-1.));
#4813=DIRECTION('ref_axis',(-1.,-7.77156117237611E-16,0.));
#4814=DIRECTION('',(1.,-3.18585737501132E-16,0.));
#4815=DIRECTION('center_axis',(0.,0.,-1.));
#4816=DIRECTION('ref_axis',(-1.55431223447522E-15,1.,0.));
#4817=DIRECTION('',(-2.22044604925031E-16,-1.,0.));
#4818=DIRECTION('center_axis',(0.,0.,-1.));
#4819=DIRECTION('ref_axis',(1.,1.55431223447522E-15,0.));
#4820=DIRECTION('',(-1.,2.89623397728302E-17,0.));
#4821=DIRECTION('center_axis',(0.,0.,-1.));
#4822=DIRECTION('ref_axis',(-1.,2.22044604925031E-16,0.));
#4823=DIRECTION('',(0.,0.,-1.));
#4824=DIRECTION('center_axis',(-2.95016144857868E-16,-1.,0.));
#4825=DIRECTION('ref_axis',(-1.,2.95016144857868E-16,0.));
#4826=DIRECTION('',(0.,0.,-1.));
#4827=DIRECTION('center_axis',(0.,0.,-1.));
#4828=DIRECTION('ref_axis',(2.22044604925031E-16,1.,0.));
#4829=DIRECTION('',(0.,0.,-1.));
#4830=DIRECTION('center_axis',(-1.,2.22044604925031E-16,0.));
#4831=DIRECTION('ref_axis',(2.22044604925031E-16,1.,0.));
#4832=DIRECTION('',(0.,0.,-1.));
#4833=DIRECTION('center_axis',(0.,0.,-1.));
#4834=DIRECTION('ref_axis',(1.,1.7516852166308E-15,0.));
#4835=DIRECTION('',(0.,0.,-1.));
#4836=DIRECTION('center_axis',(5.18807085613933E-16,1.,0.));
#4837=DIRECTION('ref_axis',(1.,-5.18807085613933E-16,0.));
#4838=DIRECTION('',(0.,0.,-1.));
#4839=DIRECTION('center_axis',(0.,0.,-1.));
#4840=DIRECTION('ref_axis',(2.71387850463927E-16,-1.,0.));
#4841=DIRECTION('center_axis',(0.,0.,-1.));
#4842=DIRECTION('ref_axis',(-2.22044604925031E-16,-1.,0.));
#4843=DIRECTION('',(0.,0.,1.));
#4844=DIRECTION('center_axis',(0.,0.,-1.));
#4845=DIRECTION('ref_axis',(-2.22044604925031E-16,-1.,0.));
#4846=DIRECTION('',(0.,0.,1.));
#4847=DIRECTION('center_axis',(0.,0.,-1.));
#4848=DIRECTION('ref_axis',(6.66133814775094E-16,-1.,0.));
#4849=DIRECTION('',(0.,0.,-1.));
#4850=DIRECTION('center_axis',(-2.89623397728302E-17,-1.,0.));
#4851=DIRECTION('ref_axis',(-1.,2.89623397728302E-17,0.));
#4852=DIRECTION('',(0.,0.,-1.));
#4853=DIRECTION('center_axis',(0.,0.,-1.));
#4854=DIRECTION('ref_axis',(1.,1.55431223447522E-15,0.));
#4855=DIRECTION('',(0.,0.,-1.));
#4856=DIRECTION('center_axis',(1.,-2.22044604925031E-16,0.));
#4857=DIRECTION('ref_axis',(-2.22044604925031E-16,-1.,0.));
#4858=DIRECTION('',(0.,0.,-1.));
#4859=DIRECTION('center_axis',(0.,0.,-1.));
#4860=DIRECTION('ref_axis',(-1.55431223447522E-15,1.,0.));
#4861=DIRECTION('',(0.,0.,-1.));
#4862=DIRECTION('center_axis',(3.18585737501132E-16,1.,0.));
#4863=DIRECTION('ref_axis',(1.,-3.18585737501132E-16,0.));
#4864=DIRECTION('',(0.,0.,-1.));
#4865=DIRECTION('center_axis',(0.,0.,-1.));
#4866=DIRECTION('ref_axis',(-1.,-7.77156117237611E-16,0.));
#4867=DIRECTION('center_axis',(-2.22044604925031E-16,-1.,0.));
#4868=DIRECTION('ref_axis',(-1.,2.22044604925031E-16,0.));
#4869=DIRECTION('',(1.,-2.22044604925031E-16,0.));
#4870=DIRECTION('',(0.,0.,-1.));
#4871=DIRECTION('',(-1.,2.22044604925031E-16,0.));
#4872=DIRECTION('',(0.,0.,-1.));
#4873=DIRECTION('',(0.,0.,-1.));
#4874=DIRECTION('',(0.,0.,-1.));
#4875=DIRECTION('',(0.,0.,-1.));
#4876=DIRECTION('center_axis',(0.122720787032438,-0.992441236764242,0.));
#4877=DIRECTION('ref_axis',(-0.992441236764242,-0.122720787032438,0.));
#4878=DIRECTION('',(0.992441236764242,0.122720787032438,0.));
#4879=DIRECTION('',(0.,0.,-1.));
#4880=DIRECTION('',(-0.992441236764242,-0.122720787032438,0.));
#4881=DIRECTION('',(0.,0.,-1.));
#4882=DIRECTION('',(0.,0.,-1.));
#4883=DIRECTION('',(0.,0.,-1.));
#4884=DIRECTION('',(0.,0.,-1.));
#4885=DIRECTION('',(0.,0.,-1.));
#4886=DIRECTION('',(0.,0.,-1.));
#4887=DIRECTION('',(0.,0.,-1.));
#4888=DIRECTION('',(0.,0.,-1.));
#4889=DIRECTION('',(0.,0.,-1.));
#4890=DIRECTION('',(0.,0.,-1.));
#4891=DIRECTION('center_axis',(2.22044604925031E-16,1.,0.));
#4892=DIRECTION('ref_axis',(1.,-2.22044604925031E-16,0.));
#4893=DIRECTION('',(-1.,2.22044604925031E-16,0.));
#4894=DIRECTION('',(1.,-2.22044604925031E-16,0.));
#4895=DIRECTION('',(0.,0.,-1.));
#4896=DIRECTION('',(0.,0.,-1.));
#4897=DIRECTION('',(0.,0.,-1.));
#4898=DIRECTION('',(0.,0.,-1.));
#4899=DIRECTION('center_axis',(0.,0.,-1.));
#4900=DIRECTION('ref_axis',(-2.22044604925031E-16,-1.,0.));
#4901=DIRECTION('center_axis',(0.,0.,-1.));
#4902=DIRECTION('ref_axis',(-2.22044604925031E-16,-1.,0.));
#4903=DIRECTION('center_axis',(-2.22044604925031E-16,-1.,0.));
#4904=DIRECTION('ref_axis',(-1.,2.22044604925031E-16,0.));
#4905=DIRECTION('',(1.,-2.22044604925031E-16,0.));
#4906=DIRECTION('',(0.,0.,-1.));
#4907=DIRECTION('',(-1.,2.22044604925031E-16,0.));
#4908=DIRECTION('',(0.,0.,-1.));
#4909=DIRECTION('',(0.,0.,-1.));
#4910=DIRECTION('',(0.,0.,-1.));
#4911=DIRECTION('',(0.,0.,-1.));
#4912=DIRECTION('center_axis',(0.122720787032438,-0.992441236764242,0.));
#4913=DIRECTION('ref_axis',(-0.992441236764242,-0.122720787032438,0.));
#4914=DIRECTION('',(0.992441236764242,0.122720787032438,0.));
#4915=DIRECTION('',(0.,0.,-1.));
#4916=DIRECTION('',(-0.992441236764242,-0.122720787032438,0.));
#4917=DIRECTION('',(0.,0.,-1.));
#4918=DIRECTION('',(0.,0.,-1.));
#4919=DIRECTION('',(0.,0.,-1.));
#4920=DIRECTION('',(0.,0.,-1.));
#4921=DIRECTION('',(0.,0.,-1.));
#4922=DIRECTION('',(0.,0.,-1.));
#4923=DIRECTION('',(0.,0.,-1.));
#4924=DIRECTION('',(0.,0.,-1.));
#4925=DIRECTION('',(0.,0.,-1.));
#4926=DIRECTION('',(0.,0.,-1.));
#4927=DIRECTION('center_axis',(2.22044604925031E-16,1.,0.));
#4928=DIRECTION('ref_axis',(1.,-2.22044604925031E-16,0.));
#4929=DIRECTION('',(-1.,2.22044604925031E-16,0.));
#4930=DIRECTION('',(1.,-2.22044604925031E-16,0.));
#4931=DIRECTION('',(0.,0.,-1.));
#4932=DIRECTION('',(0.,0.,-1.));
#4933=DIRECTION('',(0.,0.,-1.));
#4934=DIRECTION('',(0.,0.,-1.));
#4935=DIRECTION('center_axis',(0.,0.,-1.));
#4936=DIRECTION('ref_axis',(-2.22044604925031E-16,-1.,0.));
#4937=DIRECTION('center_axis',(0.,0.,-1.));
#4938=DIRECTION('ref_axis',(-2.22044604925031E-16,-1.,0.));
#4939=DIRECTION('center_axis',(0.244886620043334,-0.969551722871839,0.));
#4940=DIRECTION('ref_axis',(-0.969551722871839,-0.244886620043334,0.));
#4941=DIRECTION('',(0.969551722871839,0.244886620043334,0.));
#4942=DIRECTION('',(0.,0.,-1.));
#4943=DIRECTION('',(-0.969551722871839,-0.244886620043334,0.));
#4944=DIRECTION('',(0.,0.,-1.));
#4945=DIRECTION('',(0.,0.,-1.));
#4946=DIRECTION('',(0.,0.,-1.));
#4947=DIRECTION('',(0.,0.,-1.));
#4948=DIRECTION('',(0.,0.,-1.));
#4949=DIRECTION('',(0.,0.,-1.));
#4950=DIRECTION('',(0.,0.,-1.));
#4951=DIRECTION('',(0.,0.,-1.));
#4952=DIRECTION('',(0.,0.,-1.));
#4953=DIRECTION('',(0.,0.,-1.));
#4954=DIRECTION('',(0.,0.,-1.));
#4955=DIRECTION('center_axis',(0.229323511061228,0.973350259297521,0.));
#4956=DIRECTION('ref_axis',(0.973350259297521,-0.229323511061228,0.));
#4957=DIRECTION('',(-0.973350259297521,0.229323511061228,0.));
#4958=DIRECTION('',(0.973350259297521,-0.229323511061228,0.));
#4959=DIRECTION('',(0.,0.,-1.));
#4960=DIRECTION('',(0.,0.,-1.));
#4961=DIRECTION('',(0.,0.,-1.));
#4962=DIRECTION('',(0.,0.,-1.));
#4963=DIRECTION('',(0.,0.,-1.));
#4964=DIRECTION('',(0.,0.,-1.));
#4965=DIRECTION('',(0.,0.,-1.));
#4966=DIRECTION('',(0.,0.,-1.));
#4967=DIRECTION('',(0.,0.,-1.));
#4968=DIRECTION('',(0.,0.,-1.));
#4969=DIRECTION('center_axis',(0.,0.,-1.));
#4970=DIRECTION('ref_axis',(-2.22044604925031E-16,-1.,0.));
#4971=DIRECTION('center_axis',(0.,0.,-1.));
#4972=DIRECTION('ref_axis',(-2.22044604925031E-16,-1.,0.));
#4973=DIRECTION('center_axis',(-1.,2.22044604925031E-16,0.));
#4974=DIRECTION('ref_axis',(2.22044604925031E-16,1.,0.));
#4975=DIRECTION('',(-2.22044604925031E-16,-1.,0.));
#4976=DIRECTION('',(0.,0.,-1.));
#4977=DIRECTION('',(2.22044604925031E-16,1.,0.));
#4978=DIRECTION('',(0.,0.,-1.));
#4979=DIRECTION('center_axis',(-2.22044604925031E-16,-1.,0.));
#4980=DIRECTION('ref_axis',(-1.,2.22044604925031E-16,0.));
#4981=DIRECTION('',(1.,-2.22044604925031E-16,0.));
#4982=DIRECTION('',(-1.,2.22044604925031E-16,0.));
#4983=DIRECTION('',(0.,0.,-1.));
#4984=DIRECTION('center_axis',(1.,-2.22044604925031E-16,0.));
#4985=DIRECTION('ref_axis',(-2.22044604925031E-16,-1.,0.));
#4986=DIRECTION('',(2.22044604925031E-16,1.,0.));
#4987=DIRECTION('',(-2.22044604925031E-16,-1.,0.));
#4988=DIRECTION('',(0.,0.,-1.));
#4989=DIRECTION('center_axis',(2.22044604925031E-16,1.,0.));
#4990=DIRECTION('ref_axis',(1.,-2.22044604925031E-16,0.));
#4991=DIRECTION('',(-1.,2.22044604925031E-16,0.));
#4992=DIRECTION('',(1.,-2.22044604925031E-16,0.));
#4993=DIRECTION('center_axis',(0.,0.,-1.));
#4994=DIRECTION('ref_axis',(2.22044604925031E-16,1.,0.));
#4995=DIRECTION('center_axis',(0.,0.,1.));
#4996=DIRECTION('ref_axis',(-2.22044604925031E-16,-1.,0.));
#4997=DIRECTION('center_axis',(-0.934654884067305,0.35555625108994,0.));
#4998=DIRECTION('ref_axis',(0.35555625108994,0.934654884067305,0.));
#4999=DIRECTION('',(-0.35555625108994,-0.934654884067305,0.));
#5000=DIRECTION('',(0.,0.,-1.));
#5001=DIRECTION('',(0.35555625108994,0.934654884067305,0.));
#5002=DIRECTION('',(0.,0.,-1.));
#5003=DIRECTION('center_axis',(-2.22044604925031E-16,-1.,0.));
#5004=DIRECTION('ref_axis',(-1.,2.22044604925031E-16,0.));
#5005=DIRECTION('',(1.,-2.22044604925031E-16,0.));
#5006=DIRECTION('',(-1.,2.22044604925031E-16,0.));
#5007=DIRECTION('',(0.,0.,-1.));
#5008=DIRECTION('center_axis',(0.941339435162975,-0.337461209336795,0.));
#5009=DIRECTION('ref_axis',(-0.337461209336795,-0.941339435162974,0.));
#5010=DIRECTION('',(0.337461209336795,0.941339435162974,0.));
#5011=DIRECTION('',(-0.337461209336795,-0.941339435162974,0.));
#5012=DIRECTION('',(0.,0.,-1.));
#5013=DIRECTION('',(0.,0.,-1.));
#5014=DIRECTION('',(0.,0.,-1.));
#5015=DIRECTION('center_axis',(-0.939623889795886,-0.342208921164905,0.));
#5016=DIRECTION('ref_axis',(-0.342208921164905,0.939623889795886,0.));
#5017=DIRECTION('',(0.342208921164905,-0.939623889795886,0.));
#5018=DIRECTION('',(-0.342208921164905,0.939623889795886,0.));
#5019=DIRECTION('',(0.,0.,-1.));
#5020=DIRECTION('center_axis',(-2.22044604925031E-16,-1.,0.));
#5021=DIRECTION('ref_axis',(-1.,2.22044604925031E-16,0.));
#5022=DIRECTION('',(1.,-2.22044604925031E-16,0.));
#5023=DIRECTION('',(-1.,2.22044604925031E-16,0.));
#5024=DIRECTION('',(0.,0.,-1.));
#5025=DIRECTION('center_axis',(0.935238919100192,0.354017180656963,0.));
#5026=DIRECTION('ref_axis',(0.354017180656963,-0.935238919100192,0.));
#5027=DIRECTION('',(-0.354017180656963,0.935238919100192,0.));
#5028=DIRECTION('',(0.354017180656963,-0.935238919100192,0.));
#5029=DIRECTION('',(0.,0.,-1.));
#5030=DIRECTION('center_axis',(2.22044604925031E-16,1.,0.));
#5031=DIRECTION('ref_axis',(1.,-2.22044604925031E-16,0.));
#5032=DIRECTION('',(-1.,2.22044604925031E-16,0.));
#5033=DIRECTION('',(1.,-2.22044604925031E-16,0.));
#5034=DIRECTION('center_axis',(0.,0.,-1.));
#5035=DIRECTION('ref_axis',(-2.22044604925031E-16,-1.,0.));
#5036=DIRECTION('center_axis',(0.,0.,-1.));
#5037=DIRECTION('ref_axis',(-2.22044604925031E-16,-1.,0.));
#5038=DIRECTION('center_axis',(-1.,2.22044604925031E-16,0.));
#5039=DIRECTION('ref_axis',(2.22044604925031E-16,1.,0.));
#5040=DIRECTION('',(-2.22044604925031E-16,-1.,0.));
#5041=DIRECTION('',(0.,0.,-1.));
#5042=DIRECTION('',(2.22044604925031E-16,1.,0.));
#5043=DIRECTION('',(0.,0.,-1.));
#5044=DIRECTION('center_axis',(-2.22044604925031E-16,-1.,0.));
#5045=DIRECTION('ref_axis',(-1.,2.22044604925031E-16,0.));
#5046=DIRECTION('',(1.,-2.22044604925031E-16,0.));
#5047=DIRECTION('',(-1.,2.22044604925031E-16,0.));
#5048=DIRECTION('',(0.,0.,-1.));
#5049=DIRECTION('center_axis',(1.,-2.22044604925031E-16,0.));
#5050=DIRECTION('ref_axis',(-2.22044604925031E-16,-1.,0.));
#5051=DIRECTION('',(2.22044604925031E-16,1.,0.));
#5052=DIRECTION('',(-2.22044604925031E-16,-1.,0.));
#5053=DIRECTION('',(0.,0.,-1.));
#5054=DIRECTION('',(0.,0.,-1.));
#5055=DIRECTION('',(0.,0.,-1.));
#5056=DIRECTION('',(0.,0.,-1.));
#5057=DIRECTION('center_axis',(0.937478471126524,0.34804326767555,0.));
#5058=DIRECTION('ref_axis',(0.34804326767555,-0.937478471126524,0.));
#5059=DIRECTION('',(-0.34804326767555,0.937478471126524,0.));
#5060=DIRECTION('',(0.34804326767555,-0.937478471126524,0.));
#5061=DIRECTION('',(0.,0.,-1.));
#5062=DIRECTION('',(0.,0.,-1.));
#5063=DIRECTION('',(0.,0.,-1.));
#5064=DIRECTION('',(0.,0.,-1.));
#5065=DIRECTION('',(0.,0.,-1.));
#5066=DIRECTION('center_axis',(1.,-2.22044604925031E-16,0.));
#5067=DIRECTION('ref_axis',(-2.22044604925031E-16,-1.,0.));
#5068=DIRECTION('',(2.22044604925031E-16,1.,0.));
#5069=DIRECTION('',(-2.22044604925031E-16,-1.,0.));
#5070=DIRECTION('',(0.,0.,-1.));
#5071=DIRECTION('center_axis',(2.22044604925031E-16,1.,0.));
#5072=DIRECTION('ref_axis',(1.,-2.22044604925031E-16,0.));
#5073=DIRECTION('',(-1.,2.22044604925031E-16,0.));
#5074=DIRECTION('',(1.,-2.22044604925031E-16,0.));
#5075=DIRECTION('center_axis',(0.,0.,-1.));
#5076=DIRECTION('ref_axis',(-2.22044604925031E-16,-1.,0.));
#5077=DIRECTION('center_axis',(0.,0.,-1.));
#5078=DIRECTION('ref_axis',(-2.22044604925031E-16,-1.,0.));
#5079=CARTESIAN_POINT('',(0.,0.,0.));
#5080=CARTESIAN_POINT('Origin',(19.0825381875038,23.5000005960465,-10.));
#5081=CARTESIAN_POINT('',(19.0825381875038,23.5000005960465,-10.));
#5082=CARTESIAN_POINT('',(19.0825381875038,33.5000005960465,-10.));
#5083=CARTESIAN_POINT('',(19.0825381875038,25.7500002980232,-10.));
#5084=CARTESIAN_POINT('',(19.0825381875038,23.5000005960465,-9.3));
#5085=CARTESIAN_POINT('',(19.0825381875038,23.5000005960465,-10.));
#5086=CARTESIAN_POINT('',(19.0825381875038,33.5000005960465,-9.3));
#5087=CARTESIAN_POINT('',(19.0825381875038,23.5000005960465,-9.3));
#5088=CARTESIAN_POINT('',(19.0825381875038,33.5000005960465,-10.));
#5089=CARTESIAN_POINT('Origin',(17.8547075390816,23.5000005960465,-10.));
#5090=CARTESIAN_POINT('',(17.8547075390816,23.5000005960465,-10.));
#5091=CARTESIAN_POINT('',(22.9273537695408,23.5000005960465,-10.));
#5092=CARTESIAN_POINT('',(17.8547075390816,23.5000005960465,-9.3));
#5093=CARTESIAN_POINT('',(17.8547075390816,23.5000005960465,-10.));
#5094=CARTESIAN_POINT('',(17.8547075390816,23.5000005960465,-9.3));
#5095=CARTESIAN_POINT('Origin',(17.8547075390816,33.5000005960465,-10.));
#5096=CARTESIAN_POINT('',(17.8547075390816,33.5000005960465,-10.));
#5097=CARTESIAN_POINT('',(17.8547075390816,30.7500002980232,-10.));
#5098=CARTESIAN_POINT('',(17.8547075390816,33.5000005960465,-9.3));
#5099=CARTESIAN_POINT('',(17.8547075390816,33.5000005960465,-10.));
#5100=CARTESIAN_POINT('',(17.8547075390816,33.5000005960465,-9.3));
#5101=CARTESIAN_POINT('Origin',(19.0825381875038,33.5000005960465,-10.));
#5102=CARTESIAN_POINT('',(23.5412690937519,33.5000005960465,-10.));
#5103=CARTESIAN_POINT('',(19.0825381875038,33.5000005960465,-9.3));
#5104=CARTESIAN_POINT('Origin',(27.5000008195639,28.5000005960465,-9.3));
#5105=CARTESIAN_POINT('Origin',(44.7237411141396,29.7073677778244,-10.));
#5106=CARTESIAN_POINT('',(44.7237411141396,29.7073677778244,-10.));
#5107=CARTESIAN_POINT('',(44.7237411141396,33.5000005960465,-10.));
#5108=CARTESIAN_POINT('',(44.7237411141396,28.8536838889122,-10.));
#5109=CARTESIAN_POINT('',(44.7237411141396,29.7073677778244,-9.3));
#5110=CARTESIAN_POINT('',(44.7237411141396,29.7073677778244,-10.));
#5111=CARTESIAN_POINT('',(44.7237411141396,33.5000005960465,-9.3));
#5112=CARTESIAN_POINT('',(44.7237411141396,29.7073677778244,-9.3));
#5113=CARTESIAN_POINT('',(44.7237411141396,33.5000005960465,-10.));
#5114=CARTESIAN_POINT('Ctrl Pts',(44.9283781647682,28.2748976945877,-10.));
#5115=CARTESIAN_POINT('Ctrl Pts',(44.9283781647682,28.2748976945877,-9.3));
#5116=CARTESIAN_POINT('Ctrl Pts',(44.8687093804243,28.5021740861431,-10.));
#5117=CARTESIAN_POINT('Ctrl Pts',(44.8687093804243,28.5021740861431,-9.3));
#5118=CARTESIAN_POINT('Ctrl Pts',(44.7454501548404,28.9716643283976,-10.));
#5119=CARTESIAN_POINT('Ctrl Pts',(44.7454501548404,28.9716643283976,-9.3));
#5120=CARTESIAN_POINT('Ctrl Pts',(44.7311293396608,29.456986239735,-10.));
#5121=CARTESIAN_POINT('Ctrl Pts',(44.7311293396608,29.456986239735,-9.3));
#5122=CARTESIAN_POINT('Ctrl Pts',(44.7237411141396,29.7073677778244,-10.));
#5123=CARTESIAN_POINT('Ctrl Pts',(44.7237411141396,29.7073677778244,-9.3));
#5124=CARTESIAN_POINT('',(44.9283781647682,28.2748976945877,-10.));
#5125=CARTESIAN_POINT('Ctrl Pts',(44.9283781647682,28.2748976945877,-10.));
#5126=CARTESIAN_POINT('Ctrl Pts',(44.8687093804243,28.5021740861431,-10.));
#5127=CARTESIAN_POINT('Ctrl Pts',(44.7454501548404,28.9716643283976,-10.));
#5128=CARTESIAN_POINT('Ctrl Pts',(44.7311293396608,29.456986239735,-10.));
#5129=CARTESIAN_POINT('Ctrl Pts',(44.7237411141396,29.7073677778244,-10.));
#5130=CARTESIAN_POINT('',(44.9283781647682,28.2748976945877,-9.3));
#5131=CARTESIAN_POINT('',(44.9283781647682,28.2748976945877,-10.));
#5132=CARTESIAN_POINT('Ctrl Pts',(44.9283781647682,28.2748976945877,-9.3));
#5133=CARTESIAN_POINT('Ctrl Pts',(44.8687093804243,28.5021740861431,-9.3));
#5134=CARTESIAN_POINT('Ctrl Pts',(44.7454501548404,28.9716643283976,-9.3));
#5135=CARTESIAN_POINT('Ctrl Pts',(44.7311293396608,29.456986239735,-9.3));
#5136=CARTESIAN_POINT('Ctrl Pts',(44.7237411141396,29.7073677778244,-9.3));
#5137=CARTESIAN_POINT('Ctrl Pts',(45.3854051232338,27.6030019521713,-10.));
#5138=CARTESIAN_POINT('Ctrl Pts',(45.3854051232338,27.6030019521713,-9.3));
#5139=CARTESIAN_POINT('Ctrl Pts',(45.2855661283931,27.6936329074036,-10.));
#5140=CARTESIAN_POINT('Ctrl Pts',(45.2855661283931,27.6936329074036,-9.3));
#5141=CARTESIAN_POINT('Ctrl Pts',(45.0795162707736,27.8806790155032,-10.));
#5142=CARTESIAN_POINT('Ctrl Pts',(45.0795162707736,27.8806790155032,-9.3));
#5143=CARTESIAN_POINT('Ctrl Pts',(44.9797855547759,28.1408100450886,-10.));
#5144=CARTESIAN_POINT('Ctrl Pts',(44.9797855547759,28.1408100450886,-9.3));
#5145=CARTESIAN_POINT('Ctrl Pts',(44.9283781647682,28.2748976945877,-10.));
#5146=CARTESIAN_POINT('Ctrl Pts',(44.9283781647682,28.2748976945877,-9.3));
#5147=CARTESIAN_POINT('',(45.3854051232338,27.6030019521713,-10.));
#5148=CARTESIAN_POINT('Ctrl Pts',(45.3854051232338,27.6030019521713,-10.));
#5149=CARTESIAN_POINT('Ctrl Pts',(45.2855661283931,27.6936329074036,-10.));
#5150=CARTESIAN_POINT('Ctrl Pts',(45.0795162707736,27.8806790155032,-10.));
#5151=CARTESIAN_POINT('Ctrl Pts',(44.9797855547759,28.1408100450886,-10.));
#5152=CARTESIAN_POINT('Ctrl Pts',(44.9283781647682,28.2748976945877,-10.));
#5153=CARTESIAN_POINT('',(45.3854051232338,27.6030019521713,-9.3));
#5154=CARTESIAN_POINT('',(45.3854051232338,27.6030019521713,-10.));
#5155=CARTESIAN_POINT('Ctrl Pts',(45.3854051232338,27.6030019521713,-9.3));
#5156=CARTESIAN_POINT('Ctrl Pts',(45.2855661283931,27.6936329074036,-9.3));
#5157=CARTESIAN_POINT('Ctrl Pts',(45.0795162707736,27.8806790155032,-9.3));
#5158=CARTESIAN_POINT('Ctrl Pts',(44.9797855547759,28.1408100450886,-9.3));
#5159=CARTESIAN_POINT('Ctrl Pts',(44.9283781647682,28.2748976945877,-9.3));
#5160=CARTESIAN_POINT('Ctrl Pts',(46.1084595322609,27.3608461618424,-10.));
#5161=CARTESIAN_POINT('Ctrl Pts',(46.1084595322609,27.3608461618424,-9.3));
#5162=CARTESIAN_POINT('Ctrl Pts',(45.9777426998721,27.3709175861555,-10.));
#5163=CARTESIAN_POINT('Ctrl Pts',(45.9777426998721,27.3709175861555,-9.3));
#5164=CARTESIAN_POINT('Ctrl Pts',(45.7164290534676,27.3910511876487,-10.));
#5165=CARTESIAN_POINT('Ctrl Pts',(45.7164290534676,27.3910511876487,-9.3));
#5166=CARTESIAN_POINT('Ctrl Pts',(45.4957126424695,27.5323733332129,-10.));
#5167=CARTESIAN_POINT('Ctrl Pts',(45.4957126424695,27.5323733332129,-9.3));
#5168=CARTESIAN_POINT('Ctrl Pts',(45.3854051232338,27.6030019521713,-10.));
#5169=CARTESIAN_POINT('Ctrl Pts',(45.3854051232338,27.6030019521713,-9.3));
#5170=CARTESIAN_POINT('',(46.1084595322609,27.3608461618424,-10.));
#5171=CARTESIAN_POINT('Ctrl Pts',(46.1084595322609,27.3608461618424,-10.));
#5172=CARTESIAN_POINT('Ctrl Pts',(45.9777426998721,27.3709175861555,-10.));
#5173=CARTESIAN_POINT('Ctrl Pts',(45.7164290534676,27.3910511876487,-10.));
#5174=CARTESIAN_POINT('Ctrl Pts',(45.4957126424695,27.5323733332129,-10.));
#5175=CARTESIAN_POINT('Ctrl Pts',(45.3854051232338,27.6030019521713,-10.));
#5176=CARTESIAN_POINT('',(46.1084595322609,27.3608461618424,-9.3));
#5177=CARTESIAN_POINT('',(46.1084595322609,27.3608461618424,-10.));
#5178=CARTESIAN_POINT('Ctrl Pts',(46.1084595322609,27.3608461618424,-9.3));
#5179=CARTESIAN_POINT('Ctrl Pts',(45.9777426998721,27.3709175861555,-9.3));
#5180=CARTESIAN_POINT('Ctrl Pts',(45.7164290534676,27.3910511876487,-9.3));
#5181=CARTESIAN_POINT('Ctrl Pts',(45.4957126424695,27.5323733332129,-9.3));
#5182=CARTESIAN_POINT('Ctrl Pts',(45.3854051232338,27.6030019521713,-9.3));
#5183=CARTESIAN_POINT('Ctrl Pts',(47.0088711380959,27.6268759965897,-10.));
#5184=CARTESIAN_POINT('Ctrl Pts',(47.0088711380959,27.6268759965897,-9.3));
#5185=CARTESIAN_POINT('Ctrl Pts',(46.8620026218657,27.5493195071351,-10.));
#5186=CARTESIAN_POINT('Ctrl Pts',(46.8620026218657,27.5493195071351,-9.3));
#5187=CARTESIAN_POINT('Ctrl Pts',(46.5794039070867,27.4000883117421,-10.));
#5188=CARTESIAN_POINT('Ctrl Pts',(46.5794039070867,27.4000883117421,-9.3));
#5189=CARTESIAN_POINT('Ctrl Pts',(46.2612612427429,27.3735785946905,-10.));
#5190=CARTESIAN_POINT('Ctrl Pts',(46.2612612427429,27.3735785946905,-9.3));
#5191=CARTESIAN_POINT('Ctrl Pts',(46.1084595322609,27.3608461618424,-10.));
#5192=CARTESIAN_POINT('Ctrl Pts',(46.1084595322609,27.3608461618424,-9.3));
#5193=CARTESIAN_POINT('',(47.0088711380959,27.6268759965897,-10.));
#5194=CARTESIAN_POINT('Ctrl Pts',(47.0088711380959,27.6268759965897,-10.));
#5195=CARTESIAN_POINT('Ctrl Pts',(46.8620026218657,27.5493195071351,-10.));
#5196=CARTESIAN_POINT('Ctrl Pts',(46.5794039070867,27.4000883117421,-10.));
#5197=CARTESIAN_POINT('Ctrl Pts',(46.2612612427429,27.3735785946905,-10.));
#5198=CARTESIAN_POINT('Ctrl Pts',(46.1084595322609,27.3608461618424,-10.));
#5199=CARTESIAN_POINT('',(47.0088711380959,27.6268759965897,-9.3));
#5200=CARTESIAN_POINT('',(47.0088711380959,27.6268759965897,-10.));
#5201=CARTESIAN_POINT('Ctrl Pts',(47.0088711380959,27.6268759965897,-9.3));
#5202=CARTESIAN_POINT('Ctrl Pts',(46.8620026218657,27.5493195071351,-9.3));
#5203=CARTESIAN_POINT('Ctrl Pts',(46.5794039070867,27.4000883117421,-9.3));
#5204=CARTESIAN_POINT('Ctrl Pts',(46.2612612427429,27.3735785946905,-9.3));
#5205=CARTESIAN_POINT('Ctrl Pts',(46.1084595322609,27.3608461618424,-9.3));
#5206=CARTESIAN_POINT('Origin',(47.4317875504494,26.4877215623856,-10.));
#5207=CARTESIAN_POINT('',(47.4317875504494,26.4877215623856,-10.));
#5208=CARTESIAN_POINT('',(46.0081459191319,30.3223981785231,-10.));
#5209=CARTESIAN_POINT('',(47.4317875504494,26.4877215623856,-9.3));
#5210=CARTESIAN_POINT('',(47.4317875504494,26.4877215623856,-10.));
#5211=CARTESIAN_POINT('',(47.4317875504494,26.4877215623856,-9.3));
#5212=CARTESIAN_POINT('Ctrl Pts',(46.1698523163795,26.0920873880386,-10.));
#5213=CARTESIAN_POINT('Ctrl Pts',(46.1698523163795,26.0920873880386,-9.3));
#5214=CARTESIAN_POINT('Ctrl Pts',(46.3825525269359,26.1116967641525,-10.));
#5215=CARTESIAN_POINT('Ctrl Pts',(46.3825525269359,26.1116967641525,-9.3));
#5216=CARTESIAN_POINT('Ctrl Pts',(46.8308710436423,26.1530283941961,-10.));
#5217=CARTESIAN_POINT('Ctrl Pts',(46.8308710436423,26.1530283941961,-9.3));
#5218=CARTESIAN_POINT('Ctrl Pts',(47.2247699945293,26.3724187526327,-10.));
#5219=CARTESIAN_POINT('Ctrl Pts',(47.2247699945293,26.3724187526327,-9.3));
#5220=CARTESIAN_POINT('Ctrl Pts',(47.4317875504494,26.4877215623856,-10.));
#5221=CARTESIAN_POINT('Ctrl Pts',(47.4317875504494,26.4877215623856,-9.3));
#5222=CARTESIAN_POINT('',(46.1698523163795,26.0920873880386,-10.));
#5223=CARTESIAN_POINT('Ctrl Pts',(46.1698523163795,26.0920873880386,-10.));
#5224=CARTESIAN_POINT('Ctrl Pts',(46.3825525269359,26.1116967641525,-10.));
#5225=CARTESIAN_POINT('Ctrl Pts',(46.8308710436423,26.1530283941961,-10.));
#5226=CARTESIAN_POINT('Ctrl Pts',(47.2247699945293,26.3724187526327,-10.));
#5227=CARTESIAN_POINT('Ctrl Pts',(47.4317875504494,26.4877215623856,-10.));
#5228=CARTESIAN_POINT('',(46.1698523163795,26.0920873880386,-9.3));
#5229=CARTESIAN_POINT('',(46.1698523163795,26.0920873880386,-10.));
#5230=CARTESIAN_POINT('Ctrl Pts',(46.1698523163795,26.0920873880386,-9.3));
#5231=CARTESIAN_POINT('Ctrl Pts',(46.3825525269359,26.1116967641525,-9.3));
#5232=CARTESIAN_POINT('Ctrl Pts',(46.8308710436423,26.1530283941961,-9.3));
#5233=CARTESIAN_POINT('Ctrl Pts',(47.2247699945293,26.3724187526327,-9.3));
#5234=CARTESIAN_POINT('Ctrl Pts',(47.4317875504494,26.4877215623856,-9.3));
#5235=CARTESIAN_POINT('Ctrl Pts',(45.3819933533669,26.3376537561417,-10.));
#5236=CARTESIAN_POINT('Ctrl Pts',(45.3819933533669,26.3376537561417,-9.3));
#5237=CARTESIAN_POINT('Ctrl Pts',(45.5041504783805,26.2660303905599,-10.));
#5238=CARTESIAN_POINT('Ctrl Pts',(45.5041504783805,26.2660303905599,-9.3));
#5239=CARTESIAN_POINT('Ctrl Pts',(45.7477877272799,26.1231805998063,-10.));
#5240=CARTESIAN_POINT('Ctrl Pts',(45.7477877272799,26.1231805998063,-9.3));
#5241=CARTESIAN_POINT('Ctrl Pts',(46.0294249842575,26.1024325742694,-10.));
#5242=CARTESIAN_POINT('Ctrl Pts',(46.0294249842575,26.1024325742694,-9.3));
#5243=CARTESIAN_POINT('Ctrl Pts',(46.1698523163795,26.0920873880386,-10.));
#5244=CARTESIAN_POINT('Ctrl Pts',(46.1698523163795,26.0920873880386,-9.3));
#5245=CARTESIAN_POINT('',(45.3819933533669,26.3376537561417,-10.));
#5246=CARTESIAN_POINT('Ctrl Pts',(45.3819933533669,26.3376537561417,-10.));
#5247=CARTESIAN_POINT('Ctrl Pts',(45.5041504783805,26.2660303905599,-10.));
#5248=CARTESIAN_POINT('Ctrl Pts',(45.7477877272799,26.1231805998063,-10.));
#5249=CARTESIAN_POINT('Ctrl Pts',(46.0294249842575,26.1024325742694,-10.));
#5250=CARTESIAN_POINT('Ctrl Pts',(46.1698523163795,26.0920873880386,-10.));
#5251=CARTESIAN_POINT('',(45.3819933533669,26.3376537561417,-9.3));
#5252=CARTESIAN_POINT('',(45.3819933533669,26.3376537561417,-10.));
#5253=CARTESIAN_POINT('Ctrl Pts',(45.3819933533669,26.3376537561417,-9.3));
#5254=CARTESIAN_POINT('Ctrl Pts',(45.5041504783805,26.2660303905599,-9.3));
#5255=CARTESIAN_POINT('Ctrl Pts',(45.7477877272799,26.1231805998063,-9.3));
#5256=CARTESIAN_POINT('Ctrl Pts',(46.0294249842575,26.1024325742694,-9.3));
#5257=CARTESIAN_POINT('Ctrl Pts',(46.1698523163795,26.0920873880386,-9.3));
#5258=CARTESIAN_POINT('Ctrl Pts',(44.600957930088,27.3540250062943,-10.));
#5259=CARTESIAN_POINT('Ctrl Pts',(44.600957930088,27.3540250062943,-9.3));
#5260=CARTESIAN_POINT('Ctrl Pts',(44.7240515975596,27.1308868907429,-10.));
#5261=CARTESIAN_POINT('Ctrl Pts',(44.7240515975596,27.1308868907429,-9.3));
#5262=CARTESIAN_POINT('Ctrl Pts',(44.9334186567604,26.7513566353834,-10.));
#5263=CARTESIAN_POINT('Ctrl Pts',(44.9334186567604,26.7513566353834,-9.3));
#5264=CARTESIAN_POINT('Ctrl Pts',(45.2510908993947,26.4583799641016,-10.));
#5265=CARTESIAN_POINT('Ctrl Pts',(45.2510908993947,26.4583799641016,-9.3));
#5266=CARTESIAN_POINT('Ctrl Pts',(45.3819933533669,26.3376537561417,-10.));
#5267=CARTESIAN_POINT('Ctrl Pts',(45.3819933533669,26.3376537561417,-9.3));
#5268=CARTESIAN_POINT('',(44.600957930088,27.3540250062943,-10.));
#5269=CARTESIAN_POINT('Ctrl Pts',(44.600957930088,27.3540250062943,-10.));
#5270=CARTESIAN_POINT('Ctrl Pts',(44.7240515975596,27.1308868907429,-10.));
#5271=CARTESIAN_POINT('Ctrl Pts',(44.9334186567604,26.7513566353834,-10.));
#5272=CARTESIAN_POINT('Ctrl Pts',(45.2510908993947,26.4583799641016,-10.));
#5273=CARTESIAN_POINT('Ctrl Pts',(45.3819933533669,26.3376537561417,-10.));
#5274=CARTESIAN_POINT('',(44.600957930088,27.3540250062943,-9.3));
#5275=CARTESIAN_POINT('',(44.600957930088,27.3540250062943,-10.));
#5276=CARTESIAN_POINT('Ctrl Pts',(44.600957930088,27.3540250062943,-9.3));
#5277=CARTESIAN_POINT('Ctrl Pts',(44.7240515975596,27.1308868907429,-9.3));
#5278=CARTESIAN_POINT('Ctrl Pts',(44.9334186567604,26.7513566353834,-9.3));
#5279=CARTESIAN_POINT('Ctrl Pts',(45.2510908993947,26.4583799641016,-9.3));
#5280=CARTESIAN_POINT('Ctrl Pts',(45.3819933533669,26.3376537561417,-9.3));
#5281=CARTESIAN_POINT('Origin',(44.600957930088,26.2557986974716,-10.));
#5282=CARTESIAN_POINT('',(44.600957930088,26.2557986974716,-10.));
#5283=CARTESIAN_POINT('',(44.600957930088,27.1278993487358,-10.));
#5284=CARTESIAN_POINT('',(44.600957930088,26.2557986974716,-9.3));
#5285=CARTESIAN_POINT('',(44.600957930088,26.2557986974716,-10.));
#5286=CARTESIAN_POINT('',(44.600957930088,26.2557986974716,-9.3));
#5287=CARTESIAN_POINT('Origin',(43.4959092736244,26.2557986974716,-10.));
#5288=CARTESIAN_POINT('',(43.4959092736244,26.2557986974716,-10.));
#5289=CARTESIAN_POINT('',(35.7479546368122,26.2557986974716,-10.));
#5290=CARTESIAN_POINT('',(43.4959092736244,26.2557986974716,-9.3));
#5291=CARTESIAN_POINT('',(43.4959092736244,26.2557986974716,-10.));
#5292=CARTESIAN_POINT('',(43.4959092736244,26.2557986974716,-9.3));
#5293=CARTESIAN_POINT('Origin',(43.4959092736244,33.5000005960465,-10.));
#5294=CARTESIAN_POINT('',(43.4959092736244,33.5000005960465,-10.));
#5295=CARTESIAN_POINT('',(43.4959092736244,30.7500002980232,-10.));
#5296=CARTESIAN_POINT('',(43.4959092736244,33.5000005960465,-9.3));
#5297=CARTESIAN_POINT('',(43.4959092736244,33.5000005960465,-10.));
#5298=CARTESIAN_POINT('',(43.4959092736244,33.5000005960465,-9.3));
#5299=CARTESIAN_POINT('Origin',(44.7237411141396,33.5000005960465,-10.));
#5300=CARTESIAN_POINT('',(36.3618705570698,33.5000005960465,-10.));
#5301=CARTESIAN_POINT('',(44.7237411141396,33.5000005960465,-9.3));
#5302=CARTESIAN_POINT('Origin',(27.5000008195639,28.5000005960465,-9.3));
#5303=CARTESIAN_POINT('Ctrl Pts',(38.7278309464455,27.1016374826431,-10.));
#5304=CARTESIAN_POINT('Ctrl Pts',(38.7278309464455,27.1016374826431,-9.3));
#5305=CARTESIAN_POINT('Ctrl Pts',(38.45838070597,27.1239932927276,-10.));
#5306=CARTESIAN_POINT('Ctrl Pts',(38.45838070597,27.1239932927276,-9.3));
#5307=CARTESIAN_POINT('Ctrl Pts',(37.9263086734802,27.1681383685999,-10.));
#5308=CARTESIAN_POINT('Ctrl Pts',(37.9263086734802,27.1681383685999,-9.3));
#5309=CARTESIAN_POINT('Ctrl Pts',(37.5107217066266,27.5026800055979,-10.));
#5310=CARTESIAN_POINT('Ctrl Pts',(37.5107217066266,27.5026800055979,-9.3));
#5311=CARTESIAN_POINT('Ctrl Pts',(37.3055949807167,27.6678041219711,-10.));
#5312=CARTESIAN_POINT('Ctrl Pts',(37.3055949807167,27.6678041219711,-9.3));
#5313=CARTESIAN_POINT('',(38.7278309464455,27.1016374826431,-10.));
#5314=CARTESIAN_POINT('',(37.3055949807167,27.6678041219711,-10.));
#5315=CARTESIAN_POINT('Ctrl Pts',(38.7278309464455,27.1016374826431,-10.));
#5316=CARTESIAN_POINT('Ctrl Pts',(38.45838070597,27.1239932927276,-10.));
#5317=CARTESIAN_POINT('Ctrl Pts',(37.9263086734802,27.1681383685999,-10.));
#5318=CARTESIAN_POINT('Ctrl Pts',(37.5107217066266,27.5026800055979,-10.));
#5319=CARTESIAN_POINT('Ctrl Pts',(37.3055949807167,27.6678041219711,-10.));
#5320=CARTESIAN_POINT('',(38.7278309464455,27.1016374826431,-9.3));
#5321=CARTESIAN_POINT('',(38.7278309464455,27.1016374826431,-10.));
#5322=CARTESIAN_POINT('',(37.3055949807167,27.6678041219711,-9.3));
#5323=CARTESIAN_POINT('Ctrl Pts',(38.7278309464455,27.1016374826431,-9.3));
#5324=CARTESIAN_POINT('Ctrl Pts',(38.45838070597,27.1239932927276,-9.3));
#5325=CARTESIAN_POINT('Ctrl Pts',(37.9263086734802,27.1681383685999,-9.3));
#5326=CARTESIAN_POINT('Ctrl Pts',(37.5107217066266,27.5026800055979,-9.3));
#5327=CARTESIAN_POINT('Ctrl Pts',(37.3055949807167,27.6678041219711,-9.3));
#5328=CARTESIAN_POINT('',(37.3055949807167,27.6678041219711,-10.));
#5329=CARTESIAN_POINT('Ctrl Pts',(40.2489772439003,27.8110507726669,-10.));
#5330=CARTESIAN_POINT('Ctrl Pts',(40.2489772439003,27.8110507726669,-9.3));
#5331=CARTESIAN_POINT('Ctrl Pts',(40.0382651493916,27.6041392353857,-10.));
#5332=CARTESIAN_POINT('Ctrl Pts',(40.0382651493916,27.6041392353857,-9.3));
#5333=CARTESIAN_POINT('Ctrl Pts',(39.6149962320805,27.1885047053963,-10.));
#5334=CARTESIAN_POINT('Ctrl Pts',(39.6149962320805,27.1885047053963,-9.3));
#5335=CARTESIAN_POINT('Ctrl Pts',(39.0244106891616,27.1306772331741,-10.));
#5336=CARTESIAN_POINT('Ctrl Pts',(39.0244106891616,27.1306772331741,-9.3));
#5337=CARTESIAN_POINT('Ctrl Pts',(38.7278309464455,27.1016374826431,-10.));
#5338=CARTESIAN_POINT('Ctrl Pts',(38.7278309464455,27.1016374826431,-9.3));
#5339=CARTESIAN_POINT('',(40.2489772439003,27.8110507726669,-10.));
#5340=CARTESIAN_POINT('Ctrl Pts',(40.2489772439003,27.8110507726669,-10.));
#5341=CARTESIAN_POINT('Ctrl Pts',(40.0382651493916,27.6041392353857,-10.));
#5342=CARTESIAN_POINT('Ctrl Pts',(39.6149962320805,27.1885047053963,-10.));
#5343=CARTESIAN_POINT('Ctrl Pts',(39.0244106891616,27.1306772331741,-10.));
#5344=CARTESIAN_POINT('Ctrl Pts',(38.7278309464455,27.1016374826431,-10.));
#5345=CARTESIAN_POINT('',(40.2489772439003,27.8110507726669,-9.3));
#5346=CARTESIAN_POINT('',(40.2489772439003,27.8110507726669,-10.));
#5347=CARTESIAN_POINT('Ctrl Pts',(40.2489772439003,27.8110507726669,-9.3));
#5348=CARTESIAN_POINT('Ctrl Pts',(40.0382651493916,27.6041392353857,-9.3));
#5349=CARTESIAN_POINT('Ctrl Pts',(39.6149962320805,27.1885047053963,-9.3));
#5350=CARTESIAN_POINT('Ctrl Pts',(39.0244106891616,27.1306772331741,-9.3));
#5351=CARTESIAN_POINT('Ctrl Pts',(38.7278309464455,27.1016374826431,-9.3));
#5352=CARTESIAN_POINT('Ctrl Pts',(40.712825357914,29.182128071785,-10.));
#5353=CARTESIAN_POINT('Ctrl Pts',(40.712825357914,29.182128071785,-9.3));
#5354=CARTESIAN_POINT('Ctrl Pts',(40.6817726283457,28.9079341410085,-10.));
#5355=CARTESIAN_POINT('Ctrl Pts',(40.6817726283457,28.9079341410085,-9.3));
#5356=CARTESIAN_POINT('Ctrl Pts',(40.6260112009304,28.4155637381064,-10.));
#5357=CARTESIAN_POINT('Ctrl Pts',(40.6260112009304,28.4155637381064,-9.3));
#5358=CARTESIAN_POINT('Ctrl Pts',(40.364747141014,27.9966690770873,-10.));
#5359=CARTESIAN_POINT('Ctrl Pts',(40.364747141014,27.9966690770873,-9.3));
#5360=CARTESIAN_POINT('Ctrl Pts',(40.2489772439003,27.8110507726669,-10.));
#5361=CARTESIAN_POINT('Ctrl Pts',(40.2489772439003,27.8110507726669,-9.3));
#5362=CARTESIAN_POINT('',(40.712825357914,29.182128071785,-10.));
#5363=CARTESIAN_POINT('Ctrl Pts',(40.712825357914,29.182128071785,-10.));
#5364=CARTESIAN_POINT('Ctrl Pts',(40.6817726283457,28.9079341410085,-10.));
#5365=CARTESIAN_POINT('Ctrl Pts',(40.6260112009304,28.4155637381064,-10.));
#5366=CARTESIAN_POINT('Ctrl Pts',(40.364747141014,27.9966690770873,-10.));
#5367=CARTESIAN_POINT('Ctrl Pts',(40.2489772439003,27.8110507726669,-10.));
#5368=CARTESIAN_POINT('',(40.712825357914,29.182128071785,-9.3));
#5369=CARTESIAN_POINT('',(40.712825357914,29.182128071785,-10.));
#5370=CARTESIAN_POINT('Ctrl Pts',(40.712825357914,29.182128071785,-9.3));
#5371=CARTESIAN_POINT('Ctrl Pts',(40.6817726283457,28.9079341410085,-9.3));
#5372=CARTESIAN_POINT('Ctrl Pts',(40.6260112009304,28.4155637381064,-9.3));
#5373=CARTESIAN_POINT('Ctrl Pts',(40.364747141014,27.9966690770873,-9.3));
#5374=CARTESIAN_POINT('Ctrl Pts',(40.2489772439003,27.8110507726669,-9.3));
#5375=CARTESIAN_POINT('Origin',(36.6678038239479,29.182128071785,-10.));
#5376=CARTESIAN_POINT('',(36.6678038239479,29.182128071785,-10.));
#5377=CARTESIAN_POINT('',(32.333901911974,29.182128071785,-10.));
#5378=CARTESIAN_POINT('',(36.6678038239479,29.182128071785,-9.3));
#5379=CARTESIAN_POINT('',(36.6678038239479,29.182128071785,-10.));
#5380=CARTESIAN_POINT('',(36.6678038239479,29.182128071785,-9.3));
#5381=CARTESIAN_POINT('Ctrl Pts',(37.3055949807167,27.6678041219711,-10.));
#5382=CARTESIAN_POINT('Ctrl Pts',(37.3055949807167,27.6678041219711,-9.3));
#5383=CARTESIAN_POINT('Ctrl Pts',(37.1345843783817,27.8789608688233,-10.));
#5384=CARTESIAN_POINT('Ctrl Pts',(37.1345843783817,27.8789608688233,-9.3));
#5385=CARTESIAN_POINT('Ctrl Pts',(36.7765644111698,28.3210289660777,-10.));
#5386=CARTESIAN_POINT('Ctrl Pts',(36.7765644111698,28.3210289660777,-9.3));
#5387=CARTESIAN_POINT('Ctrl Pts',(36.7051215372204,28.8866694838275,-10.));
#5388=CARTESIAN_POINT('Ctrl Pts',(36.7051215372204,28.8866694838275,-9.3));
#5389=CARTESIAN_POINT('Ctrl Pts',(36.6678038239479,29.182128071785,-10.));
#5390=CARTESIAN_POINT('Ctrl Pts',(36.6678038239479,29.182128071785,-9.3));
#5391=CARTESIAN_POINT('Ctrl Pts',(37.3055949807167,27.6678041219711,-10.));
#5392=CARTESIAN_POINT('Ctrl Pts',(37.1345843783817,27.8789608688233,-10.));
#5393=CARTESIAN_POINT('Ctrl Pts',(36.7765644111698,28.3210289660777,-10.));
#5394=CARTESIAN_POINT('Ctrl Pts',(36.7051215372204,28.8866694838275,-10.));
#5395=CARTESIAN_POINT('Ctrl Pts',(36.6678038239479,29.182128071785,-10.));
#5396=CARTESIAN_POINT('Ctrl Pts',(37.3055949807167,27.6678041219711,-9.3));
#5397=CARTESIAN_POINT('Ctrl Pts',(37.1345843783817,27.8789608688233,-9.3));
#5398=CARTESIAN_POINT('Ctrl Pts',(36.7765644111698,28.3210289660777,-9.3));
#5399=CARTESIAN_POINT('Ctrl Pts',(36.7051215372204,28.8866694838275,-9.3));
#5400=CARTESIAN_POINT('Ctrl Pts',(36.6678038239479,29.182128071785,-9.3));
#5401=CARTESIAN_POINT('Ctrl Pts',(38.7892237305641,32.6541618108749,-10.));
#5402=CARTESIAN_POINT('Ctrl Pts',(38.7892237305641,32.6541618108749,-9.3));
#5403=CARTESIAN_POINT('Ctrl Pts',(39.0031481279905,32.6415121235057,-10.));
#5404=CARTESIAN_POINT('Ctrl Pts',(39.0031481279905,32.6415121235057,-9.3));
#5405=CARTESIAN_POINT('Ctrl Pts',(39.4168468362706,32.6170494657268,-10.));
#5406=CARTESIAN_POINT('Ctrl Pts',(39.4168468362706,32.6170494657268,-9.3));
#5407=CARTESIAN_POINT('Ctrl Pts',(39.7710004005618,32.4028777025091,-10.));
#5408=CARTESIAN_POINT('Ctrl Pts',(39.7710004005618,32.4028777025091,-9.3));
#5409=CARTESIAN_POINT('Ctrl Pts',(39.9420204758644,32.2994545698166,-10.));
#5410=CARTESIAN_POINT('Ctrl Pts',(39.9420204758644,32.2994545698166,-9.3));
#5411=CARTESIAN_POINT('',(38.7892237305641,32.6541618108749,-10.));
#5412=CARTESIAN_POINT('',(39.9420204758644,32.2994545698166,-10.));
#5413=CARTESIAN_POINT('Ctrl Pts',(38.7892237305641,32.6541618108749,-10.));
#5414=CARTESIAN_POINT('Ctrl Pts',(39.0031481279905,32.6415121235057,-10.));
#5415=CARTESIAN_POINT('Ctrl Pts',(39.4168468362706,32.6170494657268,-10.));
#5416=CARTESIAN_POINT('Ctrl Pts',(39.7710004005618,32.4028777025091,-10.));
#5417=CARTESIAN_POINT('Ctrl Pts',(39.9420204758644,32.2994545698166,-10.));
#5418=CARTESIAN_POINT('',(38.7892237305641,32.6541618108749,-9.3));
#5419=CARTESIAN_POINT('',(38.7892237305641,32.6541618108749,-10.));
#5420=CARTESIAN_POINT('',(39.9420204758644,32.2994545698166,-9.3));
#5421=CARTESIAN_POINT('Ctrl Pts',(38.7892237305641,32.6541618108749,-9.3));
#5422=CARTESIAN_POINT('Ctrl Pts',(39.0031481279905,32.6415121235057,-9.3));
#5423=CARTESIAN_POINT('Ctrl Pts',(39.4168468362706,32.6170494657268,-9.3));
#5424=CARTESIAN_POINT('Ctrl Pts',(39.7710004005618,32.4028777025091,-9.3));
#5425=CARTESIAN_POINT('Ctrl Pts',(39.9420204758644,32.2994545698166,-9.3));
#5426=CARTESIAN_POINT('',(39.9420204758644,32.2994545698166,-10.));
#5427=CARTESIAN_POINT('Ctrl Pts',(37.2748985886574,32.0197824239731,-10.));
#5428=CARTESIAN_POINT('Ctrl Pts',(37.2748985886574,32.0197824239731,-9.3));
#5429=CARTESIAN_POINT('Ctrl Pts',(37.4911427075783,32.2048052776963,-10.));
#5430=CARTESIAN_POINT('Ctrl Pts',(37.4911427075783,32.2048052776963,-9.3));
#5431=CARTESIAN_POINT('Ctrl Pts',(37.9276622548217,32.5783002552242,-10.));
#5432=CARTESIAN_POINT('Ctrl Pts',(37.9276622548217,32.5783002552242,-9.3));
#5433=CARTESIAN_POINT('Ctrl Pts',(38.5002738601243,32.6287194166944,-10.));
#5434=CARTESIAN_POINT('Ctrl Pts',(38.5002738601243,32.6287194166944,-9.3));
#5435=CARTESIAN_POINT('Ctrl Pts',(38.7892237305641,32.6541618108749,-10.));
#5436=CARTESIAN_POINT('Ctrl Pts',(38.7892237305641,32.6541618108749,-9.3));
#5437=CARTESIAN_POINT('',(37.2748985886574,32.0197824239731,-10.));
#5438=CARTESIAN_POINT('Ctrl Pts',(37.2748985886574,32.0197824239731,-10.));
#5439=CARTESIAN_POINT('Ctrl Pts',(37.4911427075783,32.2048052776963,-10.));
#5440=CARTESIAN_POINT('Ctrl Pts',(37.9276622548217,32.5783002552242,-10.));
#5441=CARTESIAN_POINT('Ctrl Pts',(38.5002738601243,32.6287194166944,-10.));
#5442=CARTESIAN_POINT('Ctrl Pts',(38.7892237305641,32.6541618108749,-10.));
#5443=CARTESIAN_POINT('',(37.2748985886574,32.0197824239731,-9.3));
#5444=CARTESIAN_POINT('',(37.2748985886574,32.0197824239731,-10.));
#5445=CARTESIAN_POINT('Ctrl Pts',(37.2748985886574,32.0197824239731,-9.3));
#5446=CARTESIAN_POINT('Ctrl Pts',(37.4911427075783,32.2048052776963,-9.3));
#5447=CARTESIAN_POINT('Ctrl Pts',(37.9276622548217,32.5783002552242,-9.3));
#5448=CARTESIAN_POINT('Ctrl Pts',(38.5002738601243,32.6287194166944,-9.3));
#5449=CARTESIAN_POINT('Ctrl Pts',(38.7892237305641,32.6541618108749,-9.3));
#5450=CARTESIAN_POINT('Ctrl Pts',(36.599592268467,30.1916781663895,-10.));
#5451=CARTESIAN_POINT('Ctrl Pts',(36.599592268467,30.1916781663895,-9.3));
#5452=CARTESIAN_POINT('Ctrl Pts',(36.6350727378494,30.5554137229083,-10.));
#5453=CARTESIAN_POINT('Ctrl Pts',(36.6350727378494,30.5554137229083,-9.3));
#5454=CARTESIAN_POINT('Ctrl Pts',(36.7005358015492,31.2265222037358,-10.));
#5455=CARTESIAN_POINT('Ctrl Pts',(36.7005358015492,31.2265222037358,-9.3));
#5456=CARTESIAN_POINT('Ctrl Pts',(37.094472503337,31.7705935151678,-10.));
#5457=CARTESIAN_POINT('Ctrl Pts',(37.094472503337,31.7705935151678,-9.3));
#5458=CARTESIAN_POINT('Ctrl Pts',(37.2748985886574,32.0197824239731,-10.));
#5459=CARTESIAN_POINT('Ctrl Pts',(37.2748985886574,32.0197824239731,-9.3));
#5460=CARTESIAN_POINT('',(36.599592268467,30.1916781663895,-10.));
#5461=CARTESIAN_POINT('Ctrl Pts',(36.599592268467,30.1916781663895,-10.));
#5462=CARTESIAN_POINT('Ctrl Pts',(36.6350727378494,30.5554137229083,-10.));
#5463=CARTESIAN_POINT('Ctrl Pts',(36.7005358015492,31.2265222037358,-10.));
#5464=CARTESIAN_POINT('Ctrl Pts',(37.094472503337,31.7705935151678,-10.));
#5465=CARTESIAN_POINT('Ctrl Pts',(37.2748985886574,32.0197824239731,-10.));
#5466=CARTESIAN_POINT('',(36.599592268467,30.1916781663895,-9.3));
#5467=CARTESIAN_POINT('',(36.599592268467,30.1916781663895,-10.));
#5468=CARTESIAN_POINT('Ctrl Pts',(36.599592268467,30.1916781663895,-9.3));
#5469=CARTESIAN_POINT('Ctrl Pts',(36.6350727378494,30.5554137229083,-9.3));
#5470=CARTESIAN_POINT('Ctrl Pts',(36.7005358015492,31.2265222037358,-9.3));
#5471=CARTESIAN_POINT('Ctrl Pts',(37.094472503337,31.7705935151678,-9.3));
#5472=CARTESIAN_POINT('Ctrl Pts',(37.2748985886574,32.0197824239731,-9.3));
#5473=CARTESIAN_POINT('Origin',(42.002047598362,30.1916781663895,-10.));
#5474=CARTESIAN_POINT('',(42.002047598362,30.1916781663895,-10.));
#5475=CARTESIAN_POINT('',(35.001023799181,30.1916781663895,-10.));
#5476=CARTESIAN_POINT('',(42.002047598362,30.1916781663895,-9.3));
#5477=CARTESIAN_POINT('',(42.002047598362,30.1916781663895,-10.));
#5478=CARTESIAN_POINT('',(42.002047598362,30.1916781663895,-9.3));
#5479=CARTESIAN_POINT('Ctrl Pts',(42.0088687539101,29.8642567396164,-10.));
#5480=CARTESIAN_POINT('Ctrl Pts',(42.0088687539101,29.8642567396164,-9.3));
#5481=CARTESIAN_POINT('Ctrl Pts',(42.0084358405314,29.9097345624204,-10.));
#5482=CARTESIAN_POINT('Ctrl Pts',(42.0084358405314,29.9097345624204,-9.3));
#5483=CARTESIAN_POINT('Ctrl Pts',(42.0073966775658,30.0188992857569,-10.));
#5484=CARTESIAN_POINT('Ctrl Pts',(42.0073966775658,30.0188992857569,-9.3));
#5485=CARTESIAN_POINT('Ctrl Pts',(42.004018457921,30.1280180679845,-10.));
#5486=CARTESIAN_POINT('Ctrl Pts',(42.004018457921,30.1280180679845,-9.3));
#5487=CARTESIAN_POINT('Ctrl Pts',(42.002047598362,30.1916781663895,-10.));
#5488=CARTESIAN_POINT('Ctrl Pts',(42.002047598362,30.1916781663895,-9.3));
#5489=CARTESIAN_POINT('',(42.0088687539101,29.8642567396164,-10.));
#5490=CARTESIAN_POINT('Ctrl Pts',(42.0088687539101,29.8642567396164,-10.));
#5491=CARTESIAN_POINT('Ctrl Pts',(42.0084358405314,29.9097345624204,-10.));
#5492=CARTESIAN_POINT('Ctrl Pts',(42.0073966775658,30.0188992857569,-10.));
#5493=CARTESIAN_POINT('Ctrl Pts',(42.004018457921,30.1280180679845,-10.));
#5494=CARTESIAN_POINT('Ctrl Pts',(42.002047598362,30.1916781663895,-10.));
#5495=CARTESIAN_POINT('',(42.0088687539101,29.8642567396164,-9.3));
#5496=CARTESIAN_POINT('',(42.0088687539101,29.8642567396164,-10.));
#5497=CARTESIAN_POINT('Ctrl Pts',(42.0088687539101,29.8642567396164,-9.3));
#5498=CARTESIAN_POINT('Ctrl Pts',(42.0084358405314,29.9097345624204,-9.3));
#5499=CARTESIAN_POINT('Ctrl Pts',(42.0073966775658,30.0188992857569,-9.3));
#5500=CARTESIAN_POINT('Ctrl Pts',(42.004018457921,30.1280180679845,-9.3));
#5501=CARTESIAN_POINT('Ctrl Pts',(42.002047598362,30.1916781663895,-9.3));
#5502=CARTESIAN_POINT('Ctrl Pts',(41.0879960656166,27.0811740159988,-10.));
#5503=CARTESIAN_POINT('Ctrl Pts',(41.0879960656166,27.0811740159988,-9.3));
#5504=CARTESIAN_POINT('Ctrl Pts',(41.3561504020828,27.4647540809968,-10.));
#5505=CARTESIAN_POINT('Ctrl Pts',(41.3561504020828,27.4647540809968,-9.3));
#5506=CARTESIAN_POINT('Ctrl Pts',(41.9378888674225,28.2968990363514,-10.));
#5507=CARTESIAN_POINT('Ctrl Pts',(41.9378888674225,28.2968990363514,-9.3));
#5508=CARTESIAN_POINT('Ctrl Pts',(41.984008255565,29.315294272693,-10.));
#5509=CARTESIAN_POINT('Ctrl Pts',(41.984008255565,29.315294272693,-9.3));
#5510=CARTESIAN_POINT('Ctrl Pts',(42.0088687539101,29.8642567396164,-10.));
#5511=CARTESIAN_POINT('Ctrl Pts',(42.0088687539101,29.8642567396164,-9.3));
#5512=CARTESIAN_POINT('',(41.0879960656166,27.0811740159988,-10.));
#5513=CARTESIAN_POINT('Ctrl Pts',(41.0879960656166,27.0811740159988,-10.));
#5514=CARTESIAN_POINT('Ctrl Pts',(41.3561504020828,27.4647540809968,-10.));
#5515=CARTESIAN_POINT('Ctrl Pts',(41.9378888674225,28.2968990363514,-10.));
#5516=CARTESIAN_POINT('Ctrl Pts',(41.984008255565,29.315294272693,-10.));
#5517=CARTESIAN_POINT('Ctrl Pts',(42.0088687539101,29.8642567396164,-10.));
#5518=CARTESIAN_POINT('',(41.0879960656166,27.0811740159988,-9.3));
#5519=CARTESIAN_POINT('',(41.0879960656166,27.0811740159988,-10.));
#5520=CARTESIAN_POINT('Ctrl Pts',(41.0879960656166,27.0811740159988,-9.3));
#5521=CARTESIAN_POINT('Ctrl Pts',(41.3561504020828,27.4647540809968,-9.3));
#5522=CARTESIAN_POINT('Ctrl Pts',(41.9378888674225,28.2968990363514,-9.3));
#5523=CARTESIAN_POINT('Ctrl Pts',(41.984008255565,29.315294272693,-9.3));
#5524=CARTESIAN_POINT('Ctrl Pts',(42.0088687539101,29.8642567396164,-9.3));
#5525=CARTESIAN_POINT('Ctrl Pts',(38.7141886353493,26.0920873880386,-10.));
#5526=CARTESIAN_POINT('Ctrl Pts',(38.7141886353493,26.0920873880386,-9.3));
#5527=CARTESIAN_POINT('Ctrl Pts',(39.1730253236059,26.129803655536,-10.));
#5528=CARTESIAN_POINT('Ctrl Pts',(39.1730253236059,26.129803655536,-9.3));
#5529=CARTESIAN_POINT('Ctrl Pts',(40.0722145305082,26.2037167961506,-10.));
#5530=CARTESIAN_POINT('Ctrl Pts',(40.0722145305082,26.2037167961506,-9.3));
#5531=CARTESIAN_POINT('Ctrl Pts',(40.7540744349218,26.7927242503852,-10.));
#5532=CARTESIAN_POINT('Ctrl Pts',(40.7540744349218,26.7927242503852,-9.3));
#5533=CARTESIAN_POINT('Ctrl Pts',(41.0879960656166,27.0811740159988,-10.));
#5534=CARTESIAN_POINT('Ctrl Pts',(41.0879960656166,27.0811740159988,-9.3));
#5535=CARTESIAN_POINT('',(38.7141886353493,26.0920873880386,-10.));
#5536=CARTESIAN_POINT('Ctrl Pts',(38.7141886353493,26.0920873880386,-10.));
#5537=CARTESIAN_POINT('Ctrl Pts',(39.1730253236059,26.129803655536,-10.));
#5538=CARTESIAN_POINT('Ctrl Pts',(40.0722145305082,26.2037167961506,-10.));
#5539=CARTESIAN_POINT('Ctrl Pts',(40.7540744349218,26.7927242503852,-10.));
#5540=CARTESIAN_POINT('Ctrl Pts',(41.0879960656166,27.0811740159988,-10.));
#5541=CARTESIAN_POINT('',(38.7141886353493,26.0920873880386,-9.3));
#5542=CARTESIAN_POINT('',(38.7141886353493,26.0920873880386,-10.));
#5543=CARTESIAN_POINT('Ctrl Pts',(38.7141886353493,26.0920873880386,-9.3));
#5544=CARTESIAN_POINT('Ctrl Pts',(39.1730253236059,26.129803655536,-9.3));
#5545=CARTESIAN_POINT('Ctrl Pts',(40.0722145305082,26.2037167961506,-9.3));
#5546=CARTESIAN_POINT('Ctrl Pts',(40.7540744349218,26.7927242503852,-9.3));
#5547=CARTESIAN_POINT('Ctrl Pts',(41.0879960656166,27.0811740159988,-9.3));
#5548=CARTESIAN_POINT('Ctrl Pts',(36.272169649601,27.1016374826431,-10.));
#5549=CARTESIAN_POINT('Ctrl Pts',(36.272169649601,27.1016374826431,-9.3));
#5550=CARTESIAN_POINT('Ctrl Pts',(36.6149370607167,26.8072315710085,-10.));
#5551=CARTESIAN_POINT('Ctrl Pts',(36.6149370607167,26.8072315710085,-9.3));
#5552=CARTESIAN_POINT('Ctrl Pts',(37.3171207061783,26.2041199286147,-10.));
#5553=CARTESIAN_POINT('Ctrl Pts',(37.3171207061783,26.2041199286147,-9.3));
#5554=CARTESIAN_POINT('Ctrl Pts',(38.2411960288326,26.1300172282957,-10.));
#5555=CARTESIAN_POINT('Ctrl Pts',(38.2411960288326,26.1300172282957,-9.3));
#5556=CARTESIAN_POINT('Ctrl Pts',(38.7141886353493,26.0920873880386,-10.));
#5557=CARTESIAN_POINT('Ctrl Pts',(38.7141886353493,26.0920873880386,-9.3));
#5558=CARTESIAN_POINT('',(36.272169649601,27.1016374826431,-10.));
#5559=CARTESIAN_POINT('Ctrl Pts',(36.272169649601,27.1016374826431,-10.));
#5560=CARTESIAN_POINT('Ctrl Pts',(36.6149370607167,26.8072315710085,-10.));
#5561=CARTESIAN_POINT('Ctrl Pts',(37.3171207061783,26.2041199286147,-10.));
#5562=CARTESIAN_POINT('Ctrl Pts',(38.2411960288326,26.1300172282957,-10.));
#5563=CARTESIAN_POINT('Ctrl Pts',(38.7141886353493,26.0920873880386,-10.));
#5564=CARTESIAN_POINT('',(36.272169649601,27.1016374826431,-9.3));
#5565=CARTESIAN_POINT('',(36.272169649601,27.1016374826431,-10.));
#5566=CARTESIAN_POINT('Ctrl Pts',(36.272169649601,27.1016374826431,-9.3));
#5567=CARTESIAN_POINT('Ctrl Pts',(36.6149370607167,26.8072315710085,-9.3));
#5568=CARTESIAN_POINT('Ctrl Pts',(37.3171207061783,26.2041199286147,-9.3));
#5569=CARTESIAN_POINT('Ctrl Pts',(38.2411960288326,26.1300172282957,-9.3));
#5570=CARTESIAN_POINT('Ctrl Pts',(38.7141886353493,26.0920873880386,-9.3));
#5571=CARTESIAN_POINT('Ctrl Pts',(35.3308334946632,29.9392906427383,-10.));
#5572=CARTESIAN_POINT('Ctrl Pts',(35.3308334946632,29.9392906427383,-9.3));
#5573=CARTESIAN_POINT('Ctrl Pts',(35.3563704204317,29.3796980680306,-10.));
#5574=CARTESIAN_POINT('Ctrl Pts',(35.3563704204317,29.3796980680306,-9.3));
#5575=CARTESIAN_POINT('Ctrl Pts',(35.4037718103682,28.3409878458323,-10.));
#5576=CARTESIAN_POINT('Ctrl Pts',(35.4037718103682,28.3409878458323,-9.3));
#5577=CARTESIAN_POINT('Ctrl Pts',(35.9980511292286,27.4928509016914,-10.));
#5578=CARTESIAN_POINT('Ctrl Pts',(35.9980511292286,27.4928509016914,-9.3));
#5579=CARTESIAN_POINT('Ctrl Pts',(36.272169649601,27.1016374826431,-10.));
#5580=CARTESIAN_POINT('Ctrl Pts',(36.272169649601,27.1016374826431,-9.3));
#5581=CARTESIAN_POINT('',(35.3308334946632,29.9392906427383,-10.));
#5582=CARTESIAN_POINT('Ctrl Pts',(35.3308334946632,29.9392906427383,-10.));
#5583=CARTESIAN_POINT('Ctrl Pts',(35.3563704204317,29.3796980680306,-10.));
#5584=CARTESIAN_POINT('Ctrl Pts',(35.4037718103682,28.3409878458323,-10.));
#5585=CARTESIAN_POINT('Ctrl Pts',(35.9980511292286,27.4928509016914,-10.));
#5586=CARTESIAN_POINT('Ctrl Pts',(36.272169649601,27.1016374826431,-10.));
#5587=CARTESIAN_POINT('',(35.3308334946632,29.9392906427383,-9.3));
#5588=CARTESIAN_POINT('',(35.3308334946632,29.9392906427383,-10.));
#5589=CARTESIAN_POINT('Ctrl Pts',(35.3308334946632,29.9392906427383,-9.3));
#5590=CARTESIAN_POINT('Ctrl Pts',(35.3563704204317,29.3796980680306,-9.3));
#5591=CARTESIAN_POINT('Ctrl Pts',(35.4037718103682,28.3409878458323,-9.3));
#5592=CARTESIAN_POINT('Ctrl Pts',(35.9980511292286,27.4928509016914,-9.3));
#5593=CARTESIAN_POINT('Ctrl Pts',(36.272169649601,27.1016374826431,-9.3));
#5594=CARTESIAN_POINT('Ctrl Pts',(36.2619391083717,32.6848570108414,-10.));
#5595=CARTESIAN_POINT('Ctrl Pts',(36.2619391083717,32.6848570108414,-9.3));
#5596=CARTESIAN_POINT('Ctrl Pts',(35.9907642227602,32.3065683235639,-10.));
#5597=CARTESIAN_POINT('Ctrl Pts',(35.9907642227602,32.3065683235639,-9.3));
#5598=CARTESIAN_POINT('Ctrl Pts',(35.4049182159229,31.4893137449423,-10.));
#5599=CARTESIAN_POINT('Ctrl Pts',(35.4049182159229,31.4893137449423,-9.3));
#5600=CARTESIAN_POINT('Ctrl Pts',(35.3567212002693,30.480921104055,-10.));
#5601=CARTESIAN_POINT('Ctrl Pts',(35.3567212002693,30.480921104055,-9.3));
#5602=CARTESIAN_POINT('Ctrl Pts',(35.3308334946632,29.9392906427383,-10.));
#5603=CARTESIAN_POINT('Ctrl Pts',(35.3308334946632,29.9392906427383,-9.3));
#5604=CARTESIAN_POINT('',(36.2619391083717,32.6848570108414,-10.));
#5605=CARTESIAN_POINT('Ctrl Pts',(36.2619391083717,32.6848570108414,-10.));
#5606=CARTESIAN_POINT('Ctrl Pts',(35.9907642227602,32.3065683235639,-10.));
#5607=CARTESIAN_POINT('Ctrl Pts',(35.4049182159229,31.4893137449423,-10.));
#5608=CARTESIAN_POINT('Ctrl Pts',(35.3567212002693,30.480921104055,-10.));
#5609=CARTESIAN_POINT('Ctrl Pts',(35.3308334946632,29.9392906427383,-10.));
#5610=CARTESIAN_POINT('',(36.2619391083717,32.6848570108414,-9.3));
#5611=CARTESIAN_POINT('',(36.2619391083717,32.6848570108414,-10.));
#5612=CARTESIAN_POINT('Ctrl Pts',(36.2619391083717,32.6848570108414,-9.3));
#5613=CARTESIAN_POINT('Ctrl Pts',(35.9907642227602,32.3065683235639,-9.3));
#5614=CARTESIAN_POINT('Ctrl Pts',(35.4049182159229,31.4893137449423,-9.3));
#5615=CARTESIAN_POINT('Ctrl Pts',(35.3567212002693,30.480921104055,-9.3));
#5616=CARTESIAN_POINT('Ctrl Pts',(35.3308334946632,29.9392906427383,-9.3));
#5617=CARTESIAN_POINT('Ctrl Pts',(38.782402575016,33.6637107133865,-10.));
#5618=CARTESIAN_POINT('Ctrl Pts',(38.782402575016,33.6637107133865,-9.3));
#5619=CARTESIAN_POINT('Ctrl Pts',(38.287965279487,33.630945958319,-10.));
#5620=CARTESIAN_POINT('Ctrl Pts',(38.287965279487,33.630945958319,-9.3));
#5621=CARTESIAN_POINT('Ctrl Pts',(37.3424490316514,33.5682896648863,-10.));
#5622=CARTESIAN_POINT('Ctrl Pts',(37.3424490316514,33.5682896648863,-9.3));
#5623=CARTESIAN_POINT('Ctrl Pts',(36.6109273363853,32.9701922862164,-10.));
#5624=CARTESIAN_POINT('Ctrl Pts',(36.6109273363853,32.9701922862164,-9.3));
#5625=CARTESIAN_POINT('Ctrl Pts',(36.2619391083717,32.6848570108414,-10.));
#5626=CARTESIAN_POINT('Ctrl Pts',(36.2619391083717,32.6848570108414,-9.3));
#5627=CARTESIAN_POINT('',(38.782402575016,33.6637107133865,-10.));
#5628=CARTESIAN_POINT('Ctrl Pts',(38.782402575016,33.6637107133865,-10.));
#5629=CARTESIAN_POINT('Ctrl Pts',(38.287965279487,33.630945958319,-10.));
#5630=CARTESIAN_POINT('Ctrl Pts',(37.3424490316514,33.5682896648863,-10.));
#5631=CARTESIAN_POINT('Ctrl Pts',(36.6109273363853,32.9701922862164,-10.));
#5632=CARTESIAN_POINT('Ctrl Pts',(36.2619391083717,32.6848570108414,-10.));
#5633=CARTESIAN_POINT('',(38.782402575016,33.6637107133865,-9.3));
#5634=CARTESIAN_POINT('',(38.782402575016,33.6637107133865,-10.));
#5635=CARTESIAN_POINT('Ctrl Pts',(38.782402575016,33.6637107133865,-9.3));
#5636=CARTESIAN_POINT('Ctrl Pts',(38.287965279487,33.630945958319,-9.3));
#5637=CARTESIAN_POINT('Ctrl Pts',(37.3424490316514,33.5682896648863,-9.3));
#5638=CARTESIAN_POINT('Ctrl Pts',(36.6109273363853,32.9701922862164,-9.3));
#5639=CARTESIAN_POINT('Ctrl Pts',(36.2619391083717,32.6848570108414,-9.3));
#5640=CARTESIAN_POINT('Ctrl Pts',(40.8560720086098,33.0497959852219,-10.));
#5641=CARTESIAN_POINT('Ctrl Pts',(40.8560720086098,33.0497959852219,-9.3));
#5642=CARTESIAN_POINT('Ctrl Pts',(40.5557697799803,33.2286917877127,-10.));
#5643=CARTESIAN_POINT('Ctrl Pts',(40.5557697799803,33.2286917877127,-9.3));
#5644=CARTESIAN_POINT('Ctrl Pts',(39.9182396721179,33.6084807116198,-10.));
#5645=CARTESIAN_POINT('Ctrl Pts',(39.9182396721179,33.6084807116198,-9.3));
#5646=CARTESIAN_POINT('Ctrl Pts',(39.1753574832914,33.6446033076382,-10.));
#5647=CARTESIAN_POINT('Ctrl Pts',(39.1753574832914,33.6446033076382,-9.3));
#5648=CARTESIAN_POINT('Ctrl Pts',(38.782402575016,33.6637107133865,-10.));
#5649=CARTESIAN_POINT('Ctrl Pts',(38.782402575016,33.6637107133865,-9.3));
#5650=CARTESIAN_POINT('',(40.8560720086098,33.0497959852219,-10.));
#5651=CARTESIAN_POINT('Ctrl Pts',(40.8560720086098,33.0497959852219,-10.));
#5652=CARTESIAN_POINT('Ctrl Pts',(40.5557697799803,33.2286917877127,-10.));
#5653=CARTESIAN_POINT('Ctrl Pts',(39.9182396721179,33.6084807116198,-10.));
#5654=CARTESIAN_POINT('Ctrl Pts',(39.1753574832914,33.6446033076382,-10.));
#5655=CARTESIAN_POINT('Ctrl Pts',(38.782402575016,33.6637107133865,-10.));
#5656=CARTESIAN_POINT('',(40.8560720086098,33.0497959852219,-9.3));
#5657=CARTESIAN_POINT('',(40.8560720086098,33.0497959852219,-10.));
#5658=CARTESIAN_POINT('Ctrl Pts',(40.8560720086098,33.0497959852219,-9.3));
#5659=CARTESIAN_POINT('Ctrl Pts',(40.5557697799803,33.2286917877127,-9.3));
#5660=CARTESIAN_POINT('Ctrl Pts',(39.9182396721179,33.6084807116198,-9.3));
#5661=CARTESIAN_POINT('Ctrl Pts',(39.1753574832914,33.6446033076382,-9.3));
#5662=CARTESIAN_POINT('Ctrl Pts',(38.782402575016,33.6637107133865,-9.3));
#5663=CARTESIAN_POINT('Ctrl Pts',(41.9679418206215,31.3240114450455,-10.));
#5664=CARTESIAN_POINT('Ctrl Pts',(41.9679418206215,31.3240114450455,-9.3));
#5665=CARTESIAN_POINT('Ctrl Pts',(41.8513748159933,31.6701736044887,-10.));
#5666=CARTESIAN_POINT('Ctrl Pts',(41.8513748159933,31.6701736044887,-9.3));
#5667=CARTESIAN_POINT('Ctrl Pts',(41.6257964401987,32.3400604042553,-10.));
#5668=CARTESIAN_POINT('Ctrl Pts',(41.6257964401987,32.3400604042553,-9.3));
#5669=CARTESIAN_POINT('Ctrl Pts',(41.1068529021366,32.8185598234761,-10.));
#5670=CARTESIAN_POINT('Ctrl Pts',(41.1068529021366,32.8185598234761,-9.3));
#5671=CARTESIAN_POINT('Ctrl Pts',(40.8560720086098,33.0497959852219,-10.));
#5672=CARTESIAN_POINT('Ctrl Pts',(40.8560720086098,33.0497959852219,-9.3));
#5673=CARTESIAN_POINT('',(41.9679418206215,31.3240114450455,-10.));
#5674=CARTESIAN_POINT('Ctrl Pts',(41.9679418206215,31.3240114450455,-10.));
#5675=CARTESIAN_POINT('Ctrl Pts',(41.8513748159933,31.6701736044887,-10.));
#5676=CARTESIAN_POINT('Ctrl Pts',(41.6257964401987,32.3400604042553,-10.));
#5677=CARTESIAN_POINT('Ctrl Pts',(41.1068529021366,32.8185598234761,-10.));
#5678=CARTESIAN_POINT('Ctrl Pts',(40.8560720086098,33.0497959852219,-10.));
#5679=CARTESIAN_POINT('',(41.9679418206215,31.3240114450455,-9.3));
#5680=CARTESIAN_POINT('',(41.9679418206215,31.3240114450455,-10.));
#5681=CARTESIAN_POINT('Ctrl Pts',(41.9679418206215,31.3240114450455,-9.3));
#5682=CARTESIAN_POINT('Ctrl Pts',(41.8513748159933,31.6701736044887,-9.3));
#5683=CARTESIAN_POINT('Ctrl Pts',(41.6257964401987,32.3400604042553,-9.3));
#5684=CARTESIAN_POINT('Ctrl Pts',(41.1068529021366,32.8185598234761,-9.3));
#5685=CARTESIAN_POINT('Ctrl Pts',(40.8560720086098,33.0497959852219,-9.3));
#5686=CARTESIAN_POINT('Origin',(40.6991830468178,31.1671224832535,-10.));
#5687=CARTESIAN_POINT('',(40.6991830468178,31.1671224832535,-10.));
#5688=CARTESIAN_POINT('',(34.252351915093,30.3699365532029,-10.));
#5689=CARTESIAN_POINT('',(40.6991830468178,31.1671224832535,-9.3));
#5690=CARTESIAN_POINT('',(40.6991830468178,31.1671224832535,-10.));
#5691=CARTESIAN_POINT('',(40.6991830468178,31.1671224832535,-9.3));
#5692=CARTESIAN_POINT('Ctrl Pts',(39.9420204758644,32.2994545698166,-10.));
#5693=CARTESIAN_POINT('Ctrl Pts',(39.9420204758644,32.2994545698166,-9.3));
#5694=CARTESIAN_POINT('Ctrl Pts',(40.0962267651548,32.1539004551766,-10.));
#5695=CARTESIAN_POINT('Ctrl Pts',(40.0962267651548,32.1539004551766,-9.3));
#5696=CARTESIAN_POINT('Ctrl Pts',(40.4339560344321,31.8351204300305,-10.));
#5697=CARTESIAN_POINT('Ctrl Pts',(40.4339560344321,31.8351204300305,-9.3));
#5698=CARTESIAN_POINT('Ctrl Pts',(40.6058016719561,31.4023118258236,-10.));
#5699=CARTESIAN_POINT('Ctrl Pts',(40.6058016719561,31.4023118258236,-9.3));
#5700=CARTESIAN_POINT('Ctrl Pts',(40.6991830468178,31.1671224832535,-10.));
#5701=CARTESIAN_POINT('Ctrl Pts',(40.6991830468178,31.1671224832535,-9.3));
#5702=CARTESIAN_POINT('Ctrl Pts',(39.9420204758644,32.2994545698166,-10.));
#5703=CARTESIAN_POINT('Ctrl Pts',(40.0962267651548,32.1539004551766,-10.));
#5704=CARTESIAN_POINT('Ctrl Pts',(40.4339560344321,31.8351204300305,-10.));
#5705=CARTESIAN_POINT('Ctrl Pts',(40.6058016719561,31.4023118258236,-10.));
#5706=CARTESIAN_POINT('Ctrl Pts',(40.6991830468178,31.1671224832535,-10.));
#5707=CARTESIAN_POINT('Ctrl Pts',(39.9420204758644,32.2994545698166,-9.3));
#5708=CARTESIAN_POINT('Ctrl Pts',(40.0962267651548,32.1539004551766,-9.3));
#5709=CARTESIAN_POINT('Ctrl Pts',(40.4339560344321,31.8351204300305,-9.3));
#5710=CARTESIAN_POINT('Ctrl Pts',(40.6058016719561,31.4023118258236,-9.3));
#5711=CARTESIAN_POINT('Ctrl Pts',(40.6991830468178,31.1671224832535,-9.3));
#5712=CARTESIAN_POINT('Origin',(27.5000008195639,28.5000005960465,-9.3));
#5713=CARTESIAN_POINT('Origin',(34.6555271744728,26.2557986974716,-10.));
#5714=CARTESIAN_POINT('',(34.6555271744728,26.2557986974716,-10.));
#5715=CARTESIAN_POINT('',(31.9133701920509,33.5000005960465,-10.));
#5716=CARTESIAN_POINT('',(33.949720305728,28.1203919688869,-10.));
#5717=CARTESIAN_POINT('',(34.6555271744728,26.2557986974716,-9.3));
#5718=CARTESIAN_POINT('',(34.6555271744728,26.2557986974716,-10.));
#5719=CARTESIAN_POINT('',(31.9133701920509,33.5000005960465,-9.3));
#5720=CARTESIAN_POINT('',(34.6555271744728,26.2557986974716,-9.3));
#5721=CARTESIAN_POINT('',(31.9133701920509,33.5000005960465,-10.));
#5722=CARTESIAN_POINT('Origin',(33.3935895562172,26.2557986974716,-10.));
#5723=CARTESIAN_POINT('',(33.3935895562172,26.2557986974716,-10.));
#5724=CARTESIAN_POINT('',(30.6967947781086,26.2557986974716,-10.));
#5725=CARTESIAN_POINT('',(33.3935895562172,26.2557986974716,-9.3));
#5726=CARTESIAN_POINT('',(33.3935895562172,26.2557986974716,-10.));
#5727=CARTESIAN_POINT('',(33.3935895562172,26.2557986974716,-9.3));
#5728=CARTESIAN_POINT('Origin',(31.7837658524513,30.6759897470474,-10.));
#5729=CARTESIAN_POINT('',(31.7837658524513,30.6759897470474,-10.));
#5730=CARTESIAN_POINT('',(31.9924423655515,30.1030139278292,-10.));
#5731=CARTESIAN_POINT('',(31.7837658524513,30.6759897470474,-9.3));
#5732=CARTESIAN_POINT('',(31.7837658524513,30.6759897470474,-10.));
#5733=CARTESIAN_POINT('',(31.7837658524513,30.6759897470474,-9.3));
#5734=CARTESIAN_POINT('Ctrl Pts',(31.3267412781715,32.0538882017136,-10.));
#5735=CARTESIAN_POINT('Ctrl Pts',(31.3267412781715,32.0538882017136,-9.3));
#5736=CARTESIAN_POINT('Ctrl Pts',(31.3904593991324,31.8430200926414,-10.));
#5737=CARTESIAN_POINT('Ctrl Pts',(31.3904593991324,31.8430200926414,-9.3));
#5738=CARTESIAN_POINT('Ctrl Pts',(31.530475061415,31.3796536671909,-10.));
#5739=CARTESIAN_POINT('Ctrl Pts',(31.530475061415,31.3796536671909,-9.3));
#5740=CARTESIAN_POINT('Ctrl Pts',(31.6944256537325,30.924184615087,-10.));
#5741=CARTESIAN_POINT('Ctrl Pts',(31.6944256537325,30.924184615087,-9.3));
#5742=CARTESIAN_POINT('Ctrl Pts',(31.7837658524513,30.6759897470474,-10.));
#5743=CARTESIAN_POINT('Ctrl Pts',(31.7837658524513,30.6759897470474,-9.3));
#5744=CARTESIAN_POINT('',(31.3267412781715,32.0538882017136,-10.));
#5745=CARTESIAN_POINT('Ctrl Pts',(31.3267412781715,32.0538882017136,-10.));
#5746=CARTESIAN_POINT('Ctrl Pts',(31.3904593991324,31.8430200926414,-10.));
#5747=CARTESIAN_POINT('Ctrl Pts',(31.530475061415,31.3796536671909,-10.));
#5748=CARTESIAN_POINT('Ctrl Pts',(31.6944256537325,30.924184615087,-10.));
#5749=CARTESIAN_POINT('Ctrl Pts',(31.7837658524513,30.6759897470474,-10.));
#5750=CARTESIAN_POINT('',(31.3267412781715,32.0538882017136,-9.3));
#5751=CARTESIAN_POINT('',(31.3267412781715,32.0538882017136,-10.));
#5752=CARTESIAN_POINT('Ctrl Pts',(31.3267412781715,32.0538882017136,-9.3));
#5753=CARTESIAN_POINT('Ctrl Pts',(31.3904593991324,31.8430200926414,-9.3));
#5754=CARTESIAN_POINT('Ctrl Pts',(31.530475061415,31.3796536671909,-9.3));
#5755=CARTESIAN_POINT('Ctrl Pts',(31.6944256537325,30.924184615087,-9.3));
#5756=CARTESIAN_POINT('Ctrl Pts',(31.7837658524513,30.6759897470474,-9.3));
#5757=CARTESIAN_POINT('Ctrl Pts',(30.8628931641579,30.5941346883774,-10.));
#5758=CARTESIAN_POINT('Ctrl Pts',(30.8628931641579,30.5941346883774,-9.3));
#5759=CARTESIAN_POINT('Ctrl Pts',(30.9457610216428,30.8321961308601,-10.));
#5760=CARTESIAN_POINT('Ctrl Pts',(30.9457610216428,30.8321961308601,-9.3));
#5761=CARTESIAN_POINT('Ctrl Pts',(31.113667159693,31.3145541721937,-10.));
#5762=CARTESIAN_POINT('Ctrl Pts',(31.113667159693,31.3145541721937,-9.3));
#5763=CARTESIAN_POINT('Ctrl Pts',(31.2551071351153,31.8053288740244,-10.));
#5764=CARTESIAN_POINT('Ctrl Pts',(31.2551071351153,31.8053288740244,-9.3));
#5765=CARTESIAN_POINT('Ctrl Pts',(31.3267412781715,32.0538882017136,-10.));
#5766=CARTESIAN_POINT('Ctrl Pts',(31.3267412781715,32.0538882017136,-9.3));
#5767=CARTESIAN_POINT('',(30.8628931641579,30.5941346883774,-10.));
#5768=CARTESIAN_POINT('Ctrl Pts',(30.8628931641579,30.5941346883774,-10.));
#5769=CARTESIAN_POINT('Ctrl Pts',(30.9457610216428,30.8321961308601,-10.));
#5770=CARTESIAN_POINT('Ctrl Pts',(31.113667159693,31.3145541721937,-10.));
#5771=CARTESIAN_POINT('Ctrl Pts',(31.2551071351153,31.8053288740244,-10.));
#5772=CARTESIAN_POINT('Ctrl Pts',(31.3267412781715,32.0538882017136,-10.));
#5773=CARTESIAN_POINT('',(30.8628931641579,30.5941346883774,-9.3));
#5774=CARTESIAN_POINT('',(30.8628931641579,30.5941346883774,-10.));
#5775=CARTESIAN_POINT('Ctrl Pts',(30.8628931641579,30.5941346883774,-9.3));
#5776=CARTESIAN_POINT('Ctrl Pts',(30.9457610216428,30.8321961308601,-9.3));
#5777=CARTESIAN_POINT('Ctrl Pts',(31.113667159693,31.3145541721937,-9.3));
#5778=CARTESIAN_POINT('Ctrl Pts',(31.2551071351153,31.8053288740244,-9.3));
#5779=CARTESIAN_POINT('Ctrl Pts',(31.3267412781715,32.0538882017136,-9.3));
#5780=CARTESIAN_POINT('Origin',(29.3076410889626,26.2557986974716,-10.));
#5781=CARTESIAN_POINT('',(29.3076410889626,26.2557986974716,-10.));
#5782=CARTESIAN_POINT('',(29.5102202889926,26.8208882083723,-10.));
#5783=CARTESIAN_POINT('',(29.3076410889626,26.2557986974716,-9.3));
#5784=CARTESIAN_POINT('',(29.3076410889626,26.2557986974716,-10.));
#5785=CARTESIAN_POINT('',(29.3076410889626,26.2557986974716,-9.3));
#5786=CARTESIAN_POINT('Origin',(28.0115976929665,26.2557986974716,-10.));
#5787=CARTESIAN_POINT('',(28.0115976929665,26.2557986974716,-10.));
#5788=CARTESIAN_POINT('',(28.0057988464832,26.2557986974716,-10.));
#5789=CARTESIAN_POINT('',(28.0115976929665,26.2557986974716,-9.3));
#5790=CARTESIAN_POINT('',(28.0115976929665,26.2557986974716,-10.));
#5791=CARTESIAN_POINT('',(28.0115976929665,26.2557986974716,-9.3));
#5792=CARTESIAN_POINT('Origin',(30.7673969864845,33.5000005960465,-10.));
#5793=CARTESIAN_POINT('',(30.7673969864845,33.5000005960465,-10.));
#5794=CARTESIAN_POINT('',(29.6785828179368,30.6378220311775,-10.));
#5795=CARTESIAN_POINT('',(30.7673969864845,33.5000005960465,-9.3));
#5796=CARTESIAN_POINT('',(30.7673969864845,33.5000005960465,-10.));
#5797=CARTESIAN_POINT('',(30.7673969864845,33.5000005960465,-9.3));
#5798=CARTESIAN_POINT('Origin',(31.9133701920509,33.5000005960465,-10.));
#5799=CARTESIAN_POINT('',(29.9566850960255,33.5000005960465,-10.));
#5800=CARTESIAN_POINT('',(31.9133701920509,33.5000005960465,-9.3));
#5801=CARTESIAN_POINT('Origin',(27.5000008195639,28.5000005960465,-9.3));
#5802=CARTESIAN_POINT('Ctrl Pts',(23.9733985066414,27.1016374826431,-10.));
#5803=CARTESIAN_POINT('Ctrl Pts',(23.9733985066414,27.1016374826431,-9.3));
#5804=CARTESIAN_POINT('Ctrl Pts',(23.7039478435356,27.123993220058,-10.));
#5805=CARTESIAN_POINT('Ctrl Pts',(23.7039478435356,27.123993220058,-9.3));
#5806=CARTESIAN_POINT('Ctrl Pts',(23.171875365783,27.1681381201343,-10.));
#5807=CARTESIAN_POINT('Ctrl Pts',(23.171875365783,27.1681381201343,-9.3));
#5808=CARTESIAN_POINT('Ctrl Pts',(22.756288078772,27.5026800064782,-10.));
#5809=CARTESIAN_POINT('Ctrl Pts',(22.756288078772,27.5026800064782,-9.3));
#5810=CARTESIAN_POINT('Ctrl Pts',(22.5511613488197,27.6678041219711,-10.));
#5811=CARTESIAN_POINT('Ctrl Pts',(22.5511613488197,27.6678041219711,-9.3));
#5812=CARTESIAN_POINT('',(23.9733985066414,27.1016374826431,-10.));
#5813=CARTESIAN_POINT('',(22.5511613488197,27.6678041219711,-10.));
#5814=CARTESIAN_POINT('Ctrl Pts',(23.9733985066414,27.1016374826431,-10.));
#5815=CARTESIAN_POINT('Ctrl Pts',(23.7039478435356,27.123993220058,-10.));
#5816=CARTESIAN_POINT('Ctrl Pts',(23.171875365783,27.1681381201343,-10.));
#5817=CARTESIAN_POINT('Ctrl Pts',(22.756288078772,27.5026800064782,-10.));
#5818=CARTESIAN_POINT('Ctrl Pts',(22.5511613488197,27.6678041219711,-10.));
#5819=CARTESIAN_POINT('',(23.9733985066414,27.1016374826431,-9.3));
#5820=CARTESIAN_POINT('',(23.9733985066414,27.1016374826431,-10.));
#5821=CARTESIAN_POINT('',(22.5511613488197,27.6678041219711,-9.3));
#5822=CARTESIAN_POINT('Ctrl Pts',(23.9733985066414,27.1016374826431,-9.3));
#5823=CARTESIAN_POINT('Ctrl Pts',(23.7039478435356,27.123993220058,-9.3));
#5824=CARTESIAN_POINT('Ctrl Pts',(23.171875365783,27.1681381201343,-9.3));
#5825=CARTESIAN_POINT('Ctrl Pts',(22.756288078772,27.5026800064782,-9.3));
#5826=CARTESIAN_POINT('Ctrl Pts',(22.5511613488197,27.6678041219711,-9.3));
#5827=CARTESIAN_POINT('',(22.5511613488197,27.6678041219711,-10.));
#5828=CARTESIAN_POINT('Ctrl Pts',(25.4945448040962,27.8110507726669,-10.));
#5829=CARTESIAN_POINT('Ctrl Pts',(25.4945448040962,27.8110507726669,-9.3));
#5830=CARTESIAN_POINT('Ctrl Pts',(25.2838327095875,27.6041392353857,-10.));
#5831=CARTESIAN_POINT('Ctrl Pts',(25.2838327095875,27.6041392353857,-9.3));
#5832=CARTESIAN_POINT('Ctrl Pts',(24.8605637922764,27.1885047053963,-10.));
#5833=CARTESIAN_POINT('Ctrl Pts',(24.8605637922764,27.1885047053963,-9.3));
#5834=CARTESIAN_POINT('Ctrl Pts',(24.2699782493575,27.1306772331741,-10.));
#5835=CARTESIAN_POINT('Ctrl Pts',(24.2699782493575,27.1306772331741,-9.3));
#5836=CARTESIAN_POINT('Ctrl Pts',(23.9733985066414,27.1016374826431,-10.));
#5837=CARTESIAN_POINT('Ctrl Pts',(23.9733985066414,27.1016374826431,-9.3));
#5838=CARTESIAN_POINT('',(25.4945448040962,27.8110507726669,-10.));
#5839=CARTESIAN_POINT('Ctrl Pts',(25.4945448040962,27.8110507726669,-10.));
#5840=CARTESIAN_POINT('Ctrl Pts',(25.2838327095875,27.6041392353857,-10.));
#5841=CARTESIAN_POINT('Ctrl Pts',(24.8605637922764,27.1885047053963,-10.));
#5842=CARTESIAN_POINT('Ctrl Pts',(24.2699782493575,27.1306772331741,-10.));
#5843=CARTESIAN_POINT('Ctrl Pts',(23.9733985066414,27.1016374826431,-10.));
#5844=CARTESIAN_POINT('',(25.4945448040962,27.8110507726669,-9.3));
#5845=CARTESIAN_POINT('',(25.4945448040962,27.8110507726669,-10.));
#5846=CARTESIAN_POINT('Ctrl Pts',(25.4945448040962,27.8110507726669,-9.3));
#5847=CARTESIAN_POINT('Ctrl Pts',(25.2838327095875,27.6041392353857,-9.3));
#5848=CARTESIAN_POINT('Ctrl Pts',(24.8605637922764,27.1885047053963,-9.3));
#5849=CARTESIAN_POINT('Ctrl Pts',(24.2699782493575,27.1306772331741,-9.3));
#5850=CARTESIAN_POINT('Ctrl Pts',(23.9733985066414,27.1016374826431,-9.3));
#5851=CARTESIAN_POINT('Ctrl Pts',(25.958391726017,29.182128071785,-10.));
#5852=CARTESIAN_POINT('Ctrl Pts',(25.958391726017,29.182128071785,-9.3));
#5853=CARTESIAN_POINT('Ctrl Pts',(25.927338301752,28.9079342689183,-10.));
#5854=CARTESIAN_POINT('Ctrl Pts',(25.927338301752,28.9079342689183,-9.3));
#5855=CARTESIAN_POINT('Ctrl Pts',(25.871575676821,28.4155645367697,-10.));
#5856=CARTESIAN_POINT('Ctrl Pts',(25.871575676821,28.4155645367697,-9.3));
#5857=CARTESIAN_POINT('Ctrl Pts',(25.610313663847,27.9966691775155,-10.));
#5858=CARTESIAN_POINT('Ctrl Pts',(25.610313663847,27.9966691775155,-9.3));
#5859=CARTESIAN_POINT('Ctrl Pts',(25.4945448040962,27.8110507726669,-10.));
#5860=CARTESIAN_POINT('Ctrl Pts',(25.4945448040962,27.8110507726669,-9.3));
#5861=CARTESIAN_POINT('',(25.958391726017,29.182128071785,-10.));
#5862=CARTESIAN_POINT('Ctrl Pts',(25.958391726017,29.182128071785,-10.));
#5863=CARTESIAN_POINT('Ctrl Pts',(25.927338301752,28.9079342689183,-10.));
#5864=CARTESIAN_POINT('Ctrl Pts',(25.871575676821,28.4155645367697,-10.));
#5865=CARTESIAN_POINT('Ctrl Pts',(25.610313663847,27.9966691775155,-10.));
#5866=CARTESIAN_POINT('Ctrl Pts',(25.4945448040962,27.8110507726669,-10.));
#5867=CARTESIAN_POINT('',(25.958391726017,29.182128071785,-9.3));
#5868=CARTESIAN_POINT('',(25.958391726017,29.182128071785,-10.));
#5869=CARTESIAN_POINT('Ctrl Pts',(25.958391726017,29.182128071785,-9.3));
#5870=CARTESIAN_POINT('Ctrl Pts',(25.927338301752,28.9079342689183,-9.3));
#5871=CARTESIAN_POINT('Ctrl Pts',(25.871575676821,28.4155645367697,-9.3));
#5872=CARTESIAN_POINT('Ctrl Pts',(25.610313663847,27.9966691775155,-9.3));
#5873=CARTESIAN_POINT('Ctrl Pts',(25.4945448040962,27.8110507726669,-9.3));
#5874=CARTESIAN_POINT('Origin',(21.9133713841438,29.182128071785,-10.));
#5875=CARTESIAN_POINT('',(21.9133713841438,29.182128071785,-10.));
#5876=CARTESIAN_POINT('',(24.9566856920719,29.182128071785,-10.));
#5877=CARTESIAN_POINT('',(21.9133713841438,29.182128071785,-9.3));
#5878=CARTESIAN_POINT('',(21.9133713841438,29.182128071785,-10.));
#5879=CARTESIAN_POINT('',(21.9133713841438,29.182128071785,-9.3));
#5880=CARTESIAN_POINT('Ctrl Pts',(22.5511613488197,27.6678041219711,-10.));
#5881=CARTESIAN_POINT('Ctrl Pts',(22.5511613488197,27.6678041219711,-9.3));
#5882=CARTESIAN_POINT('Ctrl Pts',(22.3801512366956,27.8789609248316,-10.));
#5883=CARTESIAN_POINT('Ctrl Pts',(22.3801512366956,27.8789609248316,-9.3));
#5884=CARTESIAN_POINT('Ctrl Pts',(22.0221321393944,28.3210293324253,-10.));
#5885=CARTESIAN_POINT('Ctrl Pts',(22.0221321393944,28.3210293324253,-9.3));
#5886=CARTESIAN_POINT('Ctrl Pts',(21.9506891648608,28.8866695320108,-10.));
#5887=CARTESIAN_POINT('Ctrl Pts',(21.9506891648608,28.8866695320108,-9.3));
#5888=CARTESIAN_POINT('Ctrl Pts',(21.9133713841438,29.182128071785,-10.));
#5889=CARTESIAN_POINT('Ctrl Pts',(21.9133713841438,29.182128071785,-9.3));
#5890=CARTESIAN_POINT('Ctrl Pts',(22.5511613488197,27.6678041219711,-10.));
#5891=CARTESIAN_POINT('Ctrl Pts',(22.3801512366956,27.8789609248316,-10.));
#5892=CARTESIAN_POINT('Ctrl Pts',(22.0221321393944,28.3210293324253,-10.));
#5893=CARTESIAN_POINT('Ctrl Pts',(21.9506891648608,28.8866695320108,-10.));
#5894=CARTESIAN_POINT('Ctrl Pts',(21.9133713841438,29.182128071785,-10.));
#5895=CARTESIAN_POINT('Ctrl Pts',(22.5511613488197,27.6678041219711,-9.3));
#5896=CARTESIAN_POINT('Ctrl Pts',(22.3801512366956,27.8789609248316,-9.3));
#5897=CARTESIAN_POINT('Ctrl Pts',(22.0221321393944,28.3210293324253,-9.3));
#5898=CARTESIAN_POINT('Ctrl Pts',(21.9506891648608,28.8866695320108,-9.3));
#5899=CARTESIAN_POINT('Ctrl Pts',(21.9133713841438,29.182128071785,-9.3));
#5900=CARTESIAN_POINT('Ctrl Pts',(24.0347900986671,32.6541618108749,-10.));
#5901=CARTESIAN_POINT('Ctrl Pts',(24.0347900986671,32.6541618108749,-9.3));
#5902=CARTESIAN_POINT('Ctrl Pts',(24.2487153781898,32.6415123636516,-10.));
#5903=CARTESIAN_POINT('Ctrl Pts',(24.2487153781898,32.6415123636516,-9.3));
#5904=CARTESIAN_POINT('Ctrl Pts',(24.6624143259534,32.6170502569864,-10.));
#5905=CARTESIAN_POINT('Ctrl Pts',(24.6624143259534,32.6170502569864,-9.3));
#5906=CARTESIAN_POINT('Ctrl Pts',(25.0165675716382,32.4028776954593,-10.));
#5907=CARTESIAN_POINT('Ctrl Pts',(25.0165675716382,32.4028776954593,-9.3));
#5908=CARTESIAN_POINT('Ctrl Pts',(25.1875868439674,32.2994545698166,-10.));
#5909=CARTESIAN_POINT('Ctrl Pts',(25.1875868439674,32.2994545698166,-9.3));
#5910=CARTESIAN_POINT('',(24.0347900986671,32.6541618108749,-10.));
#5911=CARTESIAN_POINT('',(25.1875868439674,32.2994545698166,-10.));
#5912=CARTESIAN_POINT('Ctrl Pts',(24.0347900986671,32.6541618108749,-10.));
#5913=CARTESIAN_POINT('Ctrl Pts',(24.2487153781898,32.6415123636516,-10.));
#5914=CARTESIAN_POINT('Ctrl Pts',(24.6624143259534,32.6170502569864,-10.));
#5915=CARTESIAN_POINT('Ctrl Pts',(25.0165675716382,32.4028776954593,-10.));
#5916=CARTESIAN_POINT('Ctrl Pts',(25.1875868439674,32.2994545698166,-10.));
#5917=CARTESIAN_POINT('',(24.0347900986671,32.6541618108749,-9.3));
#5918=CARTESIAN_POINT('',(24.0347900986671,32.6541618108749,-10.));
#5919=CARTESIAN_POINT('',(25.1875868439674,32.2994545698166,-9.3));
#5920=CARTESIAN_POINT('Ctrl Pts',(24.0347900986671,32.6541618108749,-9.3));
#5921=CARTESIAN_POINT('Ctrl Pts',(24.2487153781898,32.6415123636516,-9.3));
#5922=CARTESIAN_POINT('Ctrl Pts',(24.6624143259534,32.6170502569864,-9.3));
#5923=CARTESIAN_POINT('Ctrl Pts',(25.0165675716382,32.4028776954593,-9.3));
#5924=CARTESIAN_POINT('Ctrl Pts',(25.1875868439674,32.2994545698166,-9.3));
#5925=CARTESIAN_POINT('',(25.1875868439674,32.2994545698166,-10.));
#5926=CARTESIAN_POINT('Ctrl Pts',(22.5204649567604,32.0197824239731,-10.));
#5927=CARTESIAN_POINT('Ctrl Pts',(22.5204649567604,32.0197824239731,-9.3));
#5928=CARTESIAN_POINT('Ctrl Pts',(22.7367082646708,32.2048052752327,-10.));
#5929=CARTESIAN_POINT('Ctrl Pts',(22.7367082646708,32.2048052752327,-9.3));
#5930=CARTESIAN_POINT('Ctrl Pts',(23.1732273016628,32.5783012119802,-10.));
#5931=CARTESIAN_POINT('Ctrl Pts',(23.1732273016628,32.5783012119802,-9.3));
#5932=CARTESIAN_POINT('Ctrl Pts',(23.745839298413,32.6287196947174,-10.));
#5933=CARTESIAN_POINT('Ctrl Pts',(23.745839298413,32.6287196947174,-9.3));
#5934=CARTESIAN_POINT('Ctrl Pts',(24.0347900986671,32.6541618108749,-10.));
#5935=CARTESIAN_POINT('Ctrl Pts',(24.0347900986671,32.6541618108749,-9.3));
#5936=CARTESIAN_POINT('',(22.5204649567604,32.0197824239731,-10.));
#5937=CARTESIAN_POINT('Ctrl Pts',(22.5204649567604,32.0197824239731,-10.));
#5938=CARTESIAN_POINT('Ctrl Pts',(22.7367082646708,32.2048052752327,-10.));
#5939=CARTESIAN_POINT('Ctrl Pts',(23.1732273016628,32.5783012119802,-10.));
#5940=CARTESIAN_POINT('Ctrl Pts',(23.745839298413,32.6287196947174,-10.));
#5941=CARTESIAN_POINT('Ctrl Pts',(24.0347900986671,32.6541618108749,-10.));
#5942=CARTESIAN_POINT('',(22.5204649567604,32.0197824239731,-9.3));
#5943=CARTESIAN_POINT('',(22.5204649567604,32.0197824239731,-10.));
#5944=CARTESIAN_POINT('Ctrl Pts',(22.5204649567604,32.0197824239731,-9.3));
#5945=CARTESIAN_POINT('Ctrl Pts',(22.7367082646708,32.2048052752327,-9.3));
#5946=CARTESIAN_POINT('Ctrl Pts',(23.1732273016628,32.5783012119802,-9.3));
#5947=CARTESIAN_POINT('Ctrl Pts',(23.745839298413,32.6287196947174,-9.3));
#5948=CARTESIAN_POINT('Ctrl Pts',(24.0347900986671,32.6541618108749,-9.3));
#5949=CARTESIAN_POINT('Ctrl Pts',(21.84515863657,30.1916781663895,-10.));
#5950=CARTESIAN_POINT('Ctrl Pts',(21.84515863657,30.1916781663895,-9.3));
#5951=CARTESIAN_POINT('Ctrl Pts',(21.8806391059524,30.5554137229083,-10.));
#5952=CARTESIAN_POINT('Ctrl Pts',(21.8806391059524,30.5554137229083,-9.3));
#5953=CARTESIAN_POINT('Ctrl Pts',(21.9461021696523,31.2265222037358,-10.));
#5954=CARTESIAN_POINT('Ctrl Pts',(21.9461021696523,31.2265222037358,-9.3));
#5955=CARTESIAN_POINT('Ctrl Pts',(22.34003887144,31.7705935151679,-10.));
#5956=CARTESIAN_POINT('Ctrl Pts',(22.34003887144,31.7705935151679,-9.3));
#5957=CARTESIAN_POINT('Ctrl Pts',(22.5204649567604,32.0197824239731,-10.));
#5958=CARTESIAN_POINT('Ctrl Pts',(22.5204649567604,32.0197824239731,-9.3));
#5959=CARTESIAN_POINT('',(21.84515863657,30.1916781663895,-10.));
#5960=CARTESIAN_POINT('Ctrl Pts',(21.84515863657,30.1916781663895,-10.));
#5961=CARTESIAN_POINT('Ctrl Pts',(21.8806391059524,30.5554137229083,-10.));
#5962=CARTESIAN_POINT('Ctrl Pts',(21.9461021696523,31.2265222037358,-10.));
#5963=CARTESIAN_POINT('Ctrl Pts',(22.34003887144,31.7705935151679,-10.));
#5964=CARTESIAN_POINT('Ctrl Pts',(22.5204649567604,32.0197824239731,-10.));
#5965=CARTESIAN_POINT('',(21.84515863657,30.1916781663895,-9.3));
#5966=CARTESIAN_POINT('',(21.84515863657,30.1916781663895,-10.));
#5967=CARTESIAN_POINT('Ctrl Pts',(21.84515863657,30.1916781663895,-9.3));
#5968=CARTESIAN_POINT('Ctrl Pts',(21.8806391059524,30.5554137229083,-9.3));
#5969=CARTESIAN_POINT('Ctrl Pts',(21.9461021696523,31.2265222037358,-9.3));
#5970=CARTESIAN_POINT('Ctrl Pts',(22.34003887144,31.7705935151679,-9.3));
#5971=CARTESIAN_POINT('Ctrl Pts',(22.5204649567604,32.0197824239731,-9.3));
#5972=CARTESIAN_POINT('Origin',(27.247613966465,30.1916781663895,-10.));
#5973=CARTESIAN_POINT('',(27.247613966465,30.1916781663895,-10.));
#5974=CARTESIAN_POINT('',(27.6238069832325,30.1916781663895,-10.));
#5975=CARTESIAN_POINT('',(27.247613966465,30.1916781663895,-9.3));
#5976=CARTESIAN_POINT('',(27.247613966465,30.1916781663895,-10.));
#5977=CARTESIAN_POINT('',(27.247613966465,30.1916781663895,-9.3));
#5978=CARTESIAN_POINT('Ctrl Pts',(27.2544351220131,29.8642567396164,-10.));
#5979=CARTESIAN_POINT('Ctrl Pts',(27.2544351220131,29.8642567396164,-9.3));
#5980=CARTESIAN_POINT('Ctrl Pts',(27.2540022086344,29.9097345624204,-10.));
#5981=CARTESIAN_POINT('Ctrl Pts',(27.2540022086344,29.9097345624204,-9.3));
#5982=CARTESIAN_POINT('Ctrl Pts',(27.2529630456689,30.0188992857569,-10.));
#5983=CARTESIAN_POINT('Ctrl Pts',(27.2529630456689,30.0188992857569,-9.3));
#5984=CARTESIAN_POINT('Ctrl Pts',(27.249584826024,30.1280180679845,-10.));
#5985=CARTESIAN_POINT('Ctrl Pts',(27.249584826024,30.1280180679845,-9.3));
#5986=CARTESIAN_POINT('Ctrl Pts',(27.247613966465,30.1916781663895,-10.));
#5987=CARTESIAN_POINT('Ctrl Pts',(27.247613966465,30.1916781663895,-9.3));
#5988=CARTESIAN_POINT('',(27.2544351220131,29.8642567396164,-10.));
#5989=CARTESIAN_POINT('Ctrl Pts',(27.2544351220131,29.8642567396164,-10.));
#5990=CARTESIAN_POINT('Ctrl Pts',(27.2540022086344,29.9097345624204,-10.));
#5991=CARTESIAN_POINT('Ctrl Pts',(27.2529630456689,30.0188992857569,-10.));
#5992=CARTESIAN_POINT('Ctrl Pts',(27.249584826024,30.1280180679845,-10.));
#5993=CARTESIAN_POINT('Ctrl Pts',(27.247613966465,30.1916781663895,-10.));
#5994=CARTESIAN_POINT('',(27.2544351220131,29.8642567396164,-9.3));
#5995=CARTESIAN_POINT('',(27.2544351220131,29.8642567396164,-10.));
#5996=CARTESIAN_POINT('Ctrl Pts',(27.2544351220131,29.8642567396164,-9.3));
#5997=CARTESIAN_POINT('Ctrl Pts',(27.2540022086344,29.9097345624204,-9.3));
#5998=CARTESIAN_POINT('Ctrl Pts',(27.2529630456689,30.0188992857569,-9.3));
#5999=CARTESIAN_POINT('Ctrl Pts',(27.249584826024,30.1280180679845,-9.3));
#6000=CARTESIAN_POINT('Ctrl Pts',(27.247613966465,30.1916781663895,-9.3));
#6001=CARTESIAN_POINT('Ctrl Pts',(26.3335624337196,27.0811740159989,-10.));
#6002=CARTESIAN_POINT('Ctrl Pts',(26.3335624337196,27.0811740159989,-9.3));
#6003=CARTESIAN_POINT('Ctrl Pts',(26.6017162000439,27.4647541414194,-10.));
#6004=CARTESIAN_POINT('Ctrl Pts',(26.6017162000439,27.4647541414194,-9.3));
#6005=CARTESIAN_POINT('Ctrl Pts',(27.1834535980632,28.2968994703953,-10.));
#6006=CARTESIAN_POINT('Ctrl Pts',(27.1834535980632,28.2968994703953,-9.3));
#6007=CARTESIAN_POINT('Ctrl Pts',(27.2295740461255,29.315294335815,-10.));
#6008=CARTESIAN_POINT('Ctrl Pts',(27.2295740461255,29.315294335815,-9.3));
#6009=CARTESIAN_POINT('Ctrl Pts',(27.2544351220131,29.8642567396164,-10.));
#6010=CARTESIAN_POINT('Ctrl Pts',(27.2544351220131,29.8642567396164,-9.3));
#6011=CARTESIAN_POINT('',(26.3335624337196,27.0811740159989,-10.));
#6012=CARTESIAN_POINT('Ctrl Pts',(26.3335624337196,27.0811740159989,-10.));
#6013=CARTESIAN_POINT('Ctrl Pts',(26.6017162000439,27.4647541414194,-10.));
#6014=CARTESIAN_POINT('Ctrl Pts',(27.1834535980632,28.2968994703953,-10.));
#6015=CARTESIAN_POINT('Ctrl Pts',(27.2295740461255,29.315294335815,-10.));
#6016=CARTESIAN_POINT('Ctrl Pts',(27.2544351220131,29.8642567396164,-10.));
#6017=CARTESIAN_POINT('',(26.3335624337196,27.0811740159989,-9.3));
#6018=CARTESIAN_POINT('',(26.3335624337196,27.0811740159989,-10.));
#6019=CARTESIAN_POINT('Ctrl Pts',(26.3335624337196,27.0811740159989,-9.3));
#6020=CARTESIAN_POINT('Ctrl Pts',(26.6017162000439,27.4647541414194,-9.3));
#6021=CARTESIAN_POINT('Ctrl Pts',(27.1834535980632,28.2968994703953,-9.3));
#6022=CARTESIAN_POINT('Ctrl Pts',(27.2295740461255,29.315294335815,-9.3));
#6023=CARTESIAN_POINT('Ctrl Pts',(27.2544351220131,29.8642567396164,-9.3));
#6024=CARTESIAN_POINT('Ctrl Pts',(23.9597561955452,26.0920873880386,-10.));
#6025=CARTESIAN_POINT('Ctrl Pts',(23.9597561955452,26.0920873880386,-9.3));
#6026=CARTESIAN_POINT('Ctrl Pts',(24.4185919911749,26.1298038747406,-10.));
#6027=CARTESIAN_POINT('Ctrl Pts',(24.4185919911749,26.1298038747406,-9.3));
#6028=CARTESIAN_POINT('Ctrl Pts',(25.3177805503026,26.2037175354792,-10.));
#6029=CARTESIAN_POINT('Ctrl Pts',(25.3177805503026,26.2037175354792,-9.3));
#6030=CARTESIAN_POINT('Ctrl Pts',(25.9996404024104,26.7927242462757,-10.));
#6031=CARTESIAN_POINT('Ctrl Pts',(25.9996404024104,26.7927242462757,-9.3));
#6032=CARTESIAN_POINT('Ctrl Pts',(26.3335624337196,27.0811740159989,-10.));
#6033=CARTESIAN_POINT('Ctrl Pts',(26.3335624337196,27.0811740159989,-9.3));
#6034=CARTESIAN_POINT('',(23.9597561955452,26.0920873880386,-10.));
#6035=CARTESIAN_POINT('Ctrl Pts',(23.9597561955452,26.0920873880386,-10.));
#6036=CARTESIAN_POINT('Ctrl Pts',(24.4185919911749,26.1298038747406,-10.));
#6037=CARTESIAN_POINT('Ctrl Pts',(25.3177805503026,26.2037175354792,-10.));
#6038=CARTESIAN_POINT('Ctrl Pts',(25.9996404024104,26.7927242462757,-10.));
#6039=CARTESIAN_POINT('Ctrl Pts',(26.3335624337196,27.0811740159989,-10.));
#6040=CARTESIAN_POINT('',(23.9597561955452,26.0920873880386,-9.3));
#6041=CARTESIAN_POINT('',(23.9597561955452,26.0920873880386,-10.));
#6042=CARTESIAN_POINT('Ctrl Pts',(23.9597561955452,26.0920873880386,-9.3));
#6043=CARTESIAN_POINT('Ctrl Pts',(24.4185919911749,26.1298038747406,-9.3));
#6044=CARTESIAN_POINT('Ctrl Pts',(25.3177805503026,26.2037175354792,-9.3));
#6045=CARTESIAN_POINT('Ctrl Pts',(25.9996404024104,26.7927242462757,-9.3));
#6046=CARTESIAN_POINT('Ctrl Pts',(26.3335624337196,27.0811740159989,-9.3));
#6047=CARTESIAN_POINT('Ctrl Pts',(21.5177372097969,27.1016374826431,-10.));
#6048=CARTESIAN_POINT('Ctrl Pts',(21.5177372097969,27.1016374826431,-9.3));
#6049=CARTESIAN_POINT('Ctrl Pts',(21.8605038109082,26.8072315771168,-10.));
#6050=CARTESIAN_POINT('Ctrl Pts',(21.8605038109082,26.8072315771168,-9.3));
#6051=CARTESIAN_POINT('Ctrl Pts',(22.5626869375452,26.204118967625,-10.));
#6052=CARTESIAN_POINT('Ctrl Pts',(22.5626869375452,26.204118967625,-9.3));
#6053=CARTESIAN_POINT('Ctrl Pts',(23.4867626545186,26.1300169418041,-10.));
#6054=CARTESIAN_POINT('Ctrl Pts',(23.4867626545186,26.1300169418041,-9.3));
#6055=CARTESIAN_POINT('Ctrl Pts',(23.9597561955452,26.0920873880386,-10.));
#6056=CARTESIAN_POINT('Ctrl Pts',(23.9597561955452,26.0920873880386,-9.3));
#6057=CARTESIAN_POINT('',(21.5177372097969,27.1016374826431,-10.));
#6058=CARTESIAN_POINT('Ctrl Pts',(21.5177372097969,27.1016374826431,-10.));
#6059=CARTESIAN_POINT('Ctrl Pts',(21.8605038109082,26.8072315771168,-10.));
#6060=CARTESIAN_POINT('Ctrl Pts',(22.5626869375452,26.204118967625,-10.));
#6061=CARTESIAN_POINT('Ctrl Pts',(23.4867626545186,26.1300169418041,-10.));
#6062=CARTESIAN_POINT('Ctrl Pts',(23.9597561955452,26.0920873880386,-10.));
#6063=CARTESIAN_POINT('',(21.5177372097969,27.1016374826431,-9.3));
#6064=CARTESIAN_POINT('',(21.5177372097969,27.1016374826431,-10.));
#6065=CARTESIAN_POINT('Ctrl Pts',(21.5177372097969,27.1016374826431,-9.3));
#6066=CARTESIAN_POINT('Ctrl Pts',(21.8605038109082,26.8072315771168,-9.3));
#6067=CARTESIAN_POINT('Ctrl Pts',(22.5626869375452,26.204118967625,-9.3));
#6068=CARTESIAN_POINT('Ctrl Pts',(23.4867626545186,26.1300169418041,-9.3));
#6069=CARTESIAN_POINT('Ctrl Pts',(23.9597561955452,26.0920873880386,-9.3));
#6070=CARTESIAN_POINT('Ctrl Pts',(20.5763998627663,29.9392906427384,-10.));
#6071=CARTESIAN_POINT('Ctrl Pts',(20.5763998627663,29.9392906427384,-9.3));
#6072=CARTESIAN_POINT('Ctrl Pts',(20.6019361283629,29.3796979542495,-10.));
#6073=CARTESIAN_POINT('Ctrl Pts',(20.6019361283629,29.3796979542495,-9.3));
#6074=CARTESIAN_POINT('Ctrl Pts',(20.64933631383,28.3409870620857,-10.));
#6075=CARTESIAN_POINT('Ctrl Pts',(20.64933631383,28.3409870620857,-9.3));
#6076=CARTESIAN_POINT('Ctrl Pts',(21.2436176277662,27.4928507923996,-10.));
#6077=CARTESIAN_POINT('Ctrl Pts',(21.2436176277662,27.4928507923996,-9.3));
#6078=CARTESIAN_POINT('Ctrl Pts',(21.5177372097969,27.1016374826431,-10.));
#6079=CARTESIAN_POINT('Ctrl Pts',(21.5177372097969,27.1016374826431,-9.3));
#6080=CARTESIAN_POINT('',(20.5763998627663,29.9392906427384,-10.));
#6081=CARTESIAN_POINT('Ctrl Pts',(20.5763998627663,29.9392906427384,-10.));
#6082=CARTESIAN_POINT('Ctrl Pts',(20.6019361283629,29.3796979542495,-10.));
#6083=CARTESIAN_POINT('Ctrl Pts',(20.64933631383,28.3409870620857,-10.));
#6084=CARTESIAN_POINT('Ctrl Pts',(21.2436176277662,27.4928507923996,-10.));
#6085=CARTESIAN_POINT('Ctrl Pts',(21.5177372097969,27.1016374826431,-10.));
#6086=CARTESIAN_POINT('',(20.5763998627663,29.9392906427384,-9.3));
#6087=CARTESIAN_POINT('',(20.5763998627663,29.9392906427384,-10.));
#6088=CARTESIAN_POINT('Ctrl Pts',(20.5763998627663,29.9392906427384,-9.3));
#6089=CARTESIAN_POINT('Ctrl Pts',(20.6019361283629,29.3796979542495,-9.3));
#6090=CARTESIAN_POINT('Ctrl Pts',(20.64933631383,28.3409870620857,-9.3));
#6091=CARTESIAN_POINT('Ctrl Pts',(21.2436176277662,27.4928507923996,-9.3));
#6092=CARTESIAN_POINT('Ctrl Pts',(21.5177372097969,27.1016374826431,-9.3));
#6093=CARTESIAN_POINT('Ctrl Pts',(21.5075054764748,32.6848570108414,-10.));
#6094=CARTESIAN_POINT('Ctrl Pts',(21.5075054764748,32.6848570108414,-9.3));
#6095=CARTESIAN_POINT('Ctrl Pts',(21.2363311623055,32.3065682615395,-10.));
#6096=CARTESIAN_POINT('Ctrl Pts',(21.2363311623055,32.3065682615395,-9.3));
#6097=CARTESIAN_POINT('Ctrl Pts',(20.6504862152713,31.4893133051571,-10.));
#6098=CARTESIAN_POINT('Ctrl Pts',(20.6504862152713,31.4893133051571,-9.3));
#6099=CARTESIAN_POINT('Ctrl Pts',(20.6022881427137,30.480921040952,-10.));
#6100=CARTESIAN_POINT('Ctrl Pts',(20.6022881427137,30.480921040952,-9.3));
#6101=CARTESIAN_POINT('Ctrl Pts',(20.5763998627663,29.9392906427384,-10.));
#6102=CARTESIAN_POINT('Ctrl Pts',(20.5763998627663,29.9392906427384,-9.3));
#6103=CARTESIAN_POINT('',(21.5075054764748,32.6848570108414,-10.));
#6104=CARTESIAN_POINT('Ctrl Pts',(21.5075054764748,32.6848570108414,-10.));
#6105=CARTESIAN_POINT('Ctrl Pts',(21.2363311623055,32.3065682615395,-10.));
#6106=CARTESIAN_POINT('Ctrl Pts',(20.6504862152713,31.4893133051571,-10.));
#6107=CARTESIAN_POINT('Ctrl Pts',(20.6022881427137,30.480921040952,-10.));
#6108=CARTESIAN_POINT('Ctrl Pts',(20.5763998627663,29.9392906427384,-10.));
#6109=CARTESIAN_POINT('',(21.5075054764748,32.6848570108414,-9.3));
#6110=CARTESIAN_POINT('',(21.5075054764748,32.6848570108414,-10.));
#6111=CARTESIAN_POINT('Ctrl Pts',(21.5075054764748,32.6848570108414,-9.3));
#6112=CARTESIAN_POINT('Ctrl Pts',(21.2363311623055,32.3065682615395,-9.3));
#6113=CARTESIAN_POINT('Ctrl Pts',(20.6504862152713,31.4893133051571,-9.3));
#6114=CARTESIAN_POINT('Ctrl Pts',(20.6022881427137,30.480921040952,-9.3));
#6115=CARTESIAN_POINT('Ctrl Pts',(20.5763998627663,29.9392906427384,-9.3));
#6116=CARTESIAN_POINT('Ctrl Pts',(24.0279689431191,33.6637107133865,-10.));
#6117=CARTESIAN_POINT('Ctrl Pts',(24.0279689431191,33.6637107133865,-9.3));
#6118=CARTESIAN_POINT('Ctrl Pts',(23.5335307155287,33.6309462504556,-10.));
#6119=CARTESIAN_POINT('Ctrl Pts',(23.5335307155287,33.6309462504556,-9.3));
#6120=CARTESIAN_POINT('Ctrl Pts',(22.5880140959137,33.5682906091533,-10.));
#6121=CARTESIAN_POINT('Ctrl Pts',(22.5880140959137,33.5682906091533,-9.3));
#6122=CARTESIAN_POINT('Ctrl Pts',(21.8564928969963,32.9701922752995,-10.));
#6123=CARTESIAN_POINT('Ctrl Pts',(21.8564928969963,32.9701922752995,-9.3));
#6124=CARTESIAN_POINT('Ctrl Pts',(21.5075054764748,32.6848570108414,-10.));
#6125=CARTESIAN_POINT('Ctrl Pts',(21.5075054764748,32.6848570108414,-9.3));
#6126=CARTESIAN_POINT('',(24.0279689431191,33.6637107133865,-10.));
#6127=CARTESIAN_POINT('Ctrl Pts',(24.0279689431191,33.6637107133865,-10.));
#6128=CARTESIAN_POINT('Ctrl Pts',(23.5335307155287,33.6309462504556,-10.));
#6129=CARTESIAN_POINT('Ctrl Pts',(22.5880140959137,33.5682906091533,-10.));
#6130=CARTESIAN_POINT('Ctrl Pts',(21.8564928969963,32.9701922752995,-10.));
#6131=CARTESIAN_POINT('Ctrl Pts',(21.5075054764748,32.6848570108414,-10.));
#6132=CARTESIAN_POINT('',(24.0279689431191,33.6637107133865,-9.3));
#6133=CARTESIAN_POINT('',(24.0279689431191,33.6637107133865,-10.));
#6134=CARTESIAN_POINT('Ctrl Pts',(24.0279689431191,33.6637107133865,-9.3));
#6135=CARTESIAN_POINT('Ctrl Pts',(23.5335307155287,33.6309462504556,-9.3));
#6136=CARTESIAN_POINT('Ctrl Pts',(22.5880140959137,33.5682906091533,-9.3));
#6137=CARTESIAN_POINT('Ctrl Pts',(21.8564928969963,32.9701922752995,-9.3));
#6138=CARTESIAN_POINT('Ctrl Pts',(21.5075054764748,32.6848570108414,-9.3));
#6139=CARTESIAN_POINT('Ctrl Pts',(26.1016383767128,33.0497959852219,-10.));
#6140=CARTESIAN_POINT('Ctrl Pts',(26.1016383767128,33.0497959852219,-9.3));
#6141=CARTESIAN_POINT('Ctrl Pts',(25.8013357471622,33.2286917932846,-10.));
#6142=CARTESIAN_POINT('Ctrl Pts',(25.8013357471622,33.2286917932846,-9.3));
#6143=CARTESIAN_POINT('Ctrl Pts',(25.1638054802558,33.6084803167264,-10.));
#6144=CARTESIAN_POINT('Ctrl Pts',(25.1638054802558,33.6084803167264,-9.3));
#6145=CARTESIAN_POINT('Ctrl Pts',(24.4209234092139,33.6446031831019,-10.));
#6146=CARTESIAN_POINT('Ctrl Pts',(24.4209234092139,33.6446031831019,-9.3));
#6147=CARTESIAN_POINT('Ctrl Pts',(24.0279689431191,33.6637107133865,-10.));
#6148=CARTESIAN_POINT('Ctrl Pts',(24.0279689431191,33.6637107133865,-9.3));
#6149=CARTESIAN_POINT('',(26.1016383767128,33.0497959852219,-10.));
#6150=CARTESIAN_POINT('Ctrl Pts',(26.1016383767128,33.0497959852219,-10.));
#6151=CARTESIAN_POINT('Ctrl Pts',(25.8013357471622,33.2286917932846,-10.));
#6152=CARTESIAN_POINT('Ctrl Pts',(25.1638054802558,33.6084803167264,-10.));
#6153=CARTESIAN_POINT('Ctrl Pts',(24.4209234092139,33.6446031831019,-10.));
#6154=CARTESIAN_POINT('Ctrl Pts',(24.0279689431191,33.6637107133865,-10.));
#6155=CARTESIAN_POINT('',(26.1016383767128,33.0497959852219,-9.3));
#6156=CARTESIAN_POINT('',(26.1016383767128,33.0497959852219,-10.));
#6157=CARTESIAN_POINT('Ctrl Pts',(26.1016383767128,33.0497959852219,-9.3));
#6158=CARTESIAN_POINT('Ctrl Pts',(25.8013357471622,33.2286917932846,-9.3));
#6159=CARTESIAN_POINT('Ctrl Pts',(25.1638054802558,33.6084803167264,-9.3));
#6160=CARTESIAN_POINT('Ctrl Pts',(24.4209234092139,33.6446031831019,-9.3));
#6161=CARTESIAN_POINT('Ctrl Pts',(24.0279689431191,33.6637107133865,-9.3));
#6162=CARTESIAN_POINT('Ctrl Pts',(27.2135081887245,31.3240114450455,-10.));
#6163=CARTESIAN_POINT('Ctrl Pts',(27.2135081887245,31.3240114450455,-9.3));
#6164=CARTESIAN_POINT('Ctrl Pts',(27.0969416997649,31.6701736789278,-10.));
#6165=CARTESIAN_POINT('Ctrl Pts',(27.0969416997649,31.6701736789278,-9.3));
#6166=CARTESIAN_POINT('Ctrl Pts',(26.8713641861182,32.3400610259218,-10.));
#6167=CARTESIAN_POINT('Ctrl Pts',(26.8713641861182,32.3400610259218,-9.3));
#6168=CARTESIAN_POINT('Ctrl Pts',(26.3524198279521,32.8185599256878,-10.));
#6169=CARTESIAN_POINT('Ctrl Pts',(26.3524198279521,32.8185599256878,-9.3));
#6170=CARTESIAN_POINT('Ctrl Pts',(26.1016383767128,33.0497959852219,-10.));
#6171=CARTESIAN_POINT('Ctrl Pts',(26.1016383767128,33.0497959852219,-9.3));
#6172=CARTESIAN_POINT('',(27.2135081887245,31.3240114450455,-10.));
#6173=CARTESIAN_POINT('Ctrl Pts',(27.2135081887245,31.3240114450455,-10.));
#6174=CARTESIAN_POINT('Ctrl Pts',(27.0969416997649,31.6701736789278,-10.));
#6175=CARTESIAN_POINT('Ctrl Pts',(26.8713641861182,32.3400610259218,-10.));
#6176=CARTESIAN_POINT('Ctrl Pts',(26.3524198279521,32.8185599256878,-10.));
#6177=CARTESIAN_POINT('Ctrl Pts',(26.1016383767128,33.0497959852219,-10.));
#6178=CARTESIAN_POINT('',(27.2135081887245,31.3240114450455,-9.3));
#6179=CARTESIAN_POINT('',(27.2135081887245,31.3240114450455,-10.));
#6180=CARTESIAN_POINT('Ctrl Pts',(27.2135081887245,31.3240114450455,-9.3));
#6181=CARTESIAN_POINT('Ctrl Pts',(27.0969416997649,31.6701736789278,-9.3));
#6182=CARTESIAN_POINT('Ctrl Pts',(26.8713641861182,32.3400610259218,-9.3));
#6183=CARTESIAN_POINT('Ctrl Pts',(26.3524198279521,32.8185599256878,-9.3));
#6184=CARTESIAN_POINT('Ctrl Pts',(26.1016383767128,33.0497959852219,-9.3));
#6185=CARTESIAN_POINT('Origin',(25.9447494149208,31.1671224832535,-10.));
#6186=CARTESIAN_POINT('',(25.9447494149208,31.1671224832535,-10.));
#6187=CARTESIAN_POINT('',(26.7640313252006,31.26843117248,-10.));
#6188=CARTESIAN_POINT('',(25.9447494149208,31.1671224832535,-9.3));
#6189=CARTESIAN_POINT('',(25.9447494149208,31.1671224832535,-10.));
#6190=CARTESIAN_POINT('',(25.9447494149208,31.1671224832535,-9.3));
#6191=CARTESIAN_POINT('Ctrl Pts',(25.1875868439674,32.2994545698166,-10.));
#6192=CARTESIAN_POINT('Ctrl Pts',(25.1875868439674,32.2994545698166,-9.3));
#6193=CARTESIAN_POINT('Ctrl Pts',(25.3417931332578,32.1539004551766,-10.));
#6194=CARTESIAN_POINT('Ctrl Pts',(25.3417931332578,32.1539004551766,-9.3));
#6195=CARTESIAN_POINT('Ctrl Pts',(25.6795224025351,31.8351204300305,-10.));
#6196=CARTESIAN_POINT('Ctrl Pts',(25.6795224025351,31.8351204300305,-9.3));
#6197=CARTESIAN_POINT('Ctrl Pts',(25.8513680400591,31.4023118258236,-10.));
#6198=CARTESIAN_POINT('Ctrl Pts',(25.8513680400591,31.4023118258236,-9.3));
#6199=CARTESIAN_POINT('Ctrl Pts',(25.9447494149208,31.1671224832535,-10.));
#6200=CARTESIAN_POINT('Ctrl Pts',(25.9447494149208,31.1671224832535,-9.3));
#6201=CARTESIAN_POINT('Ctrl Pts',(25.1875868439674,32.2994545698166,-10.));
#6202=CARTESIAN_POINT('Ctrl Pts',(25.3417931332578,32.1539004551766,-10.));
#6203=CARTESIAN_POINT('Ctrl Pts',(25.6795224025351,31.8351204300305,-10.));
#6204=CARTESIAN_POINT('Ctrl Pts',(25.8513680400591,31.4023118258236,-10.));
#6205=CARTESIAN_POINT('Ctrl Pts',(25.9447494149208,31.1671224832535,-10.));
#6206=CARTESIAN_POINT('Ctrl Pts',(25.1875868439674,32.2994545698166,-9.3));
#6207=CARTESIAN_POINT('Ctrl Pts',(25.3417931332578,32.1539004551766,-9.3));
#6208=CARTESIAN_POINT('Ctrl Pts',(25.6795224025351,31.8351204300305,-9.3));
#6209=CARTESIAN_POINT('Ctrl Pts',(25.8513680400591,31.4023118258236,-9.3));
#6210=CARTESIAN_POINT('Ctrl Pts',(25.9447494149208,31.1671224832535,-9.3));
#6211=CARTESIAN_POINT('Origin',(27.5000008195639,28.5000005960465,-9.3));
#6212=CARTESIAN_POINT('Ctrl Pts',(12.1589371562004,32.5381997823715,-10.));
#6213=CARTESIAN_POINT('Ctrl Pts',(12.1589371562004,32.5381997823715,-9.3));
#6214=CARTESIAN_POINT('Ctrl Pts',(12.5114817567297,32.5146370911815,-10.));
#6215=CARTESIAN_POINT('Ctrl Pts',(12.5114817567297,32.5146370911815,-9.3));
#6216=CARTESIAN_POINT('Ctrl Pts',(13.1971818927657,32.4688075974659,-10.));
#6217=CARTESIAN_POINT('Ctrl Pts',(13.1971818927657,32.4688075974659,-9.3));
#6218=CARTESIAN_POINT('Ctrl Pts',(13.7654913640591,32.0839748095589,-10.));
#6219=CARTESIAN_POINT('Ctrl Pts',(13.7654913640591,32.0839748095589,-9.3));
#6220=CARTESIAN_POINT('Ctrl Pts',(14.0416112542152,31.8969992399216,-10.));
#6221=CARTESIAN_POINT('Ctrl Pts',(14.0416112542152,31.8969992399216,-9.3));
#6222=CARTESIAN_POINT('',(12.1589371562004,32.5381997823715,-10.));
#6223=CARTESIAN_POINT('',(14.0416112542152,31.8969992399216,-10.));
#6224=CARTESIAN_POINT('Ctrl Pts',(12.1589371562004,32.5381997823715,-10.));
#6225=CARTESIAN_POINT('Ctrl Pts',(12.5114817567297,32.5146370911815,-10.));
#6226=CARTESIAN_POINT('Ctrl Pts',(13.1971818927657,32.4688075974659,-10.));
#6227=CARTESIAN_POINT('Ctrl Pts',(13.7654913640591,32.0839748095589,-10.));
#6228=CARTESIAN_POINT('Ctrl Pts',(14.0416112542152,31.8969992399216,-10.));
#6229=CARTESIAN_POINT('',(12.1589371562004,32.5381997823715,-9.3));
#6230=CARTESIAN_POINT('',(12.1589371562004,32.5381997823715,-10.));
#6231=CARTESIAN_POINT('',(14.0416112542152,31.8969992399216,-9.3));
#6232=CARTESIAN_POINT('Ctrl Pts',(12.1589371562004,32.5381997823715,-9.3));
#6233=CARTESIAN_POINT('Ctrl Pts',(12.5114817567297,32.5146370911815,-9.3));
#6234=CARTESIAN_POINT('Ctrl Pts',(13.1971818927657,32.4688075974659,-9.3));
#6235=CARTESIAN_POINT('Ctrl Pts',(13.7654913640591,32.0839748095589,-9.3));
#6236=CARTESIAN_POINT('Ctrl Pts',(14.0416112542152,31.8969992399216,-9.3));
#6237=CARTESIAN_POINT('',(14.0416112542152,31.8969992399216,-10.));
#6238=CARTESIAN_POINT('Ctrl Pts',(10.4604378342629,32.0675317049027,-10.));
#6239=CARTESIAN_POINT('Ctrl Pts',(10.4604378342629,32.0675317049027,-9.3));
#6240=CARTESIAN_POINT('Ctrl Pts',(10.7272869125721,32.2048094451657,-10.));
#6241=CARTESIAN_POINT('Ctrl Pts',(10.7272869125721,32.2048094451657,-9.3));
#6242=CARTESIAN_POINT('Ctrl Pts',(11.2608676968646,32.4793045447163,-10.));
#6243=CARTESIAN_POINT('Ctrl Pts',(11.2608676968646,32.4793045447163,-9.3));
#6244=CARTESIAN_POINT('Ctrl Pts',(11.8596245728149,32.5185709156414,-10.));
#6245=CARTESIAN_POINT('Ctrl Pts',(11.8596245728149,32.5185709156414,-9.3));
#6246=CARTESIAN_POINT('Ctrl Pts',(12.1589371562004,32.5381997823715,-10.));
#6247=CARTESIAN_POINT('Ctrl Pts',(12.1589371562004,32.5381997823715,-9.3));
#6248=CARTESIAN_POINT('',(10.4604378342629,32.0675317049027,-10.));
#6249=CARTESIAN_POINT('Ctrl Pts',(10.4604378342629,32.0675317049027,-10.));
#6250=CARTESIAN_POINT('Ctrl Pts',(10.7272869125721,32.2048094451657,-10.));
#6251=CARTESIAN_POINT('Ctrl Pts',(11.2608676968646,32.4793045447163,-10.));
#6252=CARTESIAN_POINT('Ctrl Pts',(11.8596245728149,32.5185709156414,-10.));
#6253=CARTESIAN_POINT('Ctrl Pts',(12.1589371562004,32.5381997823715,-10.));
#6254=CARTESIAN_POINT('',(10.4604378342629,32.0675317049027,-9.3));
#6255=CARTESIAN_POINT('',(10.4604378342629,32.0675317049027,-10.));
#6256=CARTESIAN_POINT('Ctrl Pts',(10.4604378342629,32.0675317049027,-9.3));
#6257=CARTESIAN_POINT('Ctrl Pts',(10.7272869125721,32.2048094451657,-9.3));
#6258=CARTESIAN_POINT('Ctrl Pts',(11.2608676968646,32.4793045447163,-9.3));
#6259=CARTESIAN_POINT('Ctrl Pts',(11.8596245728149,32.5185709156414,-9.3));
#6260=CARTESIAN_POINT('Ctrl Pts',(12.1589371562004,32.5381997823715,-9.3));
#6261=CARTESIAN_POINT('Ctrl Pts',(9.30423051118851,30.645294547081,-10.));
#6262=CARTESIAN_POINT('Ctrl Pts',(9.30423051118851,30.645294547081,-9.3));
#6263=CARTESIAN_POINT('Ctrl Pts',(9.44122572504097,30.9399182253616,-10.));
#6264=CARTESIAN_POINT('Ctrl Pts',(9.44122572504097,30.9399182253616,-9.3));
#6265=CARTESIAN_POINT('Ctrl Pts',(9.70725881582865,31.5120524302591,-10.));
#6266=CARTESIAN_POINT('Ctrl Pts',(9.70725881582865,31.5120524302591,-9.3));
#6267=CARTESIAN_POINT('Ctrl Pts',(10.2144348893968,31.8861013489981,-10.));
#6268=CARTESIAN_POINT('Ctrl Pts',(10.2144348893968,31.8861013489981,-9.3));
#6269=CARTESIAN_POINT('Ctrl Pts',(10.4604378342629,32.0675317049027,-10.));
#6270=CARTESIAN_POINT('Ctrl Pts',(10.4604378342629,32.0675317049027,-9.3));
#6271=CARTESIAN_POINT('',(9.30423051118851,30.645294547081,-10.));
#6272=CARTESIAN_POINT('Ctrl Pts',(9.30423051118851,30.645294547081,-10.));
#6273=CARTESIAN_POINT('Ctrl Pts',(9.44122572504097,30.9399182253616,-10.));
#6274=CARTESIAN_POINT('Ctrl Pts',(9.70725881582865,31.5120524302591,-10.));
#6275=CARTESIAN_POINT('Ctrl Pts',(10.2144348893968,31.8861013489981,-10.));
#6276=CARTESIAN_POINT('Ctrl Pts',(10.4604378342629,32.0675317049027,-10.));
#6277=CARTESIAN_POINT('',(9.30423051118851,30.645294547081,-9.3));
#6278=CARTESIAN_POINT('',(9.30423051118851,30.645294547081,-10.));
#6279=CARTESIAN_POINT('Ctrl Pts',(9.30423051118851,30.645294547081,-9.3));
#6280=CARTESIAN_POINT('Ctrl Pts',(9.44122572504097,30.9399182253616,-9.3));
#6281=CARTESIAN_POINT('Ctrl Pts',(9.70725881582865,31.5120524302591,-9.3));
#6282=CARTESIAN_POINT('Ctrl Pts',(10.2144348893968,31.8861013489981,-9.3));
#6283=CARTESIAN_POINT('Ctrl Pts',(10.4604378342629,32.0675317049027,-9.3));
#6284=CARTESIAN_POINT('Ctrl Pts',(8.93247053027153,28.4181455373764,-10.));
#6285=CARTESIAN_POINT('Ctrl Pts',(8.93247053027153,28.4181455373764,-9.3));
#6286=CARTESIAN_POINT('Ctrl Pts',(8.94412894164358,28.8196683527808,-10.));
#6287=CARTESIAN_POINT('Ctrl Pts',(8.94412894164358,28.8196683527808,-9.3));
#6288=CARTESIAN_POINT('Ctrl Pts',(8.96619415494128,29.5796077890435,-10.));
#6289=CARTESIAN_POINT('Ctrl Pts',(8.96619415494128,29.5796077890435,-9.3));
#6290=CARTESIAN_POINT('Ctrl Pts',(9.19589484495598,30.3037576597211,-10.));
#6291=CARTESIAN_POINT('Ctrl Pts',(9.19589484495598,30.3037576597211,-9.3));
#6292=CARTESIAN_POINT('Ctrl Pts',(9.30423051118851,30.645294547081,-10.));
#6293=CARTESIAN_POINT('Ctrl Pts',(9.30423051118851,30.645294547081,-9.3));
#6294=CARTESIAN_POINT('',(8.93247053027153,28.4181455373764,-10.));
#6295=CARTESIAN_POINT('Ctrl Pts',(8.93247053027153,28.4181455373764,-10.));
#6296=CARTESIAN_POINT('Ctrl Pts',(8.94412894164358,28.8196683527808,-10.));
#6297=CARTESIAN_POINT('Ctrl Pts',(8.96619415494128,29.5796077890435,-10.));
#6298=CARTESIAN_POINT('Ctrl Pts',(9.19589484495598,30.3037576597211,-10.));
#6299=CARTESIAN_POINT('Ctrl Pts',(9.30423051118851,30.645294547081,-10.));
#6300=CARTESIAN_POINT('',(8.93247053027153,28.4181455373764,-9.3));
#6301=CARTESIAN_POINT('',(8.93247053027153,28.4181455373764,-10.));
#6302=CARTESIAN_POINT('Ctrl Pts',(8.93247053027153,28.4181455373764,-9.3));
#6303=CARTESIAN_POINT('Ctrl Pts',(8.94412894164358,28.8196683527808,-9.3));
#6304=CARTESIAN_POINT('Ctrl Pts',(8.96619415494128,29.5796077890435,-9.3));
#6305=CARTESIAN_POINT('Ctrl Pts',(9.19589484495598,30.3037576597211,-9.3));
#6306=CARTESIAN_POINT('Ctrl Pts',(9.30423051118851,30.645294547081,-9.3));
#6307=CARTESIAN_POINT('Ctrl Pts',(9.2462494969368,26.4979544878006,-10.));
#6308=CARTESIAN_POINT('Ctrl Pts',(9.2462494969368,26.4979544878006,-9.3));
#6309=CARTESIAN_POINT('Ctrl Pts',(9.15473070617019,26.8110162848386,-10.));
#6310=CARTESIAN_POINT('Ctrl Pts',(9.15473070617019,26.8110162848386,-9.3));
#6311=CARTESIAN_POINT('Ctrl Pts',(8.97138336174877,27.4381994965694,-10.));
#6312=CARTESIAN_POINT('Ctrl Pts',(8.97138336174877,27.4381994965694,-9.3));
#6313=CARTESIAN_POINT('Ctrl Pts',(8.94545607536523,28.0911291517984,-10.));
#6314=CARTESIAN_POINT('Ctrl Pts',(8.94545607536523,28.0911291517984,-9.3));
#6315=CARTESIAN_POINT('Ctrl Pts',(8.93247053027153,28.4181455373764,-10.));
#6316=CARTESIAN_POINT('Ctrl Pts',(8.93247053027153,28.4181455373764,-9.3));
#6317=CARTESIAN_POINT('',(9.2462494969368,26.4979544878006,-10.));
#6318=CARTESIAN_POINT('Ctrl Pts',(9.2462494969368,26.4979544878006,-10.));
#6319=CARTESIAN_POINT('Ctrl Pts',(9.15473070617019,26.8110162848386,-10.));
#6320=CARTESIAN_POINT('Ctrl Pts',(8.97138336174877,27.4381994965694,-10.));
#6321=CARTESIAN_POINT('Ctrl Pts',(8.94545607536523,28.0911291517984,-10.));
#6322=CARTESIAN_POINT('Ctrl Pts',(8.93247053027153,28.4181455373764,-10.));
#6323=CARTESIAN_POINT('',(9.2462494969368,26.4979544878006,-9.3));
#6324=CARTESIAN_POINT('',(9.2462494969368,26.4979544878006,-10.));
#6325=CARTESIAN_POINT('Ctrl Pts',(9.2462494969368,26.4979544878006,-9.3));
#6326=CARTESIAN_POINT('Ctrl Pts',(9.15473070617019,26.8110162848386,-9.3));
#6327=CARTESIAN_POINT('Ctrl Pts',(8.97138336174877,27.4381994965694,-9.3));
#6328=CARTESIAN_POINT('Ctrl Pts',(8.94545607536523,28.0911291517984,-9.3));
#6329=CARTESIAN_POINT('Ctrl Pts',(8.93247053027153,28.4181455373764,-9.3));
#6330=CARTESIAN_POINT('Ctrl Pts',(10.3342440724373,25.0143257379532,-10.));
#6331=CARTESIAN_POINT('Ctrl Pts',(10.3342440724373,25.0143257379532,-9.3));
#6332=CARTESIAN_POINT('Ctrl Pts',(10.094910774353,25.2156095289375,-10.));
#6333=CARTESIAN_POINT('Ctrl Pts',(10.094910774353,25.2156095289375,-9.3));
#6334=CARTESIAN_POINT('Ctrl Pts',(9.61202296151435,25.6217272332698,-10.));
#6335=CARTESIAN_POINT('Ctrl Pts',(9.61202296151435,25.6217272332698,-9.3));
#6336=CARTESIAN_POINT('Ctrl Pts',(9.368882464884,26.2041815402648,-10.));
#6337=CARTESIAN_POINT('Ctrl Pts',(9.368882464884,26.2041815402648,-9.3));
#6338=CARTESIAN_POINT('Ctrl Pts',(9.2462494969368,26.4979544878006,-10.));
#6339=CARTESIAN_POINT('Ctrl Pts',(9.2462494969368,26.4979544878006,-9.3));
#6340=CARTESIAN_POINT('',(10.3342440724373,25.0143257379532,-10.));
#6341=CARTESIAN_POINT('Ctrl Pts',(10.3342440724373,25.0143257379532,-10.));
#6342=CARTESIAN_POINT('Ctrl Pts',(10.094910774353,25.2156095289375,-10.));
#6343=CARTESIAN_POINT('Ctrl Pts',(9.61202296151435,25.6217272332698,-10.));
#6344=CARTESIAN_POINT('Ctrl Pts',(9.368882464884,26.2041815402648,-10.));
#6345=CARTESIAN_POINT('Ctrl Pts',(9.2462494969368,26.4979544878006,-10.));
#6346=CARTESIAN_POINT('',(10.3342440724373,25.0143257379532,-9.3));
#6347=CARTESIAN_POINT('',(10.3342440724373,25.0143257379532,-10.));
#6348=CARTESIAN_POINT('Ctrl Pts',(10.3342440724373,25.0143257379532,-9.3));
#6349=CARTESIAN_POINT('Ctrl Pts',(10.094910774353,25.2156095289375,-9.3));
#6350=CARTESIAN_POINT('Ctrl Pts',(9.61202296151435,25.6217272332698,-9.3));
#6351=CARTESIAN_POINT('Ctrl Pts',(9.368882464884,26.2041815402648,-9.3));
#6352=CARTESIAN_POINT('Ctrl Pts',(9.2462494969368,26.4979544878006,-9.3));
#6353=CARTESIAN_POINT('Ctrl Pts',(12.2612562775612,24.4618026018143,-10.));
#6354=CARTESIAN_POINT('Ctrl Pts',(12.2612562775612,24.4618026018143,-9.3));
#6355=CARTESIAN_POINT('Ctrl Pts',(11.9002181434119,24.4796966665755,-10.));
#6356=CARTESIAN_POINT('Ctrl Pts',(11.9002181434119,24.4796966665755,-9.3));
#6357=CARTESIAN_POINT('Ctrl Pts',(11.2134994809153,24.5137323737685,-10.));
#6358=CARTESIAN_POINT('Ctrl Pts',(11.2134994809153,24.5137323737685,-9.3));
#6359=CARTESIAN_POINT('Ctrl Pts',(10.6170933364185,24.8532889524546,-10.));
#6360=CARTESIAN_POINT('Ctrl Pts',(10.6170933364185,24.8532889524546,-9.3));
#6361=CARTESIAN_POINT('Ctrl Pts',(10.3342440724373,25.0143257379532,-10.));
#6362=CARTESIAN_POINT('Ctrl Pts',(10.3342440724373,25.0143257379532,-9.3));
#6363=CARTESIAN_POINT('',(12.2612562775612,24.4618026018143,-10.));
#6364=CARTESIAN_POINT('Ctrl Pts',(12.2612562775612,24.4618026018143,-10.));
#6365=CARTESIAN_POINT('Ctrl Pts',(11.9002181434119,24.4796966665755,-10.));
#6366=CARTESIAN_POINT('Ctrl Pts',(11.2134994809153,24.5137323737685,-10.));
#6367=CARTESIAN_POINT('Ctrl Pts',(10.6170933364185,24.8532889524546,-10.));
#6368=CARTESIAN_POINT('Ctrl Pts',(10.3342440724373,25.0143257379532,-10.));
#6369=CARTESIAN_POINT('',(12.2612562775612,24.4618026018143,-9.3));
#6370=CARTESIAN_POINT('',(12.2612562775612,24.4618026018143,-10.));
#6371=CARTESIAN_POINT('Ctrl Pts',(12.2612562775612,24.4618026018143,-9.3));
#6372=CARTESIAN_POINT('Ctrl Pts',(11.9002181434119,24.4796966665755,-9.3));
#6373=CARTESIAN_POINT('Ctrl Pts',(11.2134994809153,24.5137323737685,-9.3));
#6374=CARTESIAN_POINT('Ctrl Pts',(10.6170933364185,24.8532889524546,-9.3));
#6375=CARTESIAN_POINT('Ctrl Pts',(10.3342440724373,25.0143257379532,-9.3));
#6376=CARTESIAN_POINT('Ctrl Pts',(13.9256492257118,24.9597553014755,-10.));
#6377=CARTESIAN_POINT('Ctrl Pts',(13.9256492257118,24.9597553014755,-9.3));
#6378=CARTESIAN_POINT('Ctrl Pts',(13.6830413337079,24.8146238168447,-10.));
#6379=CARTESIAN_POINT('Ctrl Pts',(13.6830413337079,24.8146238168447,-9.3));
#6380=CARTESIAN_POINT('Ctrl Pts',(13.1714534948389,24.5085847100339,-10.));
#6381=CARTESIAN_POINT('Ctrl Pts',(13.1714534948389,24.5085847100339,-9.3));
#6382=CARTESIAN_POINT('Ctrl Pts',(12.5749059100654,24.4779234938279,-10.));
#6383=CARTESIAN_POINT('Ctrl Pts',(12.5749059100654,24.4779234938279,-9.3));
#6384=CARTESIAN_POINT('Ctrl Pts',(12.2612562775612,24.4618026018143,-10.));
#6385=CARTESIAN_POINT('Ctrl Pts',(12.2612562775612,24.4618026018143,-9.3));
#6386=CARTESIAN_POINT('',(13.9256492257118,24.9597553014755,-10.));
#6387=CARTESIAN_POINT('Ctrl Pts',(13.9256492257118,24.9597553014755,-10.));
#6388=CARTESIAN_POINT('Ctrl Pts',(13.6830413337079,24.8146238168447,-10.));
#6389=CARTESIAN_POINT('Ctrl Pts',(13.1714534948389,24.5085847100339,-10.));
#6390=CARTESIAN_POINT('Ctrl Pts',(12.5749059100654,24.4779234938279,-10.));
#6391=CARTESIAN_POINT('Ctrl Pts',(12.2612562775612,24.4618026018143,-10.));
#6392=CARTESIAN_POINT('',(13.9256492257118,24.9597553014755,-9.3));
#6393=CARTESIAN_POINT('',(13.9256492257118,24.9597553014755,-10.));
#6394=CARTESIAN_POINT('Ctrl Pts',(13.9256492257118,24.9597553014755,-9.3));
#6395=CARTESIAN_POINT('Ctrl Pts',(13.6830413337079,24.8146238168447,-9.3));
#6396=CARTESIAN_POINT('Ctrl Pts',(13.1714534948389,24.5085847100339,-9.3));
#6397=CARTESIAN_POINT('Ctrl Pts',(12.5749059100654,24.4779234938279,-9.3));
#6398=CARTESIAN_POINT('Ctrl Pts',(12.2612562775612,24.4618026018143,-9.3));
#6399=CARTESIAN_POINT('Ctrl Pts',(14.9351993203163,26.5491143465042,-10.));
#6400=CARTESIAN_POINT('Ctrl Pts',(14.9351993203163,26.5491143465042,-9.3));
#6401=CARTESIAN_POINT('Ctrl Pts',(14.8172594202389,26.2189537054656,-10.));
#6402=CARTESIAN_POINT('Ctrl Pts',(14.8172594202389,26.2189537054656,-9.3));
#6403=CARTESIAN_POINT('Ctrl Pts',(14.6001116488062,25.6110708145249,-10.));
#6404=CARTESIAN_POINT('Ctrl Pts',(14.6001116488062,25.6110708145249,-9.3));
#6405=CARTESIAN_POINT('Ctrl Pts',(14.1371579590937,25.1640052559282,-10.));
#6406=CARTESIAN_POINT('Ctrl Pts',(14.1371579590937,25.1640052559282,-9.3));
#6407=CARTESIAN_POINT('Ctrl Pts',(13.9256492257118,24.9597553014755,-10.));
#6408=CARTESIAN_POINT('Ctrl Pts',(13.9256492257118,24.9597553014755,-9.3));
#6409=CARTESIAN_POINT('',(14.9351993203163,26.5491143465042,-10.));
#6410=CARTESIAN_POINT('Ctrl Pts',(14.9351993203163,26.5491143465042,-10.));
#6411=CARTESIAN_POINT('Ctrl Pts',(14.8172594202389,26.2189537054656,-10.));
#6412=CARTESIAN_POINT('Ctrl Pts',(14.6001116488062,25.6110708145249,-10.));
#6413=CARTESIAN_POINT('Ctrl Pts',(14.1371579590937,25.1640052559282,-10.));
#6414=CARTESIAN_POINT('Ctrl Pts',(13.9256492257118,24.9597553014755,-10.));
#6415=CARTESIAN_POINT('',(14.9351993203163,26.5491143465042,-9.3));
#6416=CARTESIAN_POINT('',(14.9351993203163,26.5491143465042,-10.));
#6417=CARTESIAN_POINT('Ctrl Pts',(14.9351993203163,26.5491143465042,-9.3));
#6418=CARTESIAN_POINT('Ctrl Pts',(14.8172594202389,26.2189537054656,-9.3));
#6419=CARTESIAN_POINT('Ctrl Pts',(14.6001116488062,25.6110708145249,-9.3));
#6420=CARTESIAN_POINT('Ctrl Pts',(14.1371579590937,25.1640052559282,-9.3));
#6421=CARTESIAN_POINT('Ctrl Pts',(13.9256492257118,24.9597553014755,-9.3));
#6422=CARTESIAN_POINT('Origin',(16.238064467907,26.2421563863754,-10.));
#6423=CARTESIAN_POINT('',(16.238064467907,26.2421563863754,-10.));
#6424=CARTESIAN_POINT('',(21.6135704348999,24.9756750860354,-10.));
#6425=CARTESIAN_POINT('',(16.238064467907,26.2421563863754,-9.3));
#6426=CARTESIAN_POINT('',(16.238064467907,26.2421563863754,-10.));
#6427=CARTESIAN_POINT('',(16.238064467907,26.2421563863754,-9.3));
#6428=CARTESIAN_POINT('Ctrl Pts',(14.8124161362648,24.0934530496597,-10.));
#6429=CARTESIAN_POINT('Ctrl Pts',(14.8124161362648,24.0934530496597,-9.3));
#6430=CARTESIAN_POINT('Ctrl Pts',(15.1296245439086,24.3811283349867,-10.));
#6431=CARTESIAN_POINT('Ctrl Pts',(15.1296245439086,24.3811283349867,-9.3));
#6432=CARTESIAN_POINT('Ctrl Pts',(15.7855791355815,24.976011445818,-10.));
#6433=CARTESIAN_POINT('Ctrl Pts',(15.7855791355815,24.976011445818,-9.3));
#6434=CARTESIAN_POINT('Ctrl Pts',(16.0839702082074,25.8109696641786,-10.));
#6435=CARTESIAN_POINT('Ctrl Pts',(16.0839702082074,25.8109696641786,-9.3));
#6436=CARTESIAN_POINT('Ctrl Pts',(16.238064467907,26.2421563863754,-10.));
#6437=CARTESIAN_POINT('Ctrl Pts',(16.238064467907,26.2421563863754,-9.3));
#6438=CARTESIAN_POINT('',(14.8124161362648,24.0934530496597,-10.));
#6439=CARTESIAN_POINT('Ctrl Pts',(14.8124161362648,24.0934530496597,-10.));
#6440=CARTESIAN_POINT('Ctrl Pts',(15.1296245439086,24.3811283349867,-10.));
#6441=CARTESIAN_POINT('Ctrl Pts',(15.7855791355815,24.976011445818,-10.));
#6442=CARTESIAN_POINT('Ctrl Pts',(16.0839702082074,25.8109696641786,-10.));
#6443=CARTESIAN_POINT('Ctrl Pts',(16.238064467907,26.2421563863754,-10.));
#6444=CARTESIAN_POINT('',(14.8124161362648,24.0934530496597,-9.3));
#6445=CARTESIAN_POINT('',(14.8124161362648,24.0934530496597,-10.));
#6446=CARTESIAN_POINT('Ctrl Pts',(14.8124161362648,24.0934530496597,-9.3));
#6447=CARTESIAN_POINT('Ctrl Pts',(15.1296245439086,24.3811283349867,-9.3));
#6448=CARTESIAN_POINT('Ctrl Pts',(15.7855791355815,24.976011445818,-9.3));
#6449=CARTESIAN_POINT('Ctrl Pts',(16.0839702082074,25.8109696641786,-9.3));
#6450=CARTESIAN_POINT('Ctrl Pts',(16.238064467907,26.2421563863754,-9.3));
#6451=CARTESIAN_POINT('Ctrl Pts',(12.2885414958,23.3294693231583,-10.));
#6452=CARTESIAN_POINT('Ctrl Pts',(12.2885414958,23.3294693231583,-9.3));
#6453=CARTESIAN_POINT('Ctrl Pts',(12.7607016901759,23.355385150594,-10.));
#6454=CARTESIAN_POINT('Ctrl Pts',(12.7607016901759,23.355385150594,-9.3));
#6455=CARTESIAN_POINT('Ctrl Pts',(13.66565596094,23.4050560864282,-10.));
#6456=CARTESIAN_POINT('Ctrl Pts',(13.66565596094,23.4050560864282,-9.3));
#6457=CARTESIAN_POINT('Ctrl Pts',(14.4414113714486,23.8707399149177,-10.));
#6458=CARTESIAN_POINT('Ctrl Pts',(14.4414113714486,23.8707399149177,-9.3));
#6459=CARTESIAN_POINT('Ctrl Pts',(14.8124161362648,24.0934530496597,-10.));
#6460=CARTESIAN_POINT('Ctrl Pts',(14.8124161362648,24.0934530496597,-9.3));
#6461=CARTESIAN_POINT('',(12.2885414958,23.3294693231583,-10.));
#6462=CARTESIAN_POINT('Ctrl Pts',(12.2885414958,23.3294693231583,-10.));
#6463=CARTESIAN_POINT('Ctrl Pts',(12.7607016901759,23.355385150594,-10.));
#6464=CARTESIAN_POINT('Ctrl Pts',(13.66565596094,23.4050560864282,-10.));
#6465=CARTESIAN_POINT('Ctrl Pts',(14.4414113714486,23.8707399149177,-10.));
#6466=CARTESIAN_POINT('Ctrl Pts',(14.8124161362648,24.0934530496597,-10.));
#6467=CARTESIAN_POINT('',(12.2885414958,23.3294693231583,-9.3));
#6468=CARTESIAN_POINT('',(12.2885414958,23.3294693231583,-10.));
#6469=CARTESIAN_POINT('Ctrl Pts',(12.2885414958,23.3294693231583,-9.3));
#6470=CARTESIAN_POINT('Ctrl Pts',(12.7607016901759,23.355385150594,-9.3));
#6471=CARTESIAN_POINT('Ctrl Pts',(13.66565596094,23.4050560864282,-9.3));
#6472=CARTESIAN_POINT('Ctrl Pts',(14.4414113714486,23.8707399149177,-9.3));
#6473=CARTESIAN_POINT('Ctrl Pts',(14.8124161362648,24.0934530496597,-9.3));
#6474=CARTESIAN_POINT('Ctrl Pts',(9.86357569694519,23.9331523180008,-10.));
#6475=CARTESIAN_POINT('Ctrl Pts',(9.86357569694519,23.9331523180008,-9.3));
#6476=CARTESIAN_POINT('Ctrl Pts',(10.2429562242225,23.7570876416496,-10.));
#6477=CARTESIAN_POINT('Ctrl Pts',(10.2429562242225,23.7570876416496,-9.3));
#6478=CARTESIAN_POINT('Ctrl Pts',(11.0122107650323,23.4000884231306,-10.));
#6479=CARTESIAN_POINT('Ctrl Pts',(11.0122107650323,23.4000884231306,-9.3));
#6480=CARTESIAN_POINT('Ctrl Pts',(11.8592464165484,23.3532221259299,-10.));
#6481=CARTESIAN_POINT('Ctrl Pts',(11.8592464165484,23.3532221259299,-9.3));
#6482=CARTESIAN_POINT('Ctrl Pts',(12.2885414958,23.3294693231583,-10.));
#6483=CARTESIAN_POINT('Ctrl Pts',(12.2885414958,23.3294693231583,-9.3));
#6484=CARTESIAN_POINT('',(9.86357569694519,23.9331523180008,-10.));
#6485=CARTESIAN_POINT('Ctrl Pts',(9.86357569694519,23.9331523180008,-10.));
#6486=CARTESIAN_POINT('Ctrl Pts',(10.2429562242225,23.7570876416496,-10.));
#6487=CARTESIAN_POINT('Ctrl Pts',(11.0122107650323,23.4000884231306,-10.));
#6488=CARTESIAN_POINT('Ctrl Pts',(11.8592464165484,23.3532221259299,-10.));
#6489=CARTESIAN_POINT('Ctrl Pts',(12.2885414958,23.3294693231583,-10.));
#6490=CARTESIAN_POINT('',(9.86357569694519,23.9331523180008,-9.3));
#6491=CARTESIAN_POINT('',(9.86357569694519,23.9331523180008,-10.));
#6492=CARTESIAN_POINT('Ctrl Pts',(9.86357569694519,23.9331523180008,-9.3));
#6493=CARTESIAN_POINT('Ctrl Pts',(10.2429562242225,23.7570876416496,-9.3));
#6494=CARTESIAN_POINT('Ctrl Pts',(11.0122107650323,23.4000884231306,-9.3));
#6495=CARTESIAN_POINT('Ctrl Pts',(11.8592464165484,23.3532221259299,-9.3));
#6496=CARTESIAN_POINT('Ctrl Pts',(12.2885414958,23.3294693231583,-9.3));
#6497=CARTESIAN_POINT('Ctrl Pts',(8.16507637500763,25.6998649835587,-10.));
#6498=CARTESIAN_POINT('Ctrl Pts',(8.16507637500763,25.6998649835587,-9.3));
#6499=CARTESIAN_POINT('Ctrl Pts',(8.38307156602766,25.3365939362822,-10.));
#6500=CARTESIAN_POINT('Ctrl Pts',(8.38307156602766,25.3365939362822,-9.3));
#6501=CARTESIAN_POINT('Ctrl Pts',(8.81447101448246,24.6177022547667,-10.));
#6502=CARTESIAN_POINT('Ctrl Pts',(8.81447101448246,24.6177022547667,-9.3));
#6503=CARTESIAN_POINT('Ctrl Pts',(9.5163639739241,24.15971098942,-10.));
#6504=CARTESIAN_POINT('Ctrl Pts',(9.5163639739241,24.15971098942,-9.3));
#6505=CARTESIAN_POINT('Ctrl Pts',(9.86357569694519,23.9331523180008,-10.));
#6506=CARTESIAN_POINT('Ctrl Pts',(9.86357569694519,23.9331523180008,-9.3));
#6507=CARTESIAN_POINT('',(8.16507637500763,25.6998649835587,-10.));
#6508=CARTESIAN_POINT('Ctrl Pts',(8.16507637500763,25.6998649835587,-10.));
#6509=CARTESIAN_POINT('Ctrl Pts',(8.38307156602766,25.3365939362822,-10.));
#6510=CARTESIAN_POINT('Ctrl Pts',(8.81447101448246,24.6177022547667,-10.));
#6511=CARTESIAN_POINT('Ctrl Pts',(9.5163639739241,24.15971098942,-10.));
#6512=CARTESIAN_POINT('Ctrl Pts',(9.86357569694519,23.9331523180008,-10.));
#6513=CARTESIAN_POINT('',(8.16507637500763,25.6998649835587,-9.3));
#6514=CARTESIAN_POINT('',(8.16507637500763,25.6998649835587,-10.));
#6515=CARTESIAN_POINT('Ctrl Pts',(8.16507637500763,25.6998649835587,-9.3));
#6516=CARTESIAN_POINT('Ctrl Pts',(8.38307156602766,25.3365939362822,-9.3));
#6517=CARTESIAN_POINT('Ctrl Pts',(8.81447101448246,24.6177022547667,-9.3));
#6518=CARTESIAN_POINT('Ctrl Pts',(9.5163639739241,24.15971098942,-9.3));
#6519=CARTESIAN_POINT('Ctrl Pts',(9.86357569694519,23.9331523180008,-9.3));
#6520=CARTESIAN_POINT('Ctrl Pts',(7.56821408867836,28.4249666929245,-10.));
#6521=CARTESIAN_POINT('Ctrl Pts',(7.56821408867836,28.4249666929245,-9.3));
#6522=CARTESIAN_POINT('Ctrl Pts',(7.58814084390585,27.9308256301665,-10.));
#6523=CARTESIAN_POINT('Ctrl Pts',(7.58814084390585,27.9308256301665,-9.3));
#6524=CARTESIAN_POINT('Ctrl Pts',(7.6262303639052,26.9862867086242,-10.));
#6525=CARTESIAN_POINT('Ctrl Pts',(7.6262303639052,26.9862867086242,-9.3));
#6526=CARTESIAN_POINT('Ctrl Pts',(7.99109351568536,26.11522544909,-10.));
#6527=CARTESIAN_POINT('Ctrl Pts',(7.99109351568536,26.11522544909,-9.3));
#6528=CARTESIAN_POINT('Ctrl Pts',(8.16507637500763,25.6998649835587,-10.));
#6529=CARTESIAN_POINT('Ctrl Pts',(8.16507637500763,25.6998649835587,-9.3));
#6530=CARTESIAN_POINT('',(7.56821408867836,28.4249666929245,-10.));
#6531=CARTESIAN_POINT('Ctrl Pts',(7.56821408867836,28.4249666929245,-10.));
#6532=CARTESIAN_POINT('Ctrl Pts',(7.58814084390585,27.9308256301665,-10.));
#6533=CARTESIAN_POINT('Ctrl Pts',(7.6262303639052,26.9862867086242,-10.));
#6534=CARTESIAN_POINT('Ctrl Pts',(7.99109351568536,26.11522544909,-10.));
#6535=CARTESIAN_POINT('Ctrl Pts',(8.16507637500763,25.6998649835587,-10.));
#6536=CARTESIAN_POINT('',(7.56821408867836,28.4249666929245,-9.3));
#6537=CARTESIAN_POINT('',(7.56821408867836,28.4249666929245,-10.));
#6538=CARTESIAN_POINT('Ctrl Pts',(7.56821408867836,28.4249666929245,-9.3));
#6539=CARTESIAN_POINT('Ctrl Pts',(7.58814084390585,27.9308256301665,-9.3));
#6540=CARTESIAN_POINT('Ctrl Pts',(7.6262303639052,26.9862867086242,-9.3));
#6541=CARTESIAN_POINT('Ctrl Pts',(7.99109351568536,26.11522544909,-9.3));
#6542=CARTESIAN_POINT('Ctrl Pts',(8.16507637500763,25.6998649835587,-9.3));
#6543=CARTESIAN_POINT('Ctrl Pts',(8.09686347842217,31.1057308912277,-10.));
#6544=CARTESIAN_POINT('Ctrl Pts',(8.09686347842217,31.1057308912277,-9.3));
#6545=CARTESIAN_POINT('Ctrl Pts',(7.94268287301967,30.6786600523683,-10.));
#6546=CARTESIAN_POINT('Ctrl Pts',(7.94268287301967,30.6786600523683,-9.3));
#6547=CARTESIAN_POINT('Ctrl Pts',(7.62987873640692,29.8122117421339,-10.));
#6548=CARTESIAN_POINT('Ctrl Pts',(7.62987873640692,29.8122117421339,-9.3));
#6549=CARTESIAN_POINT('Ctrl Pts',(7.58896268881613,28.891739696248,-10.));
#6550=CARTESIAN_POINT('Ctrl Pts',(7.58896268881613,28.891739696248,-9.3));
#6551=CARTESIAN_POINT('Ctrl Pts',(7.56821408867836,28.4249666929245,-10.));
#6552=CARTESIAN_POINT('Ctrl Pts',(7.56821408867836,28.4249666929245,-9.3));
#6553=CARTESIAN_POINT('',(8.09686347842217,31.1057308912277,-10.));
#6554=CARTESIAN_POINT('Ctrl Pts',(8.09686347842217,31.1057308912277,-10.));
#6555=CARTESIAN_POINT('Ctrl Pts',(7.94268287301967,30.6786600523683,-10.));
#6556=CARTESIAN_POINT('Ctrl Pts',(7.62987873640692,29.8122117421339,-10.));
#6557=CARTESIAN_POINT('Ctrl Pts',(7.58896268881613,28.891739696248,-10.));
#6558=CARTESIAN_POINT('Ctrl Pts',(7.56821408867836,28.4249666929245,-10.));
#6559=CARTESIAN_POINT('',(8.09686347842217,31.1057308912277,-9.3));
#6560=CARTESIAN_POINT('',(8.09686347842217,31.1057308912277,-10.));
#6561=CARTESIAN_POINT('Ctrl Pts',(8.09686347842217,31.1057308912277,-9.3));
#6562=CARTESIAN_POINT('Ctrl Pts',(7.94268287301967,30.6786600523683,-9.3));
#6563=CARTESIAN_POINT('Ctrl Pts',(7.62987873640692,29.8122117421339,-9.3));
#6564=CARTESIAN_POINT('Ctrl Pts',(7.58896268881613,28.891739696248,-9.3));
#6565=CARTESIAN_POINT('Ctrl Pts',(7.56821408867836,28.4249666929245,-9.3));
#6566=CARTESIAN_POINT('Ctrl Pts',(9.63847309350968,33.0122784376145,-10.));
#6567=CARTESIAN_POINT('Ctrl Pts',(9.63847309350968,33.0122784376145,-9.3));
#6568=CARTESIAN_POINT('Ctrl Pts',(9.31848853345963,32.7622146938603,-10.));
#6569=CARTESIAN_POINT('Ctrl Pts',(9.31848853345963,32.7622146938603,-9.3));
#6570=CARTESIAN_POINT('Ctrl Pts',(8.65821496592025,32.2462195465475,-10.));
#6571=CARTESIAN_POINT('Ctrl Pts',(8.65821496592025,32.2462195465475,-9.3));
#6572=CARTESIAN_POINT('Ctrl Pts',(8.28777781531699,31.4936084335798,-10.));
#6573=CARTESIAN_POINT('Ctrl Pts',(8.28777781531699,31.4936084335798,-9.3));
#6574=CARTESIAN_POINT('Ctrl Pts',(8.09686347842217,31.1057308912277,-10.));
#6575=CARTESIAN_POINT('Ctrl Pts',(8.09686347842217,31.1057308912277,-9.3));
#6576=CARTESIAN_POINT('',(9.63847309350968,33.0122784376145,-10.));
#6577=CARTESIAN_POINT('Ctrl Pts',(9.63847309350968,33.0122784376145,-10.));
#6578=CARTESIAN_POINT('Ctrl Pts',(9.31848853345963,32.7622146938603,-10.));
#6579=CARTESIAN_POINT('Ctrl Pts',(8.65821496592025,32.2462195465475,-10.));
#6580=CARTESIAN_POINT('Ctrl Pts',(8.28777781531699,31.4936084335798,-10.));
#6581=CARTESIAN_POINT('Ctrl Pts',(8.09686347842217,31.1057308912277,-10.));
#6582=CARTESIAN_POINT('',(9.63847309350968,33.0122784376145,-9.3));
#6583=CARTESIAN_POINT('',(9.63847309350968,33.0122784376145,-10.));
#6584=CARTESIAN_POINT('Ctrl Pts',(9.63847309350968,33.0122784376145,-9.3));
#6585=CARTESIAN_POINT('Ctrl Pts',(9.31848853345963,32.7622146938603,-9.3));
#6586=CARTESIAN_POINT('Ctrl Pts',(8.65821496592025,32.2462195465475,-9.3));
#6587=CARTESIAN_POINT('Ctrl Pts',(8.28777781531699,31.4936084335798,-9.3));
#6588=CARTESIAN_POINT('Ctrl Pts',(8.09686347842217,31.1057308912277,-9.3));
#6589=CARTESIAN_POINT('Ctrl Pts',(12.2680774331093,33.6705318689346,-10.));
#6590=CARTESIAN_POINT('Ctrl Pts',(12.2680774331093,33.6705318689346,-9.3));
#6591=CARTESIAN_POINT('Ctrl Pts',(11.7698203976458,33.6525968433728,-10.));
#6592=CARTESIAN_POINT('Ctrl Pts',(11.7698203976458,33.6525968433728,-9.3));
#6593=CARTESIAN_POINT('Ctrl Pts',(10.8444754522482,33.6192885625699,-10.));
#6594=CARTESIAN_POINT('Ctrl Pts',(10.8444754522482,33.6192885625699,-9.3));
#6595=CARTESIAN_POINT('Ctrl Pts',(10.0193193771079,33.2039675736437,-10.));
#6596=CARTESIAN_POINT('Ctrl Pts',(10.0193193771079,33.2039675736437,-9.3));
#6597=CARTESIAN_POINT('Ctrl Pts',(9.63847309350968,33.0122784376145,-10.));
#6598=CARTESIAN_POINT('Ctrl Pts',(9.63847309350968,33.0122784376145,-9.3));
#6599=CARTESIAN_POINT('',(12.2680774331093,33.6705318689346,-10.));
#6600=CARTESIAN_POINT('Ctrl Pts',(12.2680774331093,33.6705318689346,-10.));
#6601=CARTESIAN_POINT('Ctrl Pts',(11.7698203976458,33.6525968433728,-10.));
#6602=CARTESIAN_POINT('Ctrl Pts',(10.8444754522482,33.6192885625699,-10.));
#6603=CARTESIAN_POINT('Ctrl Pts',(10.0193193771079,33.2039675736437,-10.));
#6604=CARTESIAN_POINT('Ctrl Pts',(9.63847309350968,33.0122784376145,-10.));
#6605=CARTESIAN_POINT('',(12.2680774331093,33.6705318689346,-9.3));
#6606=CARTESIAN_POINT('',(12.2680774331093,33.6705318689346,-10.));
#6607=CARTESIAN_POINT('Ctrl Pts',(12.2680774331093,33.6705318689346,-9.3));
#6608=CARTESIAN_POINT('Ctrl Pts',(11.7698203976458,33.6525968433728,-9.3));
#6609=CARTESIAN_POINT('Ctrl Pts',(10.8444754522482,33.6192885625699,-9.3));
#6610=CARTESIAN_POINT('Ctrl Pts',(10.0193193771079,33.2039675736437,-9.3));
#6611=CARTESIAN_POINT('Ctrl Pts',(9.63847309350968,33.0122784376145,-9.3));
#6612=CARTESIAN_POINT('Ctrl Pts',(14.9113246798515,32.814461350441,-10.));
#6613=CARTESIAN_POINT('Ctrl Pts',(14.9113246798515,32.814461350441,-9.3));
#6614=CARTESIAN_POINT('Ctrl Pts',(14.5226166361631,33.064070113762,-10.));
#6615=CARTESIAN_POINT('Ctrl Pts',(14.5226166361631,33.064070113762,-9.3));
#6616=CARTESIAN_POINT('Ctrl Pts',(13.7179650941778,33.5807768800885,-10.));
#6617=CARTESIAN_POINT('Ctrl Pts',(13.7179650941778,33.5807768800885,-9.3));
#6618=CARTESIAN_POINT('Ctrl Pts',(12.7621572269637,33.6399459638488,-10.));
#6619=CARTESIAN_POINT('Ctrl Pts',(12.7621572269637,33.6399459638488,-9.3));
#6620=CARTESIAN_POINT('Ctrl Pts',(12.2680774331093,33.6705318689346,-10.));
#6621=CARTESIAN_POINT('Ctrl Pts',(12.2680774331093,33.6705318689346,-9.3));
#6622=CARTESIAN_POINT('',(14.9113246798515,32.814461350441,-10.));
#6623=CARTESIAN_POINT('Ctrl Pts',(14.9113246798515,32.814461350441,-10.));
#6624=CARTESIAN_POINT('Ctrl Pts',(14.5226166361631,33.064070113762,-10.));
#6625=CARTESIAN_POINT('Ctrl Pts',(13.7179650941778,33.5807768800885,-10.));
#6626=CARTESIAN_POINT('Ctrl Pts',(12.7621572269637,33.6399459638488,-10.));
#6627=CARTESIAN_POINT('Ctrl Pts',(12.2680774331093,33.6705318689346,-10.));
#6628=CARTESIAN_POINT('',(14.9113246798515,32.814461350441,-9.3));
#6629=CARTESIAN_POINT('',(14.9113246798515,32.814461350441,-10.));
#6630=CARTESIAN_POINT('Ctrl Pts',(14.9113246798515,32.814461350441,-9.3));
#6631=CARTESIAN_POINT('Ctrl Pts',(14.5226166361631,33.064070113762,-9.3));
#6632=CARTESIAN_POINT('Ctrl Pts',(13.7179650941778,33.5807768800885,-9.3));
#6633=CARTESIAN_POINT('Ctrl Pts',(12.7621572269637,33.6399459638488,-9.3));
#6634=CARTESIAN_POINT('Ctrl Pts',(12.2680774331093,33.6705318689346,-9.3));
#6635=CARTESIAN_POINT('Ctrl Pts',(16.4085963368416,30.3281048536301,-10.));
#6636=CARTESIAN_POINT('Ctrl Pts',(16.4085963368416,30.3281048536301,-9.3));
#6637=CARTESIAN_POINT('Ctrl Pts',(16.2527809870778,30.830555688173,-10.));
#6638=CARTESIAN_POINT('Ctrl Pts',(16.2527809870778,30.830555688173,-9.3));
#6639=CARTESIAN_POINT('Ctrl Pts',(15.95701869278,31.7842872160455,-10.));
#6640=CARTESIAN_POINT('Ctrl Pts',(15.95701869278,31.7842872160455,-9.3));
#6641=CARTESIAN_POINT('Ctrl Pts',(15.2471947257087,32.4835761875899,-10.));
#6642=CARTESIAN_POINT('Ctrl Pts',(15.2471947257087,32.4835761875899,-9.3));
#6643=CARTESIAN_POINT('Ctrl Pts',(14.9113246798515,32.814461350441,-10.));
#6644=CARTESIAN_POINT('Ctrl Pts',(14.9113246798515,32.814461350441,-9.3));
#6645=CARTESIAN_POINT('',(16.4085963368416,30.3281048536301,-10.));
#6646=CARTESIAN_POINT('Ctrl Pts',(16.4085963368416,30.3281048536301,-10.));
#6647=CARTESIAN_POINT('Ctrl Pts',(16.2527809870778,30.830555688173,-10.));
#6648=CARTESIAN_POINT('Ctrl Pts',(15.95701869278,31.7842872160455,-10.));
#6649=CARTESIAN_POINT('Ctrl Pts',(15.2471947257087,32.4835761875899,-10.));
#6650=CARTESIAN_POINT('Ctrl Pts',(14.9113246798515,32.814461350441,-10.));
#6651=CARTESIAN_POINT('',(16.4085963368416,30.3281048536301,-9.3));
#6652=CARTESIAN_POINT('',(16.4085963368416,30.3281048536301,-10.));
#6653=CARTESIAN_POINT('Ctrl Pts',(16.4085963368416,30.3281048536301,-9.3));
#6654=CARTESIAN_POINT('Ctrl Pts',(16.2527809870778,30.830555688173,-9.3));
#6655=CARTESIAN_POINT('Ctrl Pts',(15.95701869278,31.7842872160455,-9.3));
#6656=CARTESIAN_POINT('Ctrl Pts',(15.2471947257087,32.4835761875899,-9.3));
#6657=CARTESIAN_POINT('Ctrl Pts',(14.9113246798515,32.814461350441,-9.3));
#6658=CARTESIAN_POINT('Origin',(15.0852677226067,29.9938622713089,-10.));
#6659=CARTESIAN_POINT('',(15.0852677226067,29.9938622713089,-10.));
#6660=CARTESIAN_POINT('',(20.9186875192463,31.4672508730656,-10.));
#6661=CARTESIAN_POINT('',(15.0852677226067,29.9938622713089,-9.3));
#6662=CARTESIAN_POINT('',(15.0852677226067,29.9938622713089,-10.));
#6663=CARTESIAN_POINT('',(15.0852677226067,29.9938622713089,-9.3));
#6664=CARTESIAN_POINT('Ctrl Pts',(14.0416112542152,31.8969992399216,-10.));
#6665=CARTESIAN_POINT('Ctrl Pts',(14.0416112542152,31.8969992399216,-9.3));
#6666=CARTESIAN_POINT('Ctrl Pts',(14.2803244031116,31.6446548331885,-10.));
#6667=CARTESIAN_POINT('Ctrl Pts',(14.2803244031116,31.6446548331885,-9.3));
#6668=CARTESIAN_POINT('Ctrl Pts',(14.792724757602,31.1029948364036,-10.));
#6669=CARTESIAN_POINT('Ctrl Pts',(14.792724757602,31.1029948364036,-9.3));
#6670=CARTESIAN_POINT('Ctrl Pts',(14.9834148620936,30.3800220425454,-10.));
#6671=CARTESIAN_POINT('Ctrl Pts',(14.9834148620936,30.3800220425454,-9.3));
#6672=CARTESIAN_POINT('Ctrl Pts',(15.0852677226067,29.9938622713089,-10.));
#6673=CARTESIAN_POINT('Ctrl Pts',(15.0852677226067,29.9938622713089,-9.3));
#6674=CARTESIAN_POINT('Ctrl Pts',(14.0416112542152,31.8969992399216,-10.));
#6675=CARTESIAN_POINT('Ctrl Pts',(14.2803244031116,31.6446548331885,-10.));
#6676=CARTESIAN_POINT('Ctrl Pts',(14.792724757602,31.1029948364036,-10.));
#6677=CARTESIAN_POINT('Ctrl Pts',(14.9834148620936,30.3800220425454,-10.));
#6678=CARTESIAN_POINT('Ctrl Pts',(15.0852677226067,29.9938622713089,-10.));
#6679=CARTESIAN_POINT('Ctrl Pts',(14.0416112542152,31.8969992399216,-9.3));
#6680=CARTESIAN_POINT('Ctrl Pts',(14.2803244031116,31.6446548331885,-9.3));
#6681=CARTESIAN_POINT('Ctrl Pts',(14.792724757602,31.1029948364036,-9.3));
#6682=CARTESIAN_POINT('Ctrl Pts',(14.9834148620936,30.3800220425454,-9.3));
#6683=CARTESIAN_POINT('Ctrl Pts',(15.0852677226067,29.9938622713089,-9.3));
#6684=CARTESIAN_POINT('Origin',(27.5000008195639,28.5000005960465,-9.3));
#6685=CARTESIAN_POINT('Origin',(28.,28.,-10.));
#6686=CARTESIAN_POINT('Origin',(28.,28.,-10.));
#6687=CARTESIAN_POINT('Origin',(51.,51.,-10.));
#6688=CARTESIAN_POINT('',(51.,54.,-10.));
#6689=CARTESIAN_POINT('Origin',(51.,51.,-10.));
#6690=CARTESIAN_POINT('',(51.,54.,-7.));
#6691=CARTESIAN_POINT('',(51.,54.,-10.));
#6692=CARTESIAN_POINT('Origin',(51.,51.,-7.));
#6693=CARTESIAN_POINT('Origin',(51.,51.,-7.));
#6694=CARTESIAN_POINT('',(51.,53.35,-7.));
#6695=CARTESIAN_POINT('Origin',(51.,51.,-7.));
#6696=CARTESIAN_POINT('Origin',(4.99999999999999,5.,-10.));
#6697=CARTESIAN_POINT('',(4.99999999999999,8.,-10.));
#6698=CARTESIAN_POINT('Origin',(4.99999999999999,5.,-10.));
#6699=CARTESIAN_POINT('',(4.99999999999999,8.,-7.));
#6700=CARTESIAN_POINT('',(4.99999999999999,8.,-10.));
#6701=CARTESIAN_POINT('Origin',(4.99999999999999,5.,-7.));
#6702=CARTESIAN_POINT('Origin',(4.99999999999999,5.,-7.));
#6703=CARTESIAN_POINT('',(4.99999999999999,7.35,-7.));
#6704=CARTESIAN_POINT('Origin',(4.99999999999999,5.,-7.));
#6705=CARTESIAN_POINT('Origin',(51.,51.,-10.));
#6706=CARTESIAN_POINT('',(51.,53.35,-3.));
#6707=CARTESIAN_POINT('',(51.,53.35,-10.));
#6708=CARTESIAN_POINT('Origin',(51.,51.,-3.));
#6709=CARTESIAN_POINT('Origin',(4.99999999999999,5.,-10.));
#6710=CARTESIAN_POINT('',(4.99999999999999,7.35,-3.));
#6711=CARTESIAN_POINT('',(4.99999999999999,7.35,-10.));
#6712=CARTESIAN_POINT('Origin',(4.99999999999999,5.,-3.));
#6713=CARTESIAN_POINT('Origin',(28.,28.,-7.));
#6714=CARTESIAN_POINT('',(51.,7.99999928474437,-7.));
#6715=CARTESIAN_POINT('Origin',(51.,4.99999999999999,-7.));
#6716=CARTESIAN_POINT('',(51.,7.34999999999999,-7.));
#6717=CARTESIAN_POINT('Origin',(51.,4.99999999999999,-7.));
#6718=CARTESIAN_POINT('Origin',(28.,28.,-7.));
#6719=CARTESIAN_POINT('',(5.,54.,-7.));
#6720=CARTESIAN_POINT('Origin',(5.,51.,-7.));
#6721=CARTESIAN_POINT('',(5.,53.35,-7.));
#6722=CARTESIAN_POINT('Origin',(5.,51.,-7.));
#6723=CARTESIAN_POINT('Origin',(2.,16.5,-10.));
#6724=CARTESIAN_POINT('',(4.44089209850063E-16,18.,-10.));
#6725=CARTESIAN_POINT('',(2.,20.,-8.));
#6726=CARTESIAN_POINT('Origin',(2.,18.,-10.));
#6727=CARTESIAN_POINT('',(2.,36.,-8.));
#6728=CARTESIAN_POINT('',(2.,16.5,-8.));
#6729=CARTESIAN_POINT('',(4.88498130835069E-15,38.,-10.));
#6730=CARTESIAN_POINT('Origin',(2.00000000000001,38.,-10.));
#6731=CARTESIAN_POINT('',(-2.44249065417534E-15,5.00000000000001,-10.));
#6732=CARTESIAN_POINT('Origin',(28.,28.,-8.));
#6733=CARTESIAN_POINT('',(6.53553427471766,20.,-8.));
#6734=CARTESIAN_POINT('',(8.88178419700121E-16,20.,-8.));
#6735=CARTESIAN_POINT('',(8.53553427471766,18.,-8.));
#6736=CARTESIAN_POINT('Origin',(6.53553427471766,18.,-8.));
#6737=CARTESIAN_POINT('',(8.53553427471766,13.0355335371478,-8.));
#6738=CARTESIAN_POINT('',(8.53553427471766,13.0355335371478,-8.));
#6739=CARTESIAN_POINT('',(13.0355342747177,8.53553353714777,-8.));
#6740=CARTESIAN_POINT('Origin',(13.0355342747177,13.0355335371478,-8.));
#6741=CARTESIAN_POINT('',(42.9644665857806,8.53553353714775,-8.));
#6742=CARTESIAN_POINT('',(42.9644665857806,8.53553353714775,-8.));
#6743=CARTESIAN_POINT('',(47.4644665857806,13.0355335371478,-8.));
#6744=CARTESIAN_POINT('Origin',(42.9644665857806,13.0355335371478,-8.));
#6745=CARTESIAN_POINT('',(47.4644665857806,43.464465602354,-8.));
#6746=CARTESIAN_POINT('',(47.4644665857806,43.464465602354,-8.));
#6747=CARTESIAN_POINT('',(43.4644665857806,47.464465602354,-8.));
#6748=CARTESIAN_POINT('Origin',(43.4644665857806,43.464465602354,-8.));
#6749=CARTESIAN_POINT('',(13.0355342747177,47.464465602354,-8.));
#6750=CARTESIAN_POINT('',(13.0355342747177,47.464465602354,-8.));
#6751=CARTESIAN_POINT('',(8.53553427471767,42.964465602354,-8.));
#6752=CARTESIAN_POINT('Origin',(13.0355342747177,42.964465602354,-8.));
#6753=CARTESIAN_POINT('',(8.53553427471767,38.,-8.));
#6754=CARTESIAN_POINT('',(8.53553427471766,13.0355335371478,-8.));
#6755=CARTESIAN_POINT('',(6.53553427471767,36.,-8.));
#6756=CARTESIAN_POINT('Origin',(6.53553427471767,38.,-8.));
#6757=CARTESIAN_POINT('',(4.44089209850063E-15,36.,-8.));
#6758=CARTESIAN_POINT('Origin',(-2.44249065417535E-15,5.00000000000001,
-3.));
#6759=CARTESIAN_POINT('',(4.44089209850058E-16,18.,-3.));
#6760=CARTESIAN_POINT('',(4.44089209850063E-16,18.,-3.));
#6761=CARTESIAN_POINT('',(-6.32827124036339E-15,5.,-10.));
#6762=CARTESIAN_POINT('',(-2.44249065417534E-15,5.00000000000001,-10.));
#6763=CARTESIAN_POINT('',(-2.44249065417535E-15,5.00000000000001,-3.));
#6764=CARTESIAN_POINT('',(-2.44249065417535E-15,5.00000000000001,-3.));
#6765=CARTESIAN_POINT('',(-2.44249065417535E-15,5.00000000000001,-3.));
#6766=CARTESIAN_POINT('Origin',(2.00000000000001,38.,-3.));
#6767=CARTESIAN_POINT('',(2.,36.,-3.));
#6768=CARTESIAN_POINT('',(4.88498130835069E-15,38.,-3.));
#6769=CARTESIAN_POINT('Origin',(2.00000000000001,38.,-3.));
#6770=CARTESIAN_POINT('',(4.88498130835069E-15,38.,-3.));
#6771=CARTESIAN_POINT('',(2.,36.,-3.));
#6772=CARTESIAN_POINT('Origin',(-2.44249065417535E-15,5.00000000000001,
-3.));
#6773=CARTESIAN_POINT('',(7.7715611723761E-15,51.,-3.));
#6774=CARTESIAN_POINT('',(-2.44249065417535E-15,5.00000000000001,-3.));
#6775=CARTESIAN_POINT('',(7.7715611723761E-15,51.,-10.));
#6776=CARTESIAN_POINT('',(7.7715611723761E-15,51.,-3.));
#6777=CARTESIAN_POINT('',(-2.44249065417534E-15,5.00000000000001,-10.));
#6778=CARTESIAN_POINT('Origin',(28.,28.,-3.));
#6779=CARTESIAN_POINT('',(6.53553427471767,36.,-3.));
#6780=CARTESIAN_POINT('',(14.,36.,-3.));
#6781=CARTESIAN_POINT('',(8.53553427471767,38.,-3.));
#6782=CARTESIAN_POINT('Origin',(6.53553427471767,38.,-3.));
#6783=CARTESIAN_POINT('',(8.53553427471767,42.964465602354,-3.));
#6784=CARTESIAN_POINT('',(8.53553427471766,13.0355335371478,-3.));
#6785=CARTESIAN_POINT('',(13.0355342747177,47.464465602354,-3.));
#6786=CARTESIAN_POINT('Origin',(13.0355342747177,42.964465602354,-3.));
#6787=CARTESIAN_POINT('',(43.4644665857806,47.464465602354,-3.));
#6788=CARTESIAN_POINT('',(13.0355342747177,47.464465602354,-3.));
#6789=CARTESIAN_POINT('',(47.4644665857806,43.464465602354,-3.));
#6790=CARTESIAN_POINT('Origin',(43.4644665857806,43.464465602354,-3.));
#6791=CARTESIAN_POINT('',(47.4644665857806,13.0355335371478,-3.));
#6792=CARTESIAN_POINT('',(47.4644665857806,43.464465602354,-3.));
#6793=CARTESIAN_POINT('',(42.9644665857806,8.53553353714775,-3.));
#6794=CARTESIAN_POINT('Origin',(42.9644665857806,13.0355335371478,-3.));
#6795=CARTESIAN_POINT('',(13.0355342747177,8.53553353714777,-3.));
#6796=CARTESIAN_POINT('',(42.9644665857806,8.53553353714775,-3.));
#6797=CARTESIAN_POINT('',(8.53553427471766,13.0355335371478,-3.));
#6798=CARTESIAN_POINT('Origin',(13.0355342747177,13.0355335371478,-3.));
#6799=CARTESIAN_POINT('',(8.53553427471766,18.,-3.));
#6800=CARTESIAN_POINT('',(8.53553427471766,13.0355335371478,-3.));
#6801=CARTESIAN_POINT('',(6.53553427471766,20.,-3.));
#6802=CARTESIAN_POINT('Origin',(6.53553427471766,18.,-3.));
#6803=CARTESIAN_POINT('',(2.,20.,-3.));
#6804=CARTESIAN_POINT('',(18.2677671373588,20.,-3.));
#6805=CARTESIAN_POINT('Origin',(2.,18.,-3.));
#6806=CARTESIAN_POINT('',(5.,0.,-3.));
#6807=CARTESIAN_POINT('Origin',(4.99999999999999,5.,-3.));
#6808=CARTESIAN_POINT('',(51.,0.,-3.));
#6809=CARTESIAN_POINT('',(51.,0.,-3.));
#6810=CARTESIAN_POINT('',(56.,5.,-3.));
#6811=CARTESIAN_POINT('Origin',(51.,4.99999999999999,-3.));
#6812=CARTESIAN_POINT('',(56.,51.,-3.));
#6813=CARTESIAN_POINT('',(56.,51.,-3.));
#6814=CARTESIAN_POINT('',(51.,56.,-3.));
#6815=CARTESIAN_POINT('Origin',(51.,51.,-3.));
#6816=CARTESIAN_POINT('',(5.00000000000001,56.,-3.));
#6817=CARTESIAN_POINT('',(5.00000000000001,56.,-3.));
#6818=CARTESIAN_POINT('Origin',(5.,51.,-3.));
#6819=CARTESIAN_POINT('',(51.,7.34999999999999,-3.));
#6820=CARTESIAN_POINT('Origin',(51.,4.99999999999999,-3.));
#6821=CARTESIAN_POINT('',(5.,53.35,-3.));
#6822=CARTESIAN_POINT('Origin',(5.,51.,-3.));
#6823=CARTESIAN_POINT('Origin',(2.,18.,-3.));
#6824=CARTESIAN_POINT('',(2.,20.,-3.));
#6825=CARTESIAN_POINT('Origin',(8.53553427471766,20.,-3.));
#6826=CARTESIAN_POINT('',(6.53553427471766,20.,-3.));
#6827=CARTESIAN_POINT('Origin',(6.53553427471766,18.,-3.));
#6828=CARTESIAN_POINT('',(8.53553427471766,18.,-3.));
#6829=CARTESIAN_POINT('Origin',(6.53553427471767,38.,-3.));
#6830=CARTESIAN_POINT('',(6.53553427471767,36.,-3.));
#6831=CARTESIAN_POINT('',(8.53553427471767,38.,-3.));
#6832=CARTESIAN_POINT('Origin',(8.53553427471767,42.964465602354,-3.));
#6833=CARTESIAN_POINT('',(8.53553427471767,42.964465602354,-3.));
#6834=CARTESIAN_POINT('Origin',(4.44089209850063E-15,36.,-3.));
#6835=CARTESIAN_POINT('Origin',(8.53553427471767,42.964465602354,-3.));
#6836=CARTESIAN_POINT('',(8.53553427471766,13.0355335371478,-3.));
#6837=CARTESIAN_POINT('Origin',(51.,4.99999999999999,-8.));
#6838=CARTESIAN_POINT('',(51.,7.99999928474437,-10.));
#6839=CARTESIAN_POINT('Origin',(51.,4.99999999999999,-10.));
#6840=CARTESIAN_POINT('',(51.,7.99999928474437,-8.));
#6841=CARTESIAN_POINT('Origin',(5.,51.,-8.));
#6842=CARTESIAN_POINT('',(5.,54.,-10.));
#6843=CARTESIAN_POINT('Origin',(5.,51.,-10.));
#6844=CARTESIAN_POINT('',(5.,54.,-8.));
#6845=CARTESIAN_POINT('Origin',(28.,28.,-10.));
#6846=CARTESIAN_POINT('',(5.,0.,-10.));
#6847=CARTESIAN_POINT('Origin',(4.99999999999999,5.,-10.));
#6848=CARTESIAN_POINT('',(5.00000000000001,56.,-10.));
#6849=CARTESIAN_POINT('Origin',(5.,51.,-10.));
#6850=CARTESIAN_POINT('',(51.,56.,-10.));
#6851=CARTESIAN_POINT('',(5.00000000000001,56.,-10.));
#6852=CARTESIAN_POINT('',(56.,51.,-10.));
#6853=CARTESIAN_POINT('Origin',(51.,51.,-10.));
#6854=CARTESIAN_POINT('',(56.,5.,-10.));
#6855=CARTESIAN_POINT('',(56.,51.,-10.));
#6856=CARTESIAN_POINT('',(51.,0.,-10.));
#6857=CARTESIAN_POINT('Origin',(51.,4.99999999999999,-10.));
#6858=CARTESIAN_POINT('',(51.,0.,-10.));
#6859=CARTESIAN_POINT('Origin',(13.0355342747177,42.964465602354,-3.));
#6860=CARTESIAN_POINT('',(13.0355342747177,47.464465602354,-3.));
#6861=CARTESIAN_POINT('Origin',(43.4644665857806,47.464465602354,-3.));
#6862=CARTESIAN_POINT('',(43.4644665857806,47.464465602354,-3.));
#6863=CARTESIAN_POINT('Origin',(43.4644665857806,43.464465602354,-3.));
#6864=CARTESIAN_POINT('',(47.4644665857806,43.464465602354,-3.));
#6865=CARTESIAN_POINT('Origin',(47.4644665857806,13.0355335371478,-3.));
#6866=CARTESIAN_POINT('',(47.4644665857806,13.0355335371478,-3.));
#6867=CARTESIAN_POINT('Origin',(42.9644665857806,13.0355335371478,-3.));
#6868=CARTESIAN_POINT('',(42.9644665857806,8.53553353714775,-3.));
#6869=CARTESIAN_POINT('Origin',(13.0355342747177,8.53553353714777,-3.));
#6870=CARTESIAN_POINT('',(13.0355342747177,8.53553353714777,-3.));
#6871=CARTESIAN_POINT('Origin',(13.0355342747177,13.0355335371478,-3.));
#6872=CARTESIAN_POINT('Origin',(5.,51.,-3.));
#6873=CARTESIAN_POINT('',(5.,53.35,-3.));
#6874=CARTESIAN_POINT('Origin',(51.,4.99999999999999,-3.));
#6875=CARTESIAN_POINT('',(51.,7.34999999999999,-3.));
#6876=CARTESIAN_POINT('Origin',(4.99999999999999,5.,-3.));
#6877=CARTESIAN_POINT('',(5.,0.,-3.));
#6878=CARTESIAN_POINT('Origin',(51.,0.,-3.));
#6879=CARTESIAN_POINT('',(51.,0.,-3.));
#6880=CARTESIAN_POINT('Origin',(51.,4.99999999999999,-3.));
#6881=CARTESIAN_POINT('',(56.,5.,-3.));
#6882=CARTESIAN_POINT('Origin',(56.,51.,-3.));
#6883=CARTESIAN_POINT('',(56.,51.,-3.));
#6884=CARTESIAN_POINT('Origin',(51.,51.,-3.));
#6885=CARTESIAN_POINT('',(51.,56.,-3.));
#6886=CARTESIAN_POINT('Origin',(5.00000000000001,56.,-3.));
#6887=CARTESIAN_POINT('',(5.00000000000001,56.,-3.));
#6888=CARTESIAN_POINT('Origin',(5.,51.,-3.));
#6889=CARTESIAN_POINT('Origin',(40.712825357914,29.182128071785,-9.3));
#6890=CARTESIAN_POINT('',(36.6678038239479,29.182128071785,-9.3));
#6891=CARTESIAN_POINT('',(40.712825357914,29.182128071785,-9.3));
#6892=CARTESIAN_POINT('',(36.6678038239479,29.182128071785,-9.3));
#6893=CARTESIAN_POINT('',(36.6678038239479,29.182128071785,-10.));
#6894=CARTESIAN_POINT('',(36.6678038239479,29.182128071785,-9.3));
#6895=CARTESIAN_POINT('',(40.712825357914,29.182128071785,-10.));
#6896=CARTESIAN_POINT('',(36.6678038239479,29.182128071785,-10.));
#6897=CARTESIAN_POINT('',(40.712825357914,29.182128071785,-9.3));
#6898=CARTESIAN_POINT('Ctrl Pts',(40.2489772439003,27.8110507726669,-9.3));
#6899=CARTESIAN_POINT('Ctrl Pts',(40.2489772439003,27.8110507726669,-10.));
#6900=CARTESIAN_POINT('Ctrl Pts',(40.364747141014,27.9966690770873,-9.3));
#6901=CARTESIAN_POINT('Ctrl Pts',(40.364747141014,27.9966690770873,-10.));
#6902=CARTESIAN_POINT('Ctrl Pts',(40.6260112009304,28.4155637381064,-9.3));
#6903=CARTESIAN_POINT('Ctrl Pts',(40.6260112009304,28.4155637381064,-10.));
#6904=CARTESIAN_POINT('Ctrl Pts',(40.6817726283457,28.9079341410085,-9.3));
#6905=CARTESIAN_POINT('Ctrl Pts',(40.6817726283457,28.9079341410085,-10.));
#6906=CARTESIAN_POINT('Ctrl Pts',(40.712825357914,29.182128071785,-9.3));
#6907=CARTESIAN_POINT('Ctrl Pts',(40.712825357914,29.182128071785,-10.));
#6908=CARTESIAN_POINT('',(40.2489772439003,27.8110507726669,-9.3));
#6909=CARTESIAN_POINT('Ctrl Pts',(40.712825357914,29.182128071785,-9.3));
#6910=CARTESIAN_POINT('Ctrl Pts',(40.6817726283457,28.9079341410085,-9.3));
#6911=CARTESIAN_POINT('Ctrl Pts',(40.6260112009304,28.4155637381064,-9.3));
#6912=CARTESIAN_POINT('Ctrl Pts',(40.364747141014,27.9966690770873,-9.3));
#6913=CARTESIAN_POINT('Ctrl Pts',(40.2489772439003,27.8110507726669,-9.3));
#6914=CARTESIAN_POINT('',(40.2489772439003,27.8110507726669,-10.));
#6915=CARTESIAN_POINT('Ctrl Pts',(40.2489772439003,27.8110507726669,-10.));
#6916=CARTESIAN_POINT('Ctrl Pts',(40.364747141014,27.9966690770873,-10.));
#6917=CARTESIAN_POINT('Ctrl Pts',(40.6260112009304,28.4155637381064,-10.));
#6918=CARTESIAN_POINT('Ctrl Pts',(40.6817726283457,28.9079341410085,-10.));
#6919=CARTESIAN_POINT('Ctrl Pts',(40.712825357914,29.182128071785,-10.));
#6920=CARTESIAN_POINT('',(40.2489772439003,27.8110507726669,-9.3));
#6921=CARTESIAN_POINT('Ctrl Pts',(38.7278309464455,27.1016374826431,-9.3));
#6922=CARTESIAN_POINT('Ctrl Pts',(38.7278309464455,27.1016374826431,-10.));
#6923=CARTESIAN_POINT('Ctrl Pts',(39.0244106891616,27.1306772331741,-9.3));
#6924=CARTESIAN_POINT('Ctrl Pts',(39.0244106891616,27.1306772331741,-10.));
#6925=CARTESIAN_POINT('Ctrl Pts',(39.6149962320805,27.1885047053963,-9.3));
#6926=CARTESIAN_POINT('Ctrl Pts',(39.6149962320805,27.1885047053963,-10.));
#6927=CARTESIAN_POINT('Ctrl Pts',(40.0382651493916,27.6041392353857,-9.3));
#6928=CARTESIAN_POINT('Ctrl Pts',(40.0382651493916,27.6041392353857,-10.));
#6929=CARTESIAN_POINT('Ctrl Pts',(40.2489772439003,27.8110507726669,-9.3));
#6930=CARTESIAN_POINT('Ctrl Pts',(40.2489772439003,27.8110507726669,-10.));
#6931=CARTESIAN_POINT('',(38.7278309464455,27.1016374826431,-9.3));
#6932=CARTESIAN_POINT('Ctrl Pts',(40.2489772439003,27.8110507726669,-9.3));
#6933=CARTESIAN_POINT('Ctrl Pts',(40.0382651493916,27.6041392353857,-9.3));
#6934=CARTESIAN_POINT('Ctrl Pts',(39.6149962320805,27.1885047053963,-9.3));
#6935=CARTESIAN_POINT('Ctrl Pts',(39.0244106891616,27.1306772331741,-9.3));
#6936=CARTESIAN_POINT('Ctrl Pts',(38.7278309464455,27.1016374826431,-9.3));
#6937=CARTESIAN_POINT('',(38.7278309464455,27.1016374826431,-10.));
#6938=CARTESIAN_POINT('Ctrl Pts',(38.7278309464455,27.1016374826431,-10.));
#6939=CARTESIAN_POINT('Ctrl Pts',(39.0244106891616,27.1306772331741,-10.));
#6940=CARTESIAN_POINT('Ctrl Pts',(39.6149962320805,27.1885047053963,-10.));
#6941=CARTESIAN_POINT('Ctrl Pts',(40.0382651493916,27.6041392353857,-10.));
#6942=CARTESIAN_POINT('Ctrl Pts',(40.2489772439003,27.8110507726669,-10.));
#6943=CARTESIAN_POINT('',(38.7278309464455,27.1016374826431,-9.3));
#6944=CARTESIAN_POINT('Ctrl Pts',(37.3055949807167,27.6678041219711,-9.3));
#6945=CARTESIAN_POINT('Ctrl Pts',(37.3055949807167,27.6678041219711,-10.));
#6946=CARTESIAN_POINT('Ctrl Pts',(37.5107217066266,27.5026800055979,-9.3));
#6947=CARTESIAN_POINT('Ctrl Pts',(37.5107217066266,27.5026800055979,-10.));
#6948=CARTESIAN_POINT('Ctrl Pts',(37.9263086734802,27.1681383685999,-9.3));
#6949=CARTESIAN_POINT('Ctrl Pts',(37.9263086734802,27.1681383685999,-10.));
#6950=CARTESIAN_POINT('Ctrl Pts',(38.45838070597,27.1239932927276,-9.3));
#6951=CARTESIAN_POINT('Ctrl Pts',(38.45838070597,27.1239932927276,-10.));
#6952=CARTESIAN_POINT('Ctrl Pts',(38.7278309464455,27.1016374826431,-9.3));
#6953=CARTESIAN_POINT('Ctrl Pts',(38.7278309464455,27.1016374826431,-10.));
#6954=CARTESIAN_POINT('',(37.3055949807167,27.6678041219711,-9.3));
#6955=CARTESIAN_POINT('Ctrl Pts',(38.7278309464455,27.1016374826431,-9.3));
#6956=CARTESIAN_POINT('Ctrl Pts',(38.45838070597,27.1239932927276,-9.3));
#6957=CARTESIAN_POINT('Ctrl Pts',(37.9263086734802,27.1681383685999,-9.3));
#6958=CARTESIAN_POINT('Ctrl Pts',(37.5107217066266,27.5026800055979,-9.3));
#6959=CARTESIAN_POINT('Ctrl Pts',(37.3055949807167,27.6678041219711,-9.3));
#6960=CARTESIAN_POINT('',(37.3055949807167,27.6678041219711,-10.));
#6961=CARTESIAN_POINT('Ctrl Pts',(37.3055949807167,27.6678041219711,-10.));
#6962=CARTESIAN_POINT('Ctrl Pts',(37.5107217066266,27.5026800055979,-10.));
#6963=CARTESIAN_POINT('Ctrl Pts',(37.9263086734802,27.1681383685999,-10.));
#6964=CARTESIAN_POINT('Ctrl Pts',(38.45838070597,27.1239932927276,-10.));
#6965=CARTESIAN_POINT('Ctrl Pts',(38.7278309464455,27.1016374826431,-10.));
#6966=CARTESIAN_POINT('',(37.3055949807167,27.6678041219711,-9.3));
#6967=CARTESIAN_POINT('Ctrl Pts',(36.6678038239479,29.182128071785,-9.3));
#6968=CARTESIAN_POINT('Ctrl Pts',(36.6678038239479,29.182128071785,-10.));
#6969=CARTESIAN_POINT('Ctrl Pts',(36.7051215372204,28.8866694838275,-9.3));
#6970=CARTESIAN_POINT('Ctrl Pts',(36.7051215372204,28.8866694838275,-10.));
#6971=CARTESIAN_POINT('Ctrl Pts',(36.7765644111698,28.3210289660777,-9.3));
#6972=CARTESIAN_POINT('Ctrl Pts',(36.7765644111698,28.3210289660777,-10.));
#6973=CARTESIAN_POINT('Ctrl Pts',(37.1345843783817,27.8789608688233,-9.3));
#6974=CARTESIAN_POINT('Ctrl Pts',(37.1345843783817,27.8789608688233,-10.));
#6975=CARTESIAN_POINT('Ctrl Pts',(37.3055949807167,27.6678041219711,-9.3));
#6976=CARTESIAN_POINT('Ctrl Pts',(37.3055949807167,27.6678041219711,-10.));
#6977=CARTESIAN_POINT('Ctrl Pts',(37.3055949807167,27.6678041219711,-9.3));
#6978=CARTESIAN_POINT('Ctrl Pts',(37.1345843783817,27.8789608688233,-9.3));
#6979=CARTESIAN_POINT('Ctrl Pts',(36.7765644111698,28.3210289660777,-9.3));
#6980=CARTESIAN_POINT('Ctrl Pts',(36.7051215372204,28.8866694838275,-9.3));
#6981=CARTESIAN_POINT('Ctrl Pts',(36.6678038239479,29.182128071785,-9.3));
#6982=CARTESIAN_POINT('Ctrl Pts',(36.6678038239479,29.182128071785,-10.));
#6983=CARTESIAN_POINT('Ctrl Pts',(36.7051215372204,28.8866694838275,-10.));
#6984=CARTESIAN_POINT('Ctrl Pts',(36.7765644111698,28.3210289660777,-10.));
#6985=CARTESIAN_POINT('Ctrl Pts',(37.1345843783817,27.8789608688233,-10.));
#6986=CARTESIAN_POINT('Ctrl Pts',(37.3055949807167,27.6678041219711,-10.));
#6987=CARTESIAN_POINT('Origin',(41.9679418206215,31.3240114450455,-9.3));
#6988=CARTESIAN_POINT('',(40.6991830468178,31.1671224832535,-9.3));
#6989=CARTESIAN_POINT('',(41.9679418206215,31.3240114450455,-9.3));
#6990=CARTESIAN_POINT('',(40.6991830468178,31.1671224832535,-9.3));
#6991=CARTESIAN_POINT('',(40.6991830468178,31.1671224832535,-10.));
#6992=CARTESIAN_POINT('',(40.6991830468178,31.1671224832535,-9.3));
#6993=CARTESIAN_POINT('',(41.9679418206215,31.3240114450455,-10.));
#6994=CARTESIAN_POINT('',(40.6991830468178,31.1671224832535,-10.));
#6995=CARTESIAN_POINT('',(41.9679418206215,31.3240114450455,-9.3));
#6996=CARTESIAN_POINT('Ctrl Pts',(40.8560720086098,33.0497959852219,-9.3));
#6997=CARTESIAN_POINT('Ctrl Pts',(40.8560720086098,33.0497959852219,-10.));
#6998=CARTESIAN_POINT('Ctrl Pts',(41.1068529021366,32.8185598234761,-9.3));
#6999=CARTESIAN_POINT('Ctrl Pts',(41.1068529021366,32.8185598234761,-10.));
#7000=CARTESIAN_POINT('Ctrl Pts',(41.6257964401987,32.3400604042553,-9.3));
#7001=CARTESIAN_POINT('Ctrl Pts',(41.6257964401987,32.3400604042553,-10.));
#7002=CARTESIAN_POINT('Ctrl Pts',(41.8513748159933,31.6701736044887,-9.3));
#7003=CARTESIAN_POINT('Ctrl Pts',(41.8513748159933,31.6701736044887,-10.));
#7004=CARTESIAN_POINT('Ctrl Pts',(41.9679418206215,31.3240114450455,-9.3));
#7005=CARTESIAN_POINT('Ctrl Pts',(41.9679418206215,31.3240114450455,-10.));
#7006=CARTESIAN_POINT('',(40.8560720086098,33.0497959852219,-9.3));
#7007=CARTESIAN_POINT('Ctrl Pts',(41.9679418206215,31.3240114450455,-9.3));
#7008=CARTESIAN_POINT('Ctrl Pts',(41.8513748159933,31.6701736044887,-9.3));
#7009=CARTESIAN_POINT('Ctrl Pts',(41.6257964401987,32.3400604042553,-9.3));
#7010=CARTESIAN_POINT('Ctrl Pts',(41.1068529021366,32.8185598234761,-9.3));
#7011=CARTESIAN_POINT('Ctrl Pts',(40.8560720086098,33.0497959852219,-9.3));
#7012=CARTESIAN_POINT('',(40.8560720086098,33.0497959852219,-10.));
#7013=CARTESIAN_POINT('Ctrl Pts',(40.8560720086098,33.0497959852219,-10.));
#7014=CARTESIAN_POINT('Ctrl Pts',(41.1068529021366,32.8185598234761,-10.));
#7015=CARTESIAN_POINT('Ctrl Pts',(41.6257964401987,32.3400604042553,-10.));
#7016=CARTESIAN_POINT('Ctrl Pts',(41.8513748159933,31.6701736044887,-10.));
#7017=CARTESIAN_POINT('Ctrl Pts',(41.9679418206215,31.3240114450455,-10.));
#7018=CARTESIAN_POINT('',(40.8560720086098,33.0497959852219,-9.3));
#7019=CARTESIAN_POINT('Ctrl Pts',(38.782402575016,33.6637107133865,-9.3));
#7020=CARTESIAN_POINT('Ctrl Pts',(38.782402575016,33.6637107133865,-10.));
#7021=CARTESIAN_POINT('Ctrl Pts',(39.1753574832914,33.6446033076382,-9.3));
#7022=CARTESIAN_POINT('Ctrl Pts',(39.1753574832914,33.6446033076382,-10.));
#7023=CARTESIAN_POINT('Ctrl Pts',(39.9182396721179,33.6084807116198,-9.3));
#7024=CARTESIAN_POINT('Ctrl Pts',(39.9182396721179,33.6084807116198,-10.));
#7025=CARTESIAN_POINT('Ctrl Pts',(40.5557697799803,33.2286917877127,-9.3));
#7026=CARTESIAN_POINT('Ctrl Pts',(40.5557697799803,33.2286917877127,-10.));
#7027=CARTESIAN_POINT('Ctrl Pts',(40.8560720086098,33.0497959852219,-9.3));
#7028=CARTESIAN_POINT('Ctrl Pts',(40.8560720086098,33.0497959852219,-10.));
#7029=CARTESIAN_POINT('',(38.782402575016,33.6637107133865,-9.3));
#7030=CARTESIAN_POINT('Ctrl Pts',(40.8560720086098,33.0497959852219,-9.3));
#7031=CARTESIAN_POINT('Ctrl Pts',(40.5557697799803,33.2286917877127,-9.3));
#7032=CARTESIAN_POINT('Ctrl Pts',(39.9182396721179,33.6084807116198,-9.3));
#7033=CARTESIAN_POINT('Ctrl Pts',(39.1753574832914,33.6446033076382,-9.3));
#7034=CARTESIAN_POINT('Ctrl Pts',(38.782402575016,33.6637107133865,-9.3));
#7035=CARTESIAN_POINT('',(38.782402575016,33.6637107133865,-10.));
#7036=CARTESIAN_POINT('Ctrl Pts',(38.782402575016,33.6637107133865,-10.));
#7037=CARTESIAN_POINT('Ctrl Pts',(39.1753574832914,33.6446033076382,-10.));
#7038=CARTESIAN_POINT('Ctrl Pts',(39.9182396721179,33.6084807116198,-10.));
#7039=CARTESIAN_POINT('Ctrl Pts',(40.5557697799803,33.2286917877127,-10.));
#7040=CARTESIAN_POINT('Ctrl Pts',(40.8560720086098,33.0497959852219,-10.));
#7041=CARTESIAN_POINT('',(38.782402575016,33.6637107133865,-9.3));
#7042=CARTESIAN_POINT('Ctrl Pts',(36.2619391083717,32.6848570108414,-9.3));
#7043=CARTESIAN_POINT('Ctrl Pts',(36.2619391083717,32.6848570108414,-10.));
#7044=CARTESIAN_POINT('Ctrl Pts',(36.6109273363853,32.9701922862164,-9.3));
#7045=CARTESIAN_POINT('Ctrl Pts',(36.6109273363853,32.9701922862164,-10.));
#7046=CARTESIAN_POINT('Ctrl Pts',(37.3424490316514,33.5682896648863,-9.3));
#7047=CARTESIAN_POINT('Ctrl Pts',(37.3424490316514,33.5682896648863,-10.));
#7048=CARTESIAN_POINT('Ctrl Pts',(38.287965279487,33.630945958319,-9.3));
#7049=CARTESIAN_POINT('Ctrl Pts',(38.287965279487,33.630945958319,-10.));
#7050=CARTESIAN_POINT('Ctrl Pts',(38.782402575016,33.6637107133865,-9.3));
#7051=CARTESIAN_POINT('Ctrl Pts',(38.782402575016,33.6637107133865,-10.));
#7052=CARTESIAN_POINT('',(36.2619391083717,32.6848570108414,-9.3));
#7053=CARTESIAN_POINT('Ctrl Pts',(38.782402575016,33.6637107133865,-9.3));
#7054=CARTESIAN_POINT('Ctrl Pts',(38.287965279487,33.630945958319,-9.3));
#7055=CARTESIAN_POINT('Ctrl Pts',(37.3424490316514,33.5682896648863,-9.3));
#7056=CARTESIAN_POINT('Ctrl Pts',(36.6109273363853,32.9701922862164,-9.3));
#7057=CARTESIAN_POINT('Ctrl Pts',(36.2619391083717,32.6848570108414,-9.3));
#7058=CARTESIAN_POINT('',(36.2619391083717,32.6848570108414,-10.));
#7059=CARTESIAN_POINT('Ctrl Pts',(36.2619391083717,32.6848570108414,-10.));
#7060=CARTESIAN_POINT('Ctrl Pts',(36.6109273363853,32.9701922862164,-10.));
#7061=CARTESIAN_POINT('Ctrl Pts',(37.3424490316514,33.5682896648863,-10.));
#7062=CARTESIAN_POINT('Ctrl Pts',(38.287965279487,33.630945958319,-10.));
#7063=CARTESIAN_POINT('Ctrl Pts',(38.782402575016,33.6637107133865,-10.));
#7064=CARTESIAN_POINT('',(36.2619391083717,32.6848570108414,-9.3));
#7065=CARTESIAN_POINT('Ctrl Pts',(35.3308334946632,29.9392906427383,-9.3));
#7066=CARTESIAN_POINT('Ctrl Pts',(35.3308334946632,29.9392906427383,-10.));
#7067=CARTESIAN_POINT('Ctrl Pts',(35.3567212002693,30.480921104055,-9.3));
#7068=CARTESIAN_POINT('Ctrl Pts',(35.3567212002693,30.480921104055,-10.));
#7069=CARTESIAN_POINT('Ctrl Pts',(35.4049182159229,31.4893137449423,-9.3));
#7070=CARTESIAN_POINT('Ctrl Pts',(35.4049182159229,31.4893137449423,-10.));
#7071=CARTESIAN_POINT('Ctrl Pts',(35.9907642227602,32.3065683235639,-9.3));
#7072=CARTESIAN_POINT('Ctrl Pts',(35.9907642227602,32.3065683235639,-10.));
#7073=CARTESIAN_POINT('Ctrl Pts',(36.2619391083717,32.6848570108414,-9.3));
#7074=CARTESIAN_POINT('Ctrl Pts',(36.2619391083717,32.6848570108414,-10.));
#7075=CARTESIAN_POINT('',(35.3308334946632,29.9392906427383,-9.3));
#7076=CARTESIAN_POINT('Ctrl Pts',(36.2619391083717,32.6848570108414,-9.3));
#7077=CARTESIAN_POINT('Ctrl Pts',(35.9907642227602,32.3065683235639,-9.3));
#7078=CARTESIAN_POINT('Ctrl Pts',(35.4049182159229,31.4893137449423,-9.3));
#7079=CARTESIAN_POINT('Ctrl Pts',(35.3567212002693,30.480921104055,-9.3));
#7080=CARTESIAN_POINT('Ctrl Pts',(35.3308334946632,29.9392906427383,-9.3));
#7081=CARTESIAN_POINT('',(35.3308334946632,29.9392906427383,-10.));
#7082=CARTESIAN_POINT('Ctrl Pts',(35.3308334946632,29.9392906427383,-10.));
#7083=CARTESIAN_POINT('Ctrl Pts',(35.3567212002693,30.480921104055,-10.));
#7084=CARTESIAN_POINT('Ctrl Pts',(35.4049182159229,31.4893137449423,-10.));
#7085=CARTESIAN_POINT('Ctrl Pts',(35.9907642227602,32.3065683235639,-10.));
#7086=CARTESIAN_POINT('Ctrl Pts',(36.2619391083717,32.6848570108414,-10.));
#7087=CARTESIAN_POINT('',(35.3308334946632,29.9392906427383,-9.3));
#7088=CARTESIAN_POINT('Ctrl Pts',(36.272169649601,27.1016374826431,-9.3));
#7089=CARTESIAN_POINT('Ctrl Pts',(36.272169649601,27.1016374826431,-10.));
#7090=CARTESIAN_POINT('Ctrl Pts',(35.9980511292286,27.4928509016914,-9.3));
#7091=CARTESIAN_POINT('Ctrl Pts',(35.9980511292286,27.4928509016914,-10.));
#7092=CARTESIAN_POINT('Ctrl Pts',(35.4037718103682,28.3409878458323,-9.3));
#7093=CARTESIAN_POINT('Ctrl Pts',(35.4037718103682,28.3409878458323,-10.));
#7094=CARTESIAN_POINT('Ctrl Pts',(35.3563704204317,29.3796980680306,-9.3));
#7095=CARTESIAN_POINT('Ctrl Pts',(35.3563704204317,29.3796980680306,-10.));
#7096=CARTESIAN_POINT('Ctrl Pts',(35.3308334946632,29.9392906427383,-9.3));
#7097=CARTESIAN_POINT('Ctrl Pts',(35.3308334946632,29.9392906427383,-10.));
#7098=CARTESIAN_POINT('',(36.272169649601,27.1016374826431,-9.3));
#7099=CARTESIAN_POINT('Ctrl Pts',(35.3308334946632,29.9392906427383,-9.3));
#7100=CARTESIAN_POINT('Ctrl Pts',(35.3563704204317,29.3796980680306,-9.3));
#7101=CARTESIAN_POINT('Ctrl Pts',(35.4037718103682,28.3409878458323,-9.3));
#7102=CARTESIAN_POINT('Ctrl Pts',(35.9980511292286,27.4928509016914,-9.3));
#7103=CARTESIAN_POINT('Ctrl Pts',(36.272169649601,27.1016374826431,-9.3));
#7104=CARTESIAN_POINT('',(36.272169649601,27.1016374826431,-10.));
#7105=CARTESIAN_POINT('Ctrl Pts',(36.272169649601,27.1016374826431,-10.));
#7106=CARTESIAN_POINT('Ctrl Pts',(35.9980511292286,27.4928509016914,-10.));
#7107=CARTESIAN_POINT('Ctrl Pts',(35.4037718103682,28.3409878458323,-10.));
#7108=CARTESIAN_POINT('Ctrl Pts',(35.3563704204317,29.3796980680306,-10.));
#7109=CARTESIAN_POINT('Ctrl Pts',(35.3308334946632,29.9392906427383,-10.));
#7110=CARTESIAN_POINT('',(36.272169649601,27.1016374826431,-9.3));
#7111=CARTESIAN_POINT('Ctrl Pts',(38.7141886353493,26.0920873880386,-9.3));
#7112=CARTESIAN_POINT('Ctrl Pts',(38.7141886353493,26.0920873880386,-10.));
#7113=CARTESIAN_POINT('Ctrl Pts',(38.2411960288326,26.1300172282957,-9.3));
#7114=CARTESIAN_POINT('Ctrl Pts',(38.2411960288326,26.1300172282957,-10.));
#7115=CARTESIAN_POINT('Ctrl Pts',(37.3171207061783,26.2041199286147,-9.3));
#7116=CARTESIAN_POINT('Ctrl Pts',(37.3171207061783,26.2041199286147,-10.));
#7117=CARTESIAN_POINT('Ctrl Pts',(36.6149370607167,26.8072315710085,-9.3));
#7118=CARTESIAN_POINT('Ctrl Pts',(36.6149370607167,26.8072315710085,-10.));
#7119=CARTESIAN_POINT('Ctrl Pts',(36.272169649601,27.1016374826431,-9.3));
#7120=CARTESIAN_POINT('Ctrl Pts',(36.272169649601,27.1016374826431,-10.));
#7121=CARTESIAN_POINT('',(38.7141886353493,26.0920873880386,-9.3));
#7122=CARTESIAN_POINT('Ctrl Pts',(36.272169649601,27.1016374826431,-9.3));
#7123=CARTESIAN_POINT('Ctrl Pts',(36.6149370607167,26.8072315710085,-9.3));
#7124=CARTESIAN_POINT('Ctrl Pts',(37.3171207061783,26.2041199286147,-9.3));
#7125=CARTESIAN_POINT('Ctrl Pts',(38.2411960288326,26.1300172282957,-9.3));
#7126=CARTESIAN_POINT('Ctrl Pts',(38.7141886353493,26.0920873880386,-9.3));
#7127=CARTESIAN_POINT('',(38.7141886353493,26.0920873880386,-10.));
#7128=CARTESIAN_POINT('Ctrl Pts',(38.7141886353493,26.0920873880386,-10.));
#7129=CARTESIAN_POINT('Ctrl Pts',(38.2411960288326,26.1300172282957,-10.));
#7130=CARTESIAN_POINT('Ctrl Pts',(37.3171207061783,26.2041199286147,-10.));
#7131=CARTESIAN_POINT('Ctrl Pts',(36.6149370607167,26.8072315710085,-10.));
#7132=CARTESIAN_POINT('Ctrl Pts',(36.272169649601,27.1016374826431,-10.));
#7133=CARTESIAN_POINT('',(38.7141886353493,26.0920873880386,-9.3));
#7134=CARTESIAN_POINT('Ctrl Pts',(41.0879960656166,27.0811740159988,-9.3));
#7135=CARTESIAN_POINT('Ctrl Pts',(41.0879960656166,27.0811740159988,-10.));
#7136=CARTESIAN_POINT('Ctrl Pts',(40.7540744349218,26.7927242503852,-9.3));
#7137=CARTESIAN_POINT('Ctrl Pts',(40.7540744349218,26.7927242503852,-10.));
#7138=CARTESIAN_POINT('Ctrl Pts',(40.0722145305082,26.2037167961506,-9.3));
#7139=CARTESIAN_POINT('Ctrl Pts',(40.0722145305082,26.2037167961506,-10.));
#7140=CARTESIAN_POINT('Ctrl Pts',(39.1730253236059,26.129803655536,-9.3));
#7141=CARTESIAN_POINT('Ctrl Pts',(39.1730253236059,26.129803655536,-10.));
#7142=CARTESIAN_POINT('Ctrl Pts',(38.7141886353493,26.0920873880386,-9.3));
#7143=CARTESIAN_POINT('Ctrl Pts',(38.7141886353493,26.0920873880386,-10.));
#7144=CARTESIAN_POINT('',(41.0879960656166,27.0811740159988,-9.3));
#7145=CARTESIAN_POINT('Ctrl Pts',(38.7141886353493,26.0920873880386,-9.3));
#7146=CARTESIAN_POINT('Ctrl Pts',(39.1730253236059,26.129803655536,-9.3));
#7147=CARTESIAN_POINT('Ctrl Pts',(40.0722145305082,26.2037167961506,-9.3));
#7148=CARTESIAN_POINT('Ctrl Pts',(40.7540744349218,26.7927242503852,-9.3));
#7149=CARTESIAN_POINT('Ctrl Pts',(41.0879960656166,27.0811740159988,-9.3));
#7150=CARTESIAN_POINT('',(41.0879960656166,27.0811740159988,-10.));
#7151=CARTESIAN_POINT('Ctrl Pts',(41.0879960656166,27.0811740159988,-10.));
#7152=CARTESIAN_POINT('Ctrl Pts',(40.7540744349218,26.7927242503852,-10.));
#7153=CARTESIAN_POINT('Ctrl Pts',(40.0722145305082,26.2037167961506,-10.));
#7154=CARTESIAN_POINT('Ctrl Pts',(39.1730253236059,26.129803655536,-10.));
#7155=CARTESIAN_POINT('Ctrl Pts',(38.7141886353493,26.0920873880386,-10.));
#7156=CARTESIAN_POINT('',(41.0879960656166,27.0811740159988,-9.3));
#7157=CARTESIAN_POINT('Ctrl Pts',(42.0088687539101,29.8642567396164,-9.3));
#7158=CARTESIAN_POINT('Ctrl Pts',(42.0088687539101,29.8642567396164,-10.));
#7159=CARTESIAN_POINT('Ctrl Pts',(41.984008255565,29.315294272693,-9.3));
#7160=CARTESIAN_POINT('Ctrl Pts',(41.984008255565,29.315294272693,-10.));
#7161=CARTESIAN_POINT('Ctrl Pts',(41.9378888674225,28.2968990363514,-9.3));
#7162=CARTESIAN_POINT('Ctrl Pts',(41.9378888674225,28.2968990363514,-10.));
#7163=CARTESIAN_POINT('Ctrl Pts',(41.3561504020828,27.4647540809968,-9.3));
#7164=CARTESIAN_POINT('Ctrl Pts',(41.3561504020828,27.4647540809968,-10.));
#7165=CARTESIAN_POINT('Ctrl Pts',(41.0879960656166,27.0811740159988,-9.3));
#7166=CARTESIAN_POINT('Ctrl Pts',(41.0879960656166,27.0811740159988,-10.));
#7167=CARTESIAN_POINT('',(42.0088687539101,29.8642567396164,-9.3));
#7168=CARTESIAN_POINT('Ctrl Pts',(41.0879960656166,27.0811740159988,-9.3));
#7169=CARTESIAN_POINT('Ctrl Pts',(41.3561504020828,27.4647540809968,-9.3));
#7170=CARTESIAN_POINT('Ctrl Pts',(41.9378888674225,28.2968990363514,-9.3));
#7171=CARTESIAN_POINT('Ctrl Pts',(41.984008255565,29.315294272693,-9.3));
#7172=CARTESIAN_POINT('Ctrl Pts',(42.0088687539101,29.8642567396164,-9.3));
#7173=CARTESIAN_POINT('',(42.0088687539101,29.8642567396164,-10.));
#7174=CARTESIAN_POINT('Ctrl Pts',(42.0088687539101,29.8642567396164,-10.));
#7175=CARTESIAN_POINT('Ctrl Pts',(41.984008255565,29.315294272693,-10.));
#7176=CARTESIAN_POINT('Ctrl Pts',(41.9378888674225,28.2968990363514,-10.));
#7177=CARTESIAN_POINT('Ctrl Pts',(41.3561504020828,27.4647540809968,-10.));
#7178=CARTESIAN_POINT('Ctrl Pts',(41.0879960656166,27.0811740159988,-10.));
#7179=CARTESIAN_POINT('',(42.0088687539101,29.8642567396164,-9.3));
#7180=CARTESIAN_POINT('Ctrl Pts',(42.002047598362,30.1916781663895,-9.3));
#7181=CARTESIAN_POINT('Ctrl Pts',(42.002047598362,30.1916781663895,-10.));
#7182=CARTESIAN_POINT('Ctrl Pts',(42.004018457921,30.1280180679845,-9.3));
#7183=CARTESIAN_POINT('Ctrl Pts',(42.004018457921,30.1280180679845,-10.));
#7184=CARTESIAN_POINT('Ctrl Pts',(42.0073966775658,30.0188992857569,-9.3));
#7185=CARTESIAN_POINT('Ctrl Pts',(42.0073966775658,30.0188992857569,-10.));
#7186=CARTESIAN_POINT('Ctrl Pts',(42.0084358405314,29.9097345624204,-9.3));
#7187=CARTESIAN_POINT('Ctrl Pts',(42.0084358405314,29.9097345624204,-10.));
#7188=CARTESIAN_POINT('Ctrl Pts',(42.0088687539101,29.8642567396164,-9.3));
#7189=CARTESIAN_POINT('Ctrl Pts',(42.0088687539101,29.8642567396164,-10.));
#7190=CARTESIAN_POINT('',(42.002047598362,30.1916781663895,-9.3));
#7191=CARTESIAN_POINT('Ctrl Pts',(42.0088687539101,29.8642567396164,-9.3));
#7192=CARTESIAN_POINT('Ctrl Pts',(42.0084358405314,29.9097345624204,-9.3));
#7193=CARTESIAN_POINT('Ctrl Pts',(42.0073966775658,30.0188992857569,-9.3));
#7194=CARTESIAN_POINT('Ctrl Pts',(42.004018457921,30.1280180679845,-9.3));
#7195=CARTESIAN_POINT('Ctrl Pts',(42.002047598362,30.1916781663895,-9.3));
#7196=CARTESIAN_POINT('',(42.002047598362,30.1916781663895,-10.));
#7197=CARTESIAN_POINT('Ctrl Pts',(42.002047598362,30.1916781663895,-10.));
#7198=CARTESIAN_POINT('Ctrl Pts',(42.004018457921,30.1280180679845,-10.));
#7199=CARTESIAN_POINT('Ctrl Pts',(42.0073966775658,30.0188992857569,-10.));
#7200=CARTESIAN_POINT('Ctrl Pts',(42.0084358405314,29.9097345624204,-10.));
#7201=CARTESIAN_POINT('Ctrl Pts',(42.0088687539101,29.8642567396164,-10.));
#7202=CARTESIAN_POINT('',(42.002047598362,30.1916781663895,-9.3));
#7203=CARTESIAN_POINT('Origin',(36.599592268467,30.1916781663895,-9.3));
#7204=CARTESIAN_POINT('',(36.599592268467,30.1916781663895,-9.3));
#7205=CARTESIAN_POINT('',(42.002047598362,30.1916781663895,-9.3));
#7206=CARTESIAN_POINT('',(36.599592268467,30.1916781663895,-10.));
#7207=CARTESIAN_POINT('',(42.002047598362,30.1916781663895,-10.));
#7208=CARTESIAN_POINT('',(36.599592268467,30.1916781663895,-9.3));
#7209=CARTESIAN_POINT('Ctrl Pts',(37.2748985886574,32.0197824239731,-9.3));
#7210=CARTESIAN_POINT('Ctrl Pts',(37.2748985886574,32.0197824239731,-10.));
#7211=CARTESIAN_POINT('Ctrl Pts',(37.094472503337,31.7705935151678,-9.3));
#7212=CARTESIAN_POINT('Ctrl Pts',(37.094472503337,31.7705935151678,-10.));
#7213=CARTESIAN_POINT('Ctrl Pts',(36.7005358015492,31.2265222037358,-9.3));
#7214=CARTESIAN_POINT('Ctrl Pts',(36.7005358015492,31.2265222037358,-10.));
#7215=CARTESIAN_POINT('Ctrl Pts',(36.6350727378494,30.5554137229083,-9.3));
#7216=CARTESIAN_POINT('Ctrl Pts',(36.6350727378494,30.5554137229083,-10.));
#7217=CARTESIAN_POINT('Ctrl Pts',(36.599592268467,30.1916781663895,-9.3));
#7218=CARTESIAN_POINT('Ctrl Pts',(36.599592268467,30.1916781663895,-10.));
#7219=CARTESIAN_POINT('',(37.2748985886574,32.0197824239731,-9.3));
#7220=CARTESIAN_POINT('Ctrl Pts',(36.599592268467,30.1916781663895,-9.3));
#7221=CARTESIAN_POINT('Ctrl Pts',(36.6350727378494,30.5554137229083,-9.3));
#7222=CARTESIAN_POINT('Ctrl Pts',(36.7005358015492,31.2265222037358,-9.3));
#7223=CARTESIAN_POINT('Ctrl Pts',(37.094472503337,31.7705935151678,-9.3));
#7224=CARTESIAN_POINT('Ctrl Pts',(37.2748985886574,32.0197824239731,-9.3));
#7225=CARTESIAN_POINT('',(37.2748985886574,32.0197824239731,-10.));
#7226=CARTESIAN_POINT('Ctrl Pts',(37.2748985886574,32.0197824239731,-10.));
#7227=CARTESIAN_POINT('Ctrl Pts',(37.094472503337,31.7705935151678,-10.));
#7228=CARTESIAN_POINT('Ctrl Pts',(36.7005358015492,31.2265222037358,-10.));
#7229=CARTESIAN_POINT('Ctrl Pts',(36.6350727378494,30.5554137229083,-10.));
#7230=CARTESIAN_POINT('Ctrl Pts',(36.599592268467,30.1916781663895,-10.));
#7231=CARTESIAN_POINT('',(37.2748985886574,32.0197824239731,-9.3));
#7232=CARTESIAN_POINT('Ctrl Pts',(38.7892237305641,32.6541618108749,-9.3));
#7233=CARTESIAN_POINT('Ctrl Pts',(38.7892237305641,32.6541618108749,-10.));
#7234=CARTESIAN_POINT('Ctrl Pts',(38.5002738601243,32.6287194166944,-9.3));
#7235=CARTESIAN_POINT('Ctrl Pts',(38.5002738601243,32.6287194166944,-10.));
#7236=CARTESIAN_POINT('Ctrl Pts',(37.9276622548217,32.5783002552242,-9.3));
#7237=CARTESIAN_POINT('Ctrl Pts',(37.9276622548217,32.5783002552242,-10.));
#7238=CARTESIAN_POINT('Ctrl Pts',(37.4911427075783,32.2048052776963,-9.3));
#7239=CARTESIAN_POINT('Ctrl Pts',(37.4911427075783,32.2048052776963,-10.));
#7240=CARTESIAN_POINT('Ctrl Pts',(37.2748985886574,32.0197824239731,-9.3));
#7241=CARTESIAN_POINT('Ctrl Pts',(37.2748985886574,32.0197824239731,-10.));
#7242=CARTESIAN_POINT('',(38.7892237305641,32.6541618108749,-9.3));
#7243=CARTESIAN_POINT('Ctrl Pts',(37.2748985886574,32.0197824239731,-9.3));
#7244=CARTESIAN_POINT('Ctrl Pts',(37.4911427075783,32.2048052776963,-9.3));
#7245=CARTESIAN_POINT('Ctrl Pts',(37.9276622548217,32.5783002552242,-9.3));
#7246=CARTESIAN_POINT('Ctrl Pts',(38.5002738601243,32.6287194166944,-9.3));
#7247=CARTESIAN_POINT('Ctrl Pts',(38.7892237305641,32.6541618108749,-9.3));
#7248=CARTESIAN_POINT('',(38.7892237305641,32.6541618108749,-10.));
#7249=CARTESIAN_POINT('Ctrl Pts',(38.7892237305641,32.6541618108749,-10.));
#7250=CARTESIAN_POINT('Ctrl Pts',(38.5002738601243,32.6287194166944,-10.));
#7251=CARTESIAN_POINT('Ctrl Pts',(37.9276622548217,32.5783002552242,-10.));
#7252=CARTESIAN_POINT('Ctrl Pts',(37.4911427075783,32.2048052776963,-10.));
#7253=CARTESIAN_POINT('Ctrl Pts',(37.2748985886574,32.0197824239731,-10.));
#7254=CARTESIAN_POINT('',(38.7892237305641,32.6541618108749,-9.3));
#7255=CARTESIAN_POINT('Ctrl Pts',(39.9420204758644,32.2994545698166,-9.3));
#7256=CARTESIAN_POINT('Ctrl Pts',(39.9420204758644,32.2994545698166,-10.));
#7257=CARTESIAN_POINT('Ctrl Pts',(39.7710004005618,32.4028777025091,-9.3));
#7258=CARTESIAN_POINT('Ctrl Pts',(39.7710004005618,32.4028777025091,-10.));
#7259=CARTESIAN_POINT('Ctrl Pts',(39.4168468362706,32.6170494657268,-9.3));
#7260=CARTESIAN_POINT('Ctrl Pts',(39.4168468362706,32.6170494657268,-10.));
#7261=CARTESIAN_POINT('Ctrl Pts',(39.0031481279905,32.6415121235057,-9.3));
#7262=CARTESIAN_POINT('Ctrl Pts',(39.0031481279905,32.6415121235057,-10.));
#7263=CARTESIAN_POINT('Ctrl Pts',(38.7892237305641,32.6541618108749,-9.3));
#7264=CARTESIAN_POINT('Ctrl Pts',(38.7892237305641,32.6541618108749,-10.));
#7265=CARTESIAN_POINT('',(39.9420204758644,32.2994545698166,-9.3));
#7266=CARTESIAN_POINT('Ctrl Pts',(38.7892237305641,32.6541618108749,-9.3));
#7267=CARTESIAN_POINT('Ctrl Pts',(39.0031481279905,32.6415121235057,-9.3));
#7268=CARTESIAN_POINT('Ctrl Pts',(39.4168468362706,32.6170494657268,-9.3));
#7269=CARTESIAN_POINT('Ctrl Pts',(39.7710004005618,32.4028777025091,-9.3));
#7270=CARTESIAN_POINT('Ctrl Pts',(39.9420204758644,32.2994545698166,-9.3));
#7271=CARTESIAN_POINT('',(39.9420204758644,32.2994545698166,-10.));
#7272=CARTESIAN_POINT('Ctrl Pts',(39.9420204758644,32.2994545698166,-10.));
#7273=CARTESIAN_POINT('Ctrl Pts',(39.7710004005618,32.4028777025091,-10.));
#7274=CARTESIAN_POINT('Ctrl Pts',(39.4168468362706,32.6170494657268,-10.));
#7275=CARTESIAN_POINT('Ctrl Pts',(39.0031481279905,32.6415121235057,-10.));
#7276=CARTESIAN_POINT('Ctrl Pts',(38.7892237305641,32.6541618108749,-10.));
#7277=CARTESIAN_POINT('',(39.9420204758644,32.2994545698166,-9.3));
#7278=CARTESIAN_POINT('Ctrl Pts',(40.6991830468178,31.1671224832535,-9.3));
#7279=CARTESIAN_POINT('Ctrl Pts',(40.6991830468178,31.1671224832535,-10.));
#7280=CARTESIAN_POINT('Ctrl Pts',(40.6058016719561,31.4023118258236,-9.3));
#7281=CARTESIAN_POINT('Ctrl Pts',(40.6058016719561,31.4023118258236,-10.));
#7282=CARTESIAN_POINT('Ctrl Pts',(40.4339560344321,31.8351204300305,-9.3));
#7283=CARTESIAN_POINT('Ctrl Pts',(40.4339560344321,31.8351204300305,-10.));
#7284=CARTESIAN_POINT('Ctrl Pts',(40.0962267651548,32.1539004551766,-9.3));
#7285=CARTESIAN_POINT('Ctrl Pts',(40.0962267651548,32.1539004551766,-10.));
#7286=CARTESIAN_POINT('Ctrl Pts',(39.9420204758644,32.2994545698166,-9.3));
#7287=CARTESIAN_POINT('Ctrl Pts',(39.9420204758644,32.2994545698166,-10.));
#7288=CARTESIAN_POINT('Ctrl Pts',(39.9420204758644,32.2994545698166,-9.3));
#7289=CARTESIAN_POINT('Ctrl Pts',(40.0962267651548,32.1539004551766,-9.3));
#7290=CARTESIAN_POINT('Ctrl Pts',(40.4339560344321,31.8351204300305,-9.3));
#7291=CARTESIAN_POINT('Ctrl Pts',(40.6058016719561,31.4023118258236,-9.3));
#7292=CARTESIAN_POINT('Ctrl Pts',(40.6991830468178,31.1671224832535,-9.3));
#7293=CARTESIAN_POINT('Ctrl Pts',(40.6991830468178,31.1671224832535,-10.));
#7294=CARTESIAN_POINT('Ctrl Pts',(40.6058016719561,31.4023118258236,-10.));
#7295=CARTESIAN_POINT('Ctrl Pts',(40.4339560344321,31.8351204300305,-10.));
#7296=CARTESIAN_POINT('Ctrl Pts',(40.0962267651548,32.1539004551766,-10.));
#7297=CARTESIAN_POINT('Ctrl Pts',(39.9420204758644,32.2994545698166,-10.));
#7298=CARTESIAN_POINT('Origin',(27.5000008195639,28.5000005960465,-10.));
#7299=CARTESIAN_POINT('Origin',(27.5000008195639,28.5000005960465,-9.3));
#7300=CARTESIAN_POINT('Origin',(25.958391726017,29.182128071785,-9.3));
#7301=CARTESIAN_POINT('',(21.9133713841438,29.182128071785,-9.3));
#7302=CARTESIAN_POINT('',(25.958391726017,29.182128071785,-9.3));
#7303=CARTESIAN_POINT('',(21.9133713841438,29.182128071785,-9.3));
#7304=CARTESIAN_POINT('',(21.9133713841438,29.182128071785,-10.));
#7305=CARTESIAN_POINT('',(21.9133713841438,29.182128071785,-9.3));
#7306=CARTESIAN_POINT('',(25.958391726017,29.182128071785,-10.));
#7307=CARTESIAN_POINT('',(21.9133713841438,29.182128071785,-10.));
#7308=CARTESIAN_POINT('',(25.958391726017,29.182128071785,-9.3));
#7309=CARTESIAN_POINT('Ctrl Pts',(25.4945448040962,27.8110507726669,-9.3));
#7310=CARTESIAN_POINT('Ctrl Pts',(25.4945448040962,27.8110507726669,-10.));
#7311=CARTESIAN_POINT('Ctrl Pts',(25.610313663847,27.9966691775155,-9.3));
#7312=CARTESIAN_POINT('Ctrl Pts',(25.610313663847,27.9966691775155,-10.));
#7313=CARTESIAN_POINT('Ctrl Pts',(25.871575676821,28.4155645367697,-9.3));
#7314=CARTESIAN_POINT('Ctrl Pts',(25.871575676821,28.4155645367697,-10.));
#7315=CARTESIAN_POINT('Ctrl Pts',(25.927338301752,28.9079342689183,-9.3));
#7316=CARTESIAN_POINT('Ctrl Pts',(25.927338301752,28.9079342689183,-10.));
#7317=CARTESIAN_POINT('Ctrl Pts',(25.958391726017,29.182128071785,-9.3));
#7318=CARTESIAN_POINT('Ctrl Pts',(25.958391726017,29.182128071785,-10.));
#7319=CARTESIAN_POINT('',(25.4945448040962,27.8110507726669,-9.3));
#7320=CARTESIAN_POINT('Ctrl Pts',(25.958391726017,29.182128071785,-9.3));
#7321=CARTESIAN_POINT('Ctrl Pts',(25.927338301752,28.9079342689183,-9.3));
#7322=CARTESIAN_POINT('Ctrl Pts',(25.871575676821,28.4155645367697,-9.3));
#7323=CARTESIAN_POINT('Ctrl Pts',(25.610313663847,27.9966691775155,-9.3));
#7324=CARTESIAN_POINT('Ctrl Pts',(25.4945448040962,27.8110507726669,-9.3));
#7325=CARTESIAN_POINT('',(25.4945448040962,27.8110507726669,-10.));
#7326=CARTESIAN_POINT('Ctrl Pts',(25.4945448040962,27.8110507726669,-10.));
#7327=CARTESIAN_POINT('Ctrl Pts',(25.610313663847,27.9966691775155,-10.));
#7328=CARTESIAN_POINT('Ctrl Pts',(25.871575676821,28.4155645367697,-10.));
#7329=CARTESIAN_POINT('Ctrl Pts',(25.927338301752,28.9079342689183,-10.));
#7330=CARTESIAN_POINT('Ctrl Pts',(25.958391726017,29.182128071785,-10.));
#7331=CARTESIAN_POINT('',(25.4945448040962,27.8110507726669,-9.3));
#7332=CARTESIAN_POINT('Ctrl Pts',(23.9733985066414,27.1016374826431,-9.3));
#7333=CARTESIAN_POINT('Ctrl Pts',(23.9733985066414,27.1016374826431,-10.));
#7334=CARTESIAN_POINT('Ctrl Pts',(24.2699782493575,27.1306772331741,-9.3));
#7335=CARTESIAN_POINT('Ctrl Pts',(24.2699782493575,27.1306772331741,-10.));
#7336=CARTESIAN_POINT('Ctrl Pts',(24.8605637922764,27.1885047053963,-9.3));
#7337=CARTESIAN_POINT('Ctrl Pts',(24.8605637922764,27.1885047053963,-10.));
#7338=CARTESIAN_POINT('Ctrl Pts',(25.2838327095875,27.6041392353857,-9.3));
#7339=CARTESIAN_POINT('Ctrl Pts',(25.2838327095875,27.6041392353857,-10.));
#7340=CARTESIAN_POINT('Ctrl Pts',(25.4945448040962,27.8110507726669,-9.3));
#7341=CARTESIAN_POINT('Ctrl Pts',(25.4945448040962,27.8110507726669,-10.));
#7342=CARTESIAN_POINT('',(23.9733985066414,27.1016374826431,-9.3));
#7343=CARTESIAN_POINT('Ctrl Pts',(25.4945448040962,27.8110507726669,-9.3));
#7344=CARTESIAN_POINT('Ctrl Pts',(25.2838327095875,27.6041392353857,-9.3));
#7345=CARTESIAN_POINT('Ctrl Pts',(24.8605637922764,27.1885047053963,-9.3));
#7346=CARTESIAN_POINT('Ctrl Pts',(24.2699782493575,27.1306772331741,-9.3));
#7347=CARTESIAN_POINT('Ctrl Pts',(23.9733985066414,27.1016374826431,-9.3));
#7348=CARTESIAN_POINT('',(23.9733985066414,27.1016374826431,-10.));
#7349=CARTESIAN_POINT('Ctrl Pts',(23.9733985066414,27.1016374826431,-10.));
#7350=CARTESIAN_POINT('Ctrl Pts',(24.2699782493575,27.1306772331741,-10.));
#7351=CARTESIAN_POINT('Ctrl Pts',(24.8605637922764,27.1885047053963,-10.));
#7352=CARTESIAN_POINT('Ctrl Pts',(25.2838327095875,27.6041392353857,-10.));
#7353=CARTESIAN_POINT('Ctrl Pts',(25.4945448040962,27.8110507726669,-10.));
#7354=CARTESIAN_POINT('',(23.9733985066414,27.1016374826431,-9.3));
#7355=CARTESIAN_POINT('Ctrl Pts',(22.5511613488197,27.6678041219711,-9.3));
#7356=CARTESIAN_POINT('Ctrl Pts',(22.5511613488197,27.6678041219711,-10.));
#7357=CARTESIAN_POINT('Ctrl Pts',(22.756288078772,27.5026800064782,-9.3));
#7358=CARTESIAN_POINT('Ctrl Pts',(22.756288078772,27.5026800064782,-10.));
#7359=CARTESIAN_POINT('Ctrl Pts',(23.171875365783,27.1681381201343,-9.3));
#7360=CARTESIAN_POINT('Ctrl Pts',(23.171875365783,27.1681381201343,-10.));
#7361=CARTESIAN_POINT('Ctrl Pts',(23.7039478435356,27.123993220058,-9.3));
#7362=CARTESIAN_POINT('Ctrl Pts',(23.7039478435356,27.123993220058,-10.));
#7363=CARTESIAN_POINT('Ctrl Pts',(23.9733985066414,27.1016374826431,-9.3));
#7364=CARTESIAN_POINT('Ctrl Pts',(23.9733985066414,27.1016374826431,-10.));
#7365=CARTESIAN_POINT('',(22.5511613488197,27.6678041219711,-9.3));
#7366=CARTESIAN_POINT('Ctrl Pts',(23.9733985066414,27.1016374826431,-9.3));
#7367=CARTESIAN_POINT('Ctrl Pts',(23.7039478435356,27.123993220058,-9.3));
#7368=CARTESIAN_POINT('Ctrl Pts',(23.171875365783,27.1681381201343,-9.3));
#7369=CARTESIAN_POINT('Ctrl Pts',(22.756288078772,27.5026800064782,-9.3));
#7370=CARTESIAN_POINT('Ctrl Pts',(22.5511613488197,27.6678041219711,-9.3));
#7371=CARTESIAN_POINT('',(22.5511613488197,27.6678041219711,-10.));
#7372=CARTESIAN_POINT('Ctrl Pts',(22.5511613488197,27.6678041219711,-10.));
#7373=CARTESIAN_POINT('Ctrl Pts',(22.756288078772,27.5026800064782,-10.));
#7374=CARTESIAN_POINT('Ctrl Pts',(23.171875365783,27.1681381201343,-10.));
#7375=CARTESIAN_POINT('Ctrl Pts',(23.7039478435356,27.123993220058,-10.));
#7376=CARTESIAN_POINT('Ctrl Pts',(23.9733985066414,27.1016374826431,-10.));
#7377=CARTESIAN_POINT('',(22.5511613488197,27.6678041219711,-9.3));
#7378=CARTESIAN_POINT('Ctrl Pts',(21.9133713841438,29.182128071785,-9.3));
#7379=CARTESIAN_POINT('Ctrl Pts',(21.9133713841438,29.182128071785,-10.));
#7380=CARTESIAN_POINT('Ctrl Pts',(21.9506891648608,28.8866695320108,-9.3));
#7381=CARTESIAN_POINT('Ctrl Pts',(21.9506891648608,28.8866695320108,-10.));
#7382=CARTESIAN_POINT('Ctrl Pts',(22.0221321393944,28.3210293324253,-9.3));
#7383=CARTESIAN_POINT('Ctrl Pts',(22.0221321393944,28.3210293324253,-10.));
#7384=CARTESIAN_POINT('Ctrl Pts',(22.3801512366956,27.8789609248316,-9.3));
#7385=CARTESIAN_POINT('Ctrl Pts',(22.3801512366956,27.8789609248316,-10.));
#7386=CARTESIAN_POINT('Ctrl Pts',(22.5511613488197,27.6678041219711,-9.3));
#7387=CARTESIAN_POINT('Ctrl Pts',(22.5511613488197,27.6678041219711,-10.));
#7388=CARTESIAN_POINT('Ctrl Pts',(22.5511613488197,27.6678041219711,-9.3));
#7389=CARTESIAN_POINT('Ctrl Pts',(22.3801512366956,27.8789609248316,-9.3));
#7390=CARTESIAN_POINT('Ctrl Pts',(22.0221321393944,28.3210293324253,-9.3));
#7391=CARTESIAN_POINT('Ctrl Pts',(21.9506891648608,28.8866695320108,-9.3));
#7392=CARTESIAN_POINT('Ctrl Pts',(21.9133713841438,29.182128071785,-9.3));
#7393=CARTESIAN_POINT('Ctrl Pts',(21.9133713841438,29.182128071785,-10.));
#7394=CARTESIAN_POINT('Ctrl Pts',(21.9506891648608,28.8866695320108,-10.));
#7395=CARTESIAN_POINT('Ctrl Pts',(22.0221321393944,28.3210293324253,-10.));
#7396=CARTESIAN_POINT('Ctrl Pts',(22.3801512366956,27.8789609248316,-10.));
#7397=CARTESIAN_POINT('Ctrl Pts',(22.5511613488197,27.6678041219711,-10.));
#7398=CARTESIAN_POINT('Origin',(27.2135081887245,31.3240114450455,-9.3));
#7399=CARTESIAN_POINT('',(25.9447494149208,31.1671224832535,-9.3));
#7400=CARTESIAN_POINT('',(27.2135081887245,31.3240114450455,-9.3));
#7401=CARTESIAN_POINT('',(25.9447494149208,31.1671224832535,-9.3));
#7402=CARTESIAN_POINT('',(25.9447494149208,31.1671224832535,-10.));
#7403=CARTESIAN_POINT('',(25.9447494149208,31.1671224832535,-9.3));
#7404=CARTESIAN_POINT('',(27.2135081887245,31.3240114450455,-10.));
#7405=CARTESIAN_POINT('',(25.9447494149208,31.1671224832535,-10.));
#7406=CARTESIAN_POINT('',(27.2135081887245,31.3240114450455,-9.3));
#7407=CARTESIAN_POINT('Ctrl Pts',(26.1016383767128,33.0497959852219,-9.3));
#7408=CARTESIAN_POINT('Ctrl Pts',(26.1016383767128,33.0497959852219,-10.));
#7409=CARTESIAN_POINT('Ctrl Pts',(26.3524198279521,32.8185599256878,-9.3));
#7410=CARTESIAN_POINT('Ctrl Pts',(26.3524198279521,32.8185599256878,-10.));
#7411=CARTESIAN_POINT('Ctrl Pts',(26.8713641861182,32.3400610259218,-9.3));
#7412=CARTESIAN_POINT('Ctrl Pts',(26.8713641861182,32.3400610259218,-10.));
#7413=CARTESIAN_POINT('Ctrl Pts',(27.0969416997649,31.6701736789278,-9.3));
#7414=CARTESIAN_POINT('Ctrl Pts',(27.0969416997649,31.6701736789278,-10.));
#7415=CARTESIAN_POINT('Ctrl Pts',(27.2135081887245,31.3240114450455,-9.3));
#7416=CARTESIAN_POINT('Ctrl Pts',(27.2135081887245,31.3240114450455,-10.));
#7417=CARTESIAN_POINT('',(26.1016383767128,33.0497959852219,-9.3));
#7418=CARTESIAN_POINT('Ctrl Pts',(27.2135081887245,31.3240114450455,-9.3));
#7419=CARTESIAN_POINT('Ctrl Pts',(27.0969416997649,31.6701736789278,-9.3));
#7420=CARTESIAN_POINT('Ctrl Pts',(26.8713641861182,32.3400610259218,-9.3));
#7421=CARTESIAN_POINT('Ctrl Pts',(26.3524198279521,32.8185599256878,-9.3));
#7422=CARTESIAN_POINT('Ctrl Pts',(26.1016383767128,33.0497959852219,-9.3));
#7423=CARTESIAN_POINT('',(26.1016383767128,33.0497959852219,-10.));
#7424=CARTESIAN_POINT('Ctrl Pts',(26.1016383767128,33.0497959852219,-10.));
#7425=CARTESIAN_POINT('Ctrl Pts',(26.3524198279521,32.8185599256878,-10.));
#7426=CARTESIAN_POINT('Ctrl Pts',(26.8713641861182,32.3400610259218,-10.));
#7427=CARTESIAN_POINT('Ctrl Pts',(27.0969416997649,31.6701736789278,-10.));
#7428=CARTESIAN_POINT('Ctrl Pts',(27.2135081887245,31.3240114450455,-10.));
#7429=CARTESIAN_POINT('',(26.1016383767128,33.0497959852219,-9.3));
#7430=CARTESIAN_POINT('Ctrl Pts',(24.0279689431191,33.6637107133865,-9.3));
#7431=CARTESIAN_POINT('Ctrl Pts',(24.0279689431191,33.6637107133865,-10.));
#7432=CARTESIAN_POINT('Ctrl Pts',(24.4209234092139,33.6446031831019,-9.3));
#7433=CARTESIAN_POINT('Ctrl Pts',(24.4209234092139,33.6446031831019,-10.));
#7434=CARTESIAN_POINT('Ctrl Pts',(25.1638054802558,33.6084803167264,-9.3));
#7435=CARTESIAN_POINT('Ctrl Pts',(25.1638054802558,33.6084803167264,-10.));
#7436=CARTESIAN_POINT('Ctrl Pts',(25.8013357471622,33.2286917932846,-9.3));
#7437=CARTESIAN_POINT('Ctrl Pts',(25.8013357471622,33.2286917932846,-10.));
#7438=CARTESIAN_POINT('Ctrl Pts',(26.1016383767128,33.0497959852219,-9.3));
#7439=CARTESIAN_POINT('Ctrl Pts',(26.1016383767128,33.0497959852219,-10.));
#7440=CARTESIAN_POINT('',(24.0279689431191,33.6637107133865,-9.3));
#7441=CARTESIAN_POINT('Ctrl Pts',(26.1016383767128,33.0497959852219,-9.3));
#7442=CARTESIAN_POINT('Ctrl Pts',(25.8013357471622,33.2286917932846,-9.3));
#7443=CARTESIAN_POINT('Ctrl Pts',(25.1638054802558,33.6084803167264,-9.3));
#7444=CARTESIAN_POINT('Ctrl Pts',(24.4209234092139,33.6446031831019,-9.3));
#7445=CARTESIAN_POINT('Ctrl Pts',(24.0279689431191,33.6637107133865,-9.3));
#7446=CARTESIAN_POINT('',(24.0279689431191,33.6637107133865,-10.));
#7447=CARTESIAN_POINT('Ctrl Pts',(24.0279689431191,33.6637107133865,-10.));
#7448=CARTESIAN_POINT('Ctrl Pts',(24.4209234092139,33.6446031831019,-10.));
#7449=CARTESIAN_POINT('Ctrl Pts',(25.1638054802558,33.6084803167264,-10.));
#7450=CARTESIAN_POINT('Ctrl Pts',(25.8013357471622,33.2286917932846,-10.));
#7451=CARTESIAN_POINT('Ctrl Pts',(26.1016383767128,33.0497959852219,-10.));
#7452=CARTESIAN_POINT('',(24.0279689431191,33.6637107133865,-9.3));
#7453=CARTESIAN_POINT('Ctrl Pts',(21.5075054764748,32.6848570108414,-9.3));
#7454=CARTESIAN_POINT('Ctrl Pts',(21.5075054764748,32.6848570108414,-10.));
#7455=CARTESIAN_POINT('Ctrl Pts',(21.8564928969963,32.9701922752995,-9.3));
#7456=CARTESIAN_POINT('Ctrl Pts',(21.8564928969963,32.9701922752995,-10.));
#7457=CARTESIAN_POINT('Ctrl Pts',(22.5880140959137,33.5682906091533,-9.3));
#7458=CARTESIAN_POINT('Ctrl Pts',(22.5880140959137,33.5682906091533,-10.));
#7459=CARTESIAN_POINT('Ctrl Pts',(23.5335307155287,33.6309462504556,-9.3));
#7460=CARTESIAN_POINT('Ctrl Pts',(23.5335307155287,33.6309462504556,-10.));
#7461=CARTESIAN_POINT('Ctrl Pts',(24.0279689431191,33.6637107133865,-9.3));
#7462=CARTESIAN_POINT('Ctrl Pts',(24.0279689431191,33.6637107133865,-10.));
#7463=CARTESIAN_POINT('',(21.5075054764748,32.6848570108414,-9.3));
#7464=CARTESIAN_POINT('Ctrl Pts',(24.0279689431191,33.6637107133865,-9.3));
#7465=CARTESIAN_POINT('Ctrl Pts',(23.5335307155287,33.6309462504556,-9.3));
#7466=CARTESIAN_POINT('Ctrl Pts',(22.5880140959137,33.5682906091533,-9.3));
#7467=CARTESIAN_POINT('Ctrl Pts',(21.8564928969963,32.9701922752995,-9.3));
#7468=CARTESIAN_POINT('Ctrl Pts',(21.5075054764748,32.6848570108414,-9.3));
#7469=CARTESIAN_POINT('',(21.5075054764748,32.6848570108414,-10.));
#7470=CARTESIAN_POINT('Ctrl Pts',(21.5075054764748,32.6848570108414,-10.));
#7471=CARTESIAN_POINT('Ctrl Pts',(21.8564928969963,32.9701922752995,-10.));
#7472=CARTESIAN_POINT('Ctrl Pts',(22.5880140959137,33.5682906091533,-10.));
#7473=CARTESIAN_POINT('Ctrl Pts',(23.5335307155287,33.6309462504556,-10.));
#7474=CARTESIAN_POINT('Ctrl Pts',(24.0279689431191,33.6637107133865,-10.));
#7475=CARTESIAN_POINT('',(21.5075054764748,32.6848570108414,-9.3));
#7476=CARTESIAN_POINT('Ctrl Pts',(20.5763998627663,29.9392906427384,-9.3));
#7477=CARTESIAN_POINT('Ctrl Pts',(20.5763998627663,29.9392906427384,-10.));
#7478=CARTESIAN_POINT('Ctrl Pts',(20.6022881427137,30.480921040952,-9.3));
#7479=CARTESIAN_POINT('Ctrl Pts',(20.6022881427137,30.480921040952,-10.));
#7480=CARTESIAN_POINT('Ctrl Pts',(20.6504862152713,31.4893133051571,-9.3));
#7481=CARTESIAN_POINT('Ctrl Pts',(20.6504862152713,31.4893133051571,-10.));
#7482=CARTESIAN_POINT('Ctrl Pts',(21.2363311623055,32.3065682615395,-9.3));
#7483=CARTESIAN_POINT('Ctrl Pts',(21.2363311623055,32.3065682615395,-10.));
#7484=CARTESIAN_POINT('Ctrl Pts',(21.5075054764748,32.6848570108414,-9.3));
#7485=CARTESIAN_POINT('Ctrl Pts',(21.5075054764748,32.6848570108414,-10.));
#7486=CARTESIAN_POINT('',(20.5763998627663,29.9392906427384,-9.3));
#7487=CARTESIAN_POINT('Ctrl Pts',(21.5075054764748,32.6848570108414,-9.3));
#7488=CARTESIAN_POINT('Ctrl Pts',(21.2363311623055,32.3065682615395,-9.3));
#7489=CARTESIAN_POINT('Ctrl Pts',(20.6504862152713,31.4893133051571,-9.3));
#7490=CARTESIAN_POINT('Ctrl Pts',(20.6022881427137,30.480921040952,-9.3));
#7491=CARTESIAN_POINT('Ctrl Pts',(20.5763998627663,29.9392906427384,-9.3));
#7492=CARTESIAN_POINT('',(20.5763998627663,29.9392906427384,-10.));
#7493=CARTESIAN_POINT('Ctrl Pts',(20.5763998627663,29.9392906427384,-10.));
#7494=CARTESIAN_POINT('Ctrl Pts',(20.6022881427137,30.480921040952,-10.));
#7495=CARTESIAN_POINT('Ctrl Pts',(20.6504862152713,31.4893133051571,-10.));
#7496=CARTESIAN_POINT('Ctrl Pts',(21.2363311623055,32.3065682615395,-10.));
#7497=CARTESIAN_POINT('Ctrl Pts',(21.5075054764748,32.6848570108414,-10.));
#7498=CARTESIAN_POINT('',(20.5763998627663,29.9392906427384,-9.3));
#7499=CARTESIAN_POINT('Ctrl Pts',(21.5177372097969,27.1016374826431,-9.3));
#7500=CARTESIAN_POINT('Ctrl Pts',(21.5177372097969,27.1016374826431,-10.));
#7501=CARTESIAN_POINT('Ctrl Pts',(21.2436176277662,27.4928507923996,-9.3));
#7502=CARTESIAN_POINT('Ctrl Pts',(21.2436176277662,27.4928507923996,-10.));
#7503=CARTESIAN_POINT('Ctrl Pts',(20.64933631383,28.3409870620857,-9.3));
#7504=CARTESIAN_POINT('Ctrl Pts',(20.64933631383,28.3409870620857,-10.));
#7505=CARTESIAN_POINT('Ctrl Pts',(20.6019361283629,29.3796979542495,-9.3));
#7506=CARTESIAN_POINT('Ctrl Pts',(20.6019361283629,29.3796979542495,-10.));
#7507=CARTESIAN_POINT('Ctrl Pts',(20.5763998627663,29.9392906427384,-9.3));
#7508=CARTESIAN_POINT('Ctrl Pts',(20.5763998627663,29.9392906427384,-10.));
#7509=CARTESIAN_POINT('',(21.5177372097969,27.1016374826431,-9.3));
#7510=CARTESIAN_POINT('Ctrl Pts',(20.5763998627663,29.9392906427384,-9.3));
#7511=CARTESIAN_POINT('Ctrl Pts',(20.6019361283629,29.3796979542495,-9.3));
#7512=CARTESIAN_POINT('Ctrl Pts',(20.64933631383,28.3409870620857,-9.3));
#7513=CARTESIAN_POINT('Ctrl Pts',(21.2436176277662,27.4928507923996,-9.3));
#7514=CARTESIAN_POINT('Ctrl Pts',(21.5177372097969,27.1016374826431,-9.3));
#7515=CARTESIAN_POINT('',(21.5177372097969,27.1016374826431,-10.));
#7516=CARTESIAN_POINT('Ctrl Pts',(21.5177372097969,27.1016374826431,-10.));
#7517=CARTESIAN_POINT('Ctrl Pts',(21.2436176277662,27.4928507923996,-10.));
#7518=CARTESIAN_POINT('Ctrl Pts',(20.64933631383,28.3409870620857,-10.));
#7519=CARTESIAN_POINT('Ctrl Pts',(20.6019361283629,29.3796979542495,-10.));
#7520=CARTESIAN_POINT('Ctrl Pts',(20.5763998627663,29.9392906427384,-10.));
#7521=CARTESIAN_POINT('',(21.5177372097969,27.1016374826431,-9.3));
#7522=CARTESIAN_POINT('Ctrl Pts',(23.9597561955452,26.0920873880386,-9.3));
#7523=CARTESIAN_POINT('Ctrl Pts',(23.9597561955452,26.0920873880386,-10.));
#7524=CARTESIAN_POINT('Ctrl Pts',(23.4867626545186,26.1300169418041,-9.3));
#7525=CARTESIAN_POINT('Ctrl Pts',(23.4867626545186,26.1300169418041,-10.));
#7526=CARTESIAN_POINT('Ctrl Pts',(22.5626869375452,26.204118967625,-9.3));
#7527=CARTESIAN_POINT('Ctrl Pts',(22.5626869375452,26.204118967625,-10.));
#7528=CARTESIAN_POINT('Ctrl Pts',(21.8605038109082,26.8072315771168,-9.3));
#7529=CARTESIAN_POINT('Ctrl Pts',(21.8605038109082,26.8072315771168,-10.));
#7530=CARTESIAN_POINT('Ctrl Pts',(21.5177372097969,27.1016374826431,-9.3));
#7531=CARTESIAN_POINT('Ctrl Pts',(21.5177372097969,27.1016374826431,-10.));
#7532=CARTESIAN_POINT('',(23.9597561955452,26.0920873880386,-9.3));
#7533=CARTESIAN_POINT('Ctrl Pts',(21.5177372097969,27.1016374826431,-9.3));
#7534=CARTESIAN_POINT('Ctrl Pts',(21.8605038109082,26.8072315771168,-9.3));
#7535=CARTESIAN_POINT('Ctrl Pts',(22.5626869375452,26.204118967625,-9.3));
#7536=CARTESIAN_POINT('Ctrl Pts',(23.4867626545186,26.1300169418041,-9.3));
#7537=CARTESIAN_POINT('Ctrl Pts',(23.9597561955452,26.0920873880386,-9.3));
#7538=CARTESIAN_POINT('',(23.9597561955452,26.0920873880386,-10.));
#7539=CARTESIAN_POINT('Ctrl Pts',(23.9597561955452,26.0920873880386,-10.));
#7540=CARTESIAN_POINT('Ctrl Pts',(23.4867626545186,26.1300169418041,-10.));
#7541=CARTESIAN_POINT('Ctrl Pts',(22.5626869375452,26.204118967625,-10.));
#7542=CARTESIAN_POINT('Ctrl Pts',(21.8605038109082,26.8072315771168,-10.));
#7543=CARTESIAN_POINT('Ctrl Pts',(21.5177372097969,27.1016374826431,-10.));
#7544=CARTESIAN_POINT('',(23.9597561955452,26.0920873880386,-9.3));
#7545=CARTESIAN_POINT('Ctrl Pts',(26.3335624337196,27.0811740159989,-9.3));
#7546=CARTESIAN_POINT('Ctrl Pts',(26.3335624337196,27.0811740159989,-10.));
#7547=CARTESIAN_POINT('Ctrl Pts',(25.9996404024104,26.7927242462757,-9.3));
#7548=CARTESIAN_POINT('Ctrl Pts',(25.9996404024104,26.7927242462757,-10.));
#7549=CARTESIAN_POINT('Ctrl Pts',(25.3177805503026,26.2037175354792,-9.3));
#7550=CARTESIAN_POINT('Ctrl Pts',(25.3177805503026,26.2037175354792,-10.));
#7551=CARTESIAN_POINT('Ctrl Pts',(24.4185919911749,26.1298038747406,-9.3));
#7552=CARTESIAN_POINT('Ctrl Pts',(24.4185919911749,26.1298038747406,-10.));
#7553=CARTESIAN_POINT('Ctrl Pts',(23.9597561955452,26.0920873880386,-9.3));
#7554=CARTESIAN_POINT('Ctrl Pts',(23.9597561955452,26.0920873880386,-10.));
#7555=CARTESIAN_POINT('',(26.3335624337196,27.0811740159989,-9.3));
#7556=CARTESIAN_POINT('Ctrl Pts',(23.9597561955452,26.0920873880386,-9.3));
#7557=CARTESIAN_POINT('Ctrl Pts',(24.4185919911749,26.1298038747406,-9.3));
#7558=CARTESIAN_POINT('Ctrl Pts',(25.3177805503026,26.2037175354792,-9.3));
#7559=CARTESIAN_POINT('Ctrl Pts',(25.9996404024104,26.7927242462757,-9.3));
#7560=CARTESIAN_POINT('Ctrl Pts',(26.3335624337196,27.0811740159989,-9.3));
#7561=CARTESIAN_POINT('',(26.3335624337196,27.0811740159989,-10.));
#7562=CARTESIAN_POINT('Ctrl Pts',(26.3335624337196,27.0811740159989,-10.));
#7563=CARTESIAN_POINT('Ctrl Pts',(25.9996404024104,26.7927242462757,-10.));
#7564=CARTESIAN_POINT('Ctrl Pts',(25.3177805503026,26.2037175354792,-10.));
#7565=CARTESIAN_POINT('Ctrl Pts',(24.4185919911749,26.1298038747406,-10.));
#7566=CARTESIAN_POINT('Ctrl Pts',(23.9597561955452,26.0920873880386,-10.));
#7567=CARTESIAN_POINT('',(26.3335624337196,27.0811740159989,-9.3));
#7568=CARTESIAN_POINT('Ctrl Pts',(27.2544351220131,29.8642567396164,-9.3));
#7569=CARTESIAN_POINT('Ctrl Pts',(27.2544351220131,29.8642567396164,-10.));
#7570=CARTESIAN_POINT('Ctrl Pts',(27.2295740461255,29.315294335815,-9.3));
#7571=CARTESIAN_POINT('Ctrl Pts',(27.2295740461255,29.315294335815,-10.));
#7572=CARTESIAN_POINT('Ctrl Pts',(27.1834535980632,28.2968994703953,-9.3));
#7573=CARTESIAN_POINT('Ctrl Pts',(27.1834535980632,28.2968994703953,-10.));
#7574=CARTESIAN_POINT('Ctrl Pts',(26.6017162000439,27.4647541414194,-9.3));
#7575=CARTESIAN_POINT('Ctrl Pts',(26.6017162000439,27.4647541414194,-10.));
#7576=CARTESIAN_POINT('Ctrl Pts',(26.3335624337196,27.0811740159989,-9.3));
#7577=CARTESIAN_POINT('Ctrl Pts',(26.3335624337196,27.0811740159989,-10.));
#7578=CARTESIAN_POINT('',(27.2544351220131,29.8642567396164,-9.3));
#7579=CARTESIAN_POINT('Ctrl Pts',(26.3335624337196,27.0811740159989,-9.3));
#7580=CARTESIAN_POINT('Ctrl Pts',(26.6017162000439,27.4647541414194,-9.3));
#7581=CARTESIAN_POINT('Ctrl Pts',(27.1834535980632,28.2968994703953,-9.3));
#7582=CARTESIAN_POINT('Ctrl Pts',(27.2295740461255,29.315294335815,-9.3));
#7583=CARTESIAN_POINT('Ctrl Pts',(27.2544351220131,29.8642567396164,-9.3));
#7584=CARTESIAN_POINT('',(27.2544351220131,29.8642567396164,-10.));
#7585=CARTESIAN_POINT('Ctrl Pts',(27.2544351220131,29.8642567396164,-10.));
#7586=CARTESIAN_POINT('Ctrl Pts',(27.2295740461255,29.315294335815,-10.));
#7587=CARTESIAN_POINT('Ctrl Pts',(27.1834535980632,28.2968994703953,-10.));
#7588=CARTESIAN_POINT('Ctrl Pts',(26.6017162000439,27.4647541414194,-10.));
#7589=CARTESIAN_POINT('Ctrl Pts',(26.3335624337196,27.0811740159989,-10.));
#7590=CARTESIAN_POINT('',(27.2544351220131,29.8642567396164,-9.3));
#7591=CARTESIAN_POINT('Ctrl Pts',(27.247613966465,30.1916781663895,-9.3));
#7592=CARTESIAN_POINT('Ctrl Pts',(27.247613966465,30.1916781663895,-10.));
#7593=CARTESIAN_POINT('Ctrl Pts',(27.249584826024,30.1280180679845,-9.3));
#7594=CARTESIAN_POINT('Ctrl Pts',(27.249584826024,30.1280180679845,-10.));
#7595=CARTESIAN_POINT('Ctrl Pts',(27.2529630456689,30.0188992857569,-9.3));
#7596=CARTESIAN_POINT('Ctrl Pts',(27.2529630456689,30.0188992857569,-10.));
#7597=CARTESIAN_POINT('Ctrl Pts',(27.2540022086344,29.9097345624204,-9.3));
#7598=CARTESIAN_POINT('Ctrl Pts',(27.2540022086344,29.9097345624204,-10.));
#7599=CARTESIAN_POINT('Ctrl Pts',(27.2544351220131,29.8642567396164,-9.3));
#7600=CARTESIAN_POINT('Ctrl Pts',(27.2544351220131,29.8642567396164,-10.));
#7601=CARTESIAN_POINT('',(27.247613966465,30.1916781663895,-9.3));
#7602=CARTESIAN_POINT('Ctrl Pts',(27.2544351220131,29.8642567396164,-9.3));
#7603=CARTESIAN_POINT('Ctrl Pts',(27.2540022086344,29.9097345624204,-9.3));
#7604=CARTESIAN_POINT('Ctrl Pts',(27.2529630456689,30.0188992857569,-9.3));
#7605=CARTESIAN_POINT('Ctrl Pts',(27.249584826024,30.1280180679845,-9.3));
#7606=CARTESIAN_POINT('Ctrl Pts',(27.247613966465,30.1916781663895,-9.3));
#7607=CARTESIAN_POINT('',(27.247613966465,30.1916781663895,-10.));
#7608=CARTESIAN_POINT('Ctrl Pts',(27.247613966465,30.1916781663895,-10.));
#7609=CARTESIAN_POINT('Ctrl Pts',(27.249584826024,30.1280180679845,-10.));
#7610=CARTESIAN_POINT('Ctrl Pts',(27.2529630456689,30.0188992857569,-10.));
#7611=CARTESIAN_POINT('Ctrl Pts',(27.2540022086344,29.9097345624204,-10.));
#7612=CARTESIAN_POINT('Ctrl Pts',(27.2544351220131,29.8642567396164,-10.));
#7613=CARTESIAN_POINT('',(27.247613966465,30.1916781663895,-9.3));
#7614=CARTESIAN_POINT('Origin',(21.84515863657,30.1916781663895,-9.3));
#7615=CARTESIAN_POINT('',(21.84515863657,30.1916781663895,-9.3));
#7616=CARTESIAN_POINT('',(27.247613966465,30.1916781663895,-9.3));
#7617=CARTESIAN_POINT('',(21.84515863657,30.1916781663895,-10.));
#7618=CARTESIAN_POINT('',(27.247613966465,30.1916781663895,-10.));
#7619=CARTESIAN_POINT('',(21.84515863657,30.1916781663895,-9.3));
#7620=CARTESIAN_POINT('Ctrl Pts',(22.5204649567604,32.0197824239731,-9.3));
#7621=CARTESIAN_POINT('Ctrl Pts',(22.5204649567604,32.0197824239731,-10.));
#7622=CARTESIAN_POINT('Ctrl Pts',(22.34003887144,31.7705935151679,-9.3));
#7623=CARTESIAN_POINT('Ctrl Pts',(22.34003887144,31.7705935151679,-10.));
#7624=CARTESIAN_POINT('Ctrl Pts',(21.9461021696523,31.2265222037358,-9.3));
#7625=CARTESIAN_POINT('Ctrl Pts',(21.9461021696523,31.2265222037358,-10.));
#7626=CARTESIAN_POINT('Ctrl Pts',(21.8806391059524,30.5554137229083,-9.3));
#7627=CARTESIAN_POINT('Ctrl Pts',(21.8806391059524,30.5554137229083,-10.));
#7628=CARTESIAN_POINT('Ctrl Pts',(21.84515863657,30.1916781663895,-9.3));
#7629=CARTESIAN_POINT('Ctrl Pts',(21.84515863657,30.1916781663895,-10.));
#7630=CARTESIAN_POINT('',(22.5204649567604,32.0197824239731,-9.3));
#7631=CARTESIAN_POINT('Ctrl Pts',(21.84515863657,30.1916781663895,-9.3));
#7632=CARTESIAN_POINT('Ctrl Pts',(21.8806391059524,30.5554137229083,-9.3));
#7633=CARTESIAN_POINT('Ctrl Pts',(21.9461021696523,31.2265222037358,-9.3));
#7634=CARTESIAN_POINT('Ctrl Pts',(22.34003887144,31.7705935151679,-9.3));
#7635=CARTESIAN_POINT('Ctrl Pts',(22.5204649567604,32.0197824239731,-9.3));
#7636=CARTESIAN_POINT('',(22.5204649567604,32.0197824239731,-10.));
#7637=CARTESIAN_POINT('Ctrl Pts',(22.5204649567604,32.0197824239731,-10.));
#7638=CARTESIAN_POINT('Ctrl Pts',(22.34003887144,31.7705935151679,-10.));
#7639=CARTESIAN_POINT('Ctrl Pts',(21.9461021696523,31.2265222037358,-10.));
#7640=CARTESIAN_POINT('Ctrl Pts',(21.8806391059524,30.5554137229083,-10.));
#7641=CARTESIAN_POINT('Ctrl Pts',(21.84515863657,30.1916781663895,-10.));
#7642=CARTESIAN_POINT('',(22.5204649567604,32.0197824239731,-9.3));
#7643=CARTESIAN_POINT('Ctrl Pts',(24.0347900986671,32.6541618108749,-9.3));
#7644=CARTESIAN_POINT('Ctrl Pts',(24.0347900986671,32.6541618108749,-10.));
#7645=CARTESIAN_POINT('Ctrl Pts',(23.745839298413,32.6287196947174,-9.3));
#7646=CARTESIAN_POINT('Ctrl Pts',(23.745839298413,32.6287196947174,-10.));
#7647=CARTESIAN_POINT('Ctrl Pts',(23.1732273016628,32.5783012119802,-9.3));
#7648=CARTESIAN_POINT('Ctrl Pts',(23.1732273016628,32.5783012119802,-10.));
#7649=CARTESIAN_POINT('Ctrl Pts',(22.7367082646708,32.2048052752327,-9.3));
#7650=CARTESIAN_POINT('Ctrl Pts',(22.7367082646708,32.2048052752327,-10.));
#7651=CARTESIAN_POINT('Ctrl Pts',(22.5204649567604,32.0197824239731,-9.3));
#7652=CARTESIAN_POINT('Ctrl Pts',(22.5204649567604,32.0197824239731,-10.));
#7653=CARTESIAN_POINT('',(24.0347900986671,32.6541618108749,-9.3));
#7654=CARTESIAN_POINT('Ctrl Pts',(22.5204649567604,32.0197824239731,-9.3));
#7655=CARTESIAN_POINT('Ctrl Pts',(22.7367082646708,32.2048052752327,-9.3));
#7656=CARTESIAN_POINT('Ctrl Pts',(23.1732273016628,32.5783012119802,-9.3));
#7657=CARTESIAN_POINT('Ctrl Pts',(23.745839298413,32.6287196947174,-9.3));
#7658=CARTESIAN_POINT('Ctrl Pts',(24.0347900986671,32.6541618108749,-9.3));
#7659=CARTESIAN_POINT('',(24.0347900986671,32.6541618108749,-10.));
#7660=CARTESIAN_POINT('Ctrl Pts',(24.0347900986671,32.6541618108749,-10.));
#7661=CARTESIAN_POINT('Ctrl Pts',(23.745839298413,32.6287196947174,-10.));
#7662=CARTESIAN_POINT('Ctrl Pts',(23.1732273016628,32.5783012119802,-10.));
#7663=CARTESIAN_POINT('Ctrl Pts',(22.7367082646708,32.2048052752327,-10.));
#7664=CARTESIAN_POINT('Ctrl Pts',(22.5204649567604,32.0197824239731,-10.));
#7665=CARTESIAN_POINT('',(24.0347900986671,32.6541618108749,-9.3));
#7666=CARTESIAN_POINT('Ctrl Pts',(25.1875868439674,32.2994545698166,-9.3));
#7667=CARTESIAN_POINT('Ctrl Pts',(25.1875868439674,32.2994545698166,-10.));
#7668=CARTESIAN_POINT('Ctrl Pts',(25.0165675716382,32.4028776954593,-9.3));
#7669=CARTESIAN_POINT('Ctrl Pts',(25.0165675716382,32.4028776954593,-10.));
#7670=CARTESIAN_POINT('Ctrl Pts',(24.6624143259534,32.6170502569864,-9.3));
#7671=CARTESIAN_POINT('Ctrl Pts',(24.6624143259534,32.6170502569864,-10.));
#7672=CARTESIAN_POINT('Ctrl Pts',(24.2487153781898,32.6415123636516,-9.3));
#7673=CARTESIAN_POINT('Ctrl Pts',(24.2487153781898,32.6415123636516,-10.));
#7674=CARTESIAN_POINT('Ctrl Pts',(24.0347900986671,32.6541618108749,-9.3));
#7675=CARTESIAN_POINT('Ctrl Pts',(24.0347900986671,32.6541618108749,-10.));
#7676=CARTESIAN_POINT('',(25.1875868439674,32.2994545698166,-9.3));
#7677=CARTESIAN_POINT('Ctrl Pts',(24.0347900986671,32.6541618108749,-9.3));
#7678=CARTESIAN_POINT('Ctrl Pts',(24.2487153781898,32.6415123636516,-9.3));
#7679=CARTESIAN_POINT('Ctrl Pts',(24.6624143259534,32.6170502569864,-9.3));
#7680=CARTESIAN_POINT('Ctrl Pts',(25.0165675716382,32.4028776954593,-9.3));
#7681=CARTESIAN_POINT('Ctrl Pts',(25.1875868439674,32.2994545698166,-9.3));
#7682=CARTESIAN_POINT('',(25.1875868439674,32.2994545698166,-10.));
#7683=CARTESIAN_POINT('Ctrl Pts',(25.1875868439674,32.2994545698166,-10.));
#7684=CARTESIAN_POINT('Ctrl Pts',(25.0165675716382,32.4028776954593,-10.));
#7685=CARTESIAN_POINT('Ctrl Pts',(24.6624143259534,32.6170502569864,-10.));
#7686=CARTESIAN_POINT('Ctrl Pts',(24.2487153781898,32.6415123636516,-10.));
#7687=CARTESIAN_POINT('Ctrl Pts',(24.0347900986671,32.6541618108749,-10.));
#7688=CARTESIAN_POINT('',(25.1875868439674,32.2994545698166,-9.3));
#7689=CARTESIAN_POINT('Ctrl Pts',(25.9447494149208,31.1671224832535,-9.3));
#7690=CARTESIAN_POINT('Ctrl Pts',(25.9447494149208,31.1671224832535,-10.));
#7691=CARTESIAN_POINT('Ctrl Pts',(25.8513680400591,31.4023118258236,-9.3));
#7692=CARTESIAN_POINT('Ctrl Pts',(25.8513680400591,31.4023118258236,-10.));
#7693=CARTESIAN_POINT('Ctrl Pts',(25.6795224025351,31.8351204300305,-9.3));
#7694=CARTESIAN_POINT('Ctrl Pts',(25.6795224025351,31.8351204300305,-10.));
#7695=CARTESIAN_POINT('Ctrl Pts',(25.3417931332578,32.1539004551766,-9.3));
#7696=CARTESIAN_POINT('Ctrl Pts',(25.3417931332578,32.1539004551766,-10.));
#7697=CARTESIAN_POINT('Ctrl Pts',(25.1875868439674,32.2994545698166,-9.3));
#7698=CARTESIAN_POINT('Ctrl Pts',(25.1875868439674,32.2994545698166,-10.));
#7699=CARTESIAN_POINT('Ctrl Pts',(25.1875868439674,32.2994545698166,-9.3));
#7700=CARTESIAN_POINT('Ctrl Pts',(25.3417931332578,32.1539004551766,-9.3));
#7701=CARTESIAN_POINT('Ctrl Pts',(25.6795224025351,31.8351204300305,-9.3));
#7702=CARTESIAN_POINT('Ctrl Pts',(25.8513680400591,31.4023118258236,-9.3));
#7703=CARTESIAN_POINT('Ctrl Pts',(25.9447494149208,31.1671224832535,-9.3));
#7704=CARTESIAN_POINT('Ctrl Pts',(25.9447494149208,31.1671224832535,-10.));
#7705=CARTESIAN_POINT('Ctrl Pts',(25.8513680400591,31.4023118258236,-10.));
#7706=CARTESIAN_POINT('Ctrl Pts',(25.6795224025351,31.8351204300305,-10.));
#7707=CARTESIAN_POINT('Ctrl Pts',(25.3417931332578,32.1539004551766,-10.));
#7708=CARTESIAN_POINT('Ctrl Pts',(25.1875868439674,32.2994545698166,-10.));
#7709=CARTESIAN_POINT('Origin',(27.5000008195639,28.5000005960465,-10.));
#7710=CARTESIAN_POINT('Origin',(27.5000008195639,28.5000005960465,-9.3));
#7711=CARTESIAN_POINT('Origin',(16.4085963368416,30.3281048536301,-9.3));
#7712=CARTESIAN_POINT('',(15.0852677226067,29.9938622713089,-9.3));
#7713=CARTESIAN_POINT('',(16.4085963368416,30.3281048536301,-9.3));
#7714=CARTESIAN_POINT('',(15.0852677226067,29.9938622713089,-9.3));
#7715=CARTESIAN_POINT('',(15.0852677226067,29.9938622713089,-10.));
#7716=CARTESIAN_POINT('',(15.0852677226067,29.9938622713089,-9.3));
#7717=CARTESIAN_POINT('',(16.4085963368416,30.3281048536301,-10.));
#7718=CARTESIAN_POINT('',(15.0852677226067,29.9938622713089,-10.));
#7719=CARTESIAN_POINT('',(16.4085963368416,30.3281048536301,-9.3));
#7720=CARTESIAN_POINT('Ctrl Pts',(14.9113246798515,32.814461350441,-9.3));
#7721=CARTESIAN_POINT('Ctrl Pts',(14.9113246798515,32.814461350441,-10.));
#7722=CARTESIAN_POINT('Ctrl Pts',(15.2471947257087,32.4835761875899,-9.3));
#7723=CARTESIAN_POINT('Ctrl Pts',(15.2471947257087,32.4835761875899,-10.));
#7724=CARTESIAN_POINT('Ctrl Pts',(15.95701869278,31.7842872160455,-9.3));
#7725=CARTESIAN_POINT('Ctrl Pts',(15.95701869278,31.7842872160455,-10.));
#7726=CARTESIAN_POINT('Ctrl Pts',(16.2527809870778,30.830555688173,-9.3));
#7727=CARTESIAN_POINT('Ctrl Pts',(16.2527809870778,30.830555688173,-10.));
#7728=CARTESIAN_POINT('Ctrl Pts',(16.4085963368416,30.3281048536301,-9.3));
#7729=CARTESIAN_POINT('Ctrl Pts',(16.4085963368416,30.3281048536301,-10.));
#7730=CARTESIAN_POINT('',(14.9113246798515,32.814461350441,-9.3));
#7731=CARTESIAN_POINT('Ctrl Pts',(16.4085963368416,30.3281048536301,-9.3));
#7732=CARTESIAN_POINT('Ctrl Pts',(16.2527809870778,30.830555688173,-9.3));
#7733=CARTESIAN_POINT('Ctrl Pts',(15.95701869278,31.7842872160455,-9.3));
#7734=CARTESIAN_POINT('Ctrl Pts',(15.2471947257087,32.4835761875899,-9.3));
#7735=CARTESIAN_POINT('Ctrl Pts',(14.9113246798515,32.814461350441,-9.3));
#7736=CARTESIAN_POINT('',(14.9113246798515,32.814461350441,-10.));
#7737=CARTESIAN_POINT('Ctrl Pts',(14.9113246798515,32.814461350441,-10.));
#7738=CARTESIAN_POINT('Ctrl Pts',(15.2471947257087,32.4835761875899,-10.));
#7739=CARTESIAN_POINT('Ctrl Pts',(15.95701869278,31.7842872160455,-10.));
#7740=CARTESIAN_POINT('Ctrl Pts',(16.2527809870778,30.830555688173,-10.));
#7741=CARTESIAN_POINT('Ctrl Pts',(16.4085963368416,30.3281048536301,-10.));
#7742=CARTESIAN_POINT('',(14.9113246798515,32.814461350441,-9.3));
#7743=CARTESIAN_POINT('Ctrl Pts',(12.2680774331093,33.6705318689346,-9.3));
#7744=CARTESIAN_POINT('Ctrl Pts',(12.2680774331093,33.6705318689346,-10.));
#7745=CARTESIAN_POINT('Ctrl Pts',(12.7621572269637,33.6399459638488,-9.3));
#7746=CARTESIAN_POINT('Ctrl Pts',(12.7621572269637,33.6399459638488,-10.));
#7747=CARTESIAN_POINT('Ctrl Pts',(13.7179650941778,33.5807768800885,-9.3));
#7748=CARTESIAN_POINT('Ctrl Pts',(13.7179650941778,33.5807768800885,-10.));
#7749=CARTESIAN_POINT('Ctrl Pts',(14.5226166361631,33.064070113762,-9.3));
#7750=CARTESIAN_POINT('Ctrl Pts',(14.5226166361631,33.064070113762,-10.));
#7751=CARTESIAN_POINT('Ctrl Pts',(14.9113246798515,32.814461350441,-9.3));
#7752=CARTESIAN_POINT('Ctrl Pts',(14.9113246798515,32.814461350441,-10.));
#7753=CARTESIAN_POINT('',(12.2680774331093,33.6705318689346,-9.3));
#7754=CARTESIAN_POINT('Ctrl Pts',(14.9113246798515,32.814461350441,-9.3));
#7755=CARTESIAN_POINT('Ctrl Pts',(14.5226166361631,33.064070113762,-9.3));
#7756=CARTESIAN_POINT('Ctrl Pts',(13.7179650941778,33.5807768800885,-9.3));
#7757=CARTESIAN_POINT('Ctrl Pts',(12.7621572269637,33.6399459638488,-9.3));
#7758=CARTESIAN_POINT('Ctrl Pts',(12.2680774331093,33.6705318689346,-9.3));
#7759=CARTESIAN_POINT('',(12.2680774331093,33.6705318689346,-10.));
#7760=CARTESIAN_POINT('Ctrl Pts',(12.2680774331093,33.6705318689346,-10.));
#7761=CARTESIAN_POINT('Ctrl Pts',(12.7621572269637,33.6399459638488,-10.));
#7762=CARTESIAN_POINT('Ctrl Pts',(13.7179650941778,33.5807768800885,-10.));
#7763=CARTESIAN_POINT('Ctrl Pts',(14.5226166361631,33.064070113762,-10.));
#7764=CARTESIAN_POINT('Ctrl Pts',(14.9113246798515,32.814461350441,-10.));
#7765=CARTESIAN_POINT('',(12.2680774331093,33.6705318689346,-9.3));
#7766=CARTESIAN_POINT('Ctrl Pts',(9.63847309350968,33.0122784376145,-9.3));
#7767=CARTESIAN_POINT('Ctrl Pts',(9.63847309350968,33.0122784376145,-10.));
#7768=CARTESIAN_POINT('Ctrl Pts',(10.0193193771079,33.2039675736437,-9.3));
#7769=CARTESIAN_POINT('Ctrl Pts',(10.0193193771079,33.2039675736437,-10.));
#7770=CARTESIAN_POINT('Ctrl Pts',(10.8444754522482,33.6192885625699,-9.3));
#7771=CARTESIAN_POINT('Ctrl Pts',(10.8444754522482,33.6192885625699,-10.));
#7772=CARTESIAN_POINT('Ctrl Pts',(11.7698203976458,33.6525968433728,-9.3));
#7773=CARTESIAN_POINT('Ctrl Pts',(11.7698203976458,33.6525968433728,-10.));
#7774=CARTESIAN_POINT('Ctrl Pts',(12.2680774331093,33.6705318689346,-9.3));
#7775=CARTESIAN_POINT('Ctrl Pts',(12.2680774331093,33.6705318689346,-10.));
#7776=CARTESIAN_POINT('',(9.63847309350968,33.0122784376145,-9.3));
#7777=CARTESIAN_POINT('Ctrl Pts',(12.2680774331093,33.6705318689346,-9.3));
#7778=CARTESIAN_POINT('Ctrl Pts',(11.7698203976458,33.6525968433728,-9.3));
#7779=CARTESIAN_POINT('Ctrl Pts',(10.8444754522482,33.6192885625699,-9.3));
#7780=CARTESIAN_POINT('Ctrl Pts',(10.0193193771079,33.2039675736437,-9.3));
#7781=CARTESIAN_POINT('Ctrl Pts',(9.63847309350968,33.0122784376145,-9.3));
#7782=CARTESIAN_POINT('',(9.63847309350968,33.0122784376145,-10.));
#7783=CARTESIAN_POINT('Ctrl Pts',(9.63847309350968,33.0122784376145,-10.));
#7784=CARTESIAN_POINT('Ctrl Pts',(10.0193193771079,33.2039675736437,-10.));
#7785=CARTESIAN_POINT('Ctrl Pts',(10.8444754522482,33.6192885625699,-10.));
#7786=CARTESIAN_POINT('Ctrl Pts',(11.7698203976458,33.6525968433728,-10.));
#7787=CARTESIAN_POINT('Ctrl Pts',(12.2680774331093,33.6705318689346,-10.));
#7788=CARTESIAN_POINT('',(9.63847309350968,33.0122784376145,-9.3));
#7789=CARTESIAN_POINT('Ctrl Pts',(8.09686347842217,31.1057308912277,-9.3));
#7790=CARTESIAN_POINT('Ctrl Pts',(8.09686347842217,31.1057308912277,-10.));
#7791=CARTESIAN_POINT('Ctrl Pts',(8.28777781531699,31.4936084335798,-9.3));
#7792=CARTESIAN_POINT('Ctrl Pts',(8.28777781531699,31.4936084335798,-10.));
#7793=CARTESIAN_POINT('Ctrl Pts',(8.65821496592025,32.2462195465475,-9.3));
#7794=CARTESIAN_POINT('Ctrl Pts',(8.65821496592025,32.2462195465475,-10.));
#7795=CARTESIAN_POINT('Ctrl Pts',(9.31848853345963,32.7622146938603,-9.3));
#7796=CARTESIAN_POINT('Ctrl Pts',(9.31848853345963,32.7622146938603,-10.));
#7797=CARTESIAN_POINT('Ctrl Pts',(9.63847309350968,33.0122784376145,-9.3));
#7798=CARTESIAN_POINT('Ctrl Pts',(9.63847309350968,33.0122784376145,-10.));
#7799=CARTESIAN_POINT('',(8.09686347842217,31.1057308912277,-9.3));
#7800=CARTESIAN_POINT('Ctrl Pts',(9.63847309350968,33.0122784376145,-9.3));
#7801=CARTESIAN_POINT('Ctrl Pts',(9.31848853345963,32.7622146938603,-9.3));
#7802=CARTESIAN_POINT('Ctrl Pts',(8.65821496592025,32.2462195465475,-9.3));
#7803=CARTESIAN_POINT('Ctrl Pts',(8.28777781531699,31.4936084335798,-9.3));
#7804=CARTESIAN_POINT('Ctrl Pts',(8.09686347842217,31.1057308912277,-9.3));
#7805=CARTESIAN_POINT('',(8.09686347842217,31.1057308912277,-10.));
#7806=CARTESIAN_POINT('Ctrl Pts',(8.09686347842217,31.1057308912277,-10.));
#7807=CARTESIAN_POINT('Ctrl Pts',(8.28777781531699,31.4936084335798,-10.));
#7808=CARTESIAN_POINT('Ctrl Pts',(8.65821496592025,32.2462195465475,-10.));
#7809=CARTESIAN_POINT('Ctrl Pts',(9.31848853345963,32.7622146938603,-10.));
#7810=CARTESIAN_POINT('Ctrl Pts',(9.63847309350968,33.0122784376145,-10.));
#7811=CARTESIAN_POINT('',(8.09686347842217,31.1057308912277,-9.3));
#7812=CARTESIAN_POINT('Ctrl Pts',(7.56821408867836,28.4249666929245,-9.3));
#7813=CARTESIAN_POINT('Ctrl Pts',(7.56821408867836,28.4249666929245,-10.));
#7814=CARTESIAN_POINT('Ctrl Pts',(7.58896268881613,28.891739696248,-9.3));
#7815=CARTESIAN_POINT('Ctrl Pts',(7.58896268881613,28.891739696248,-10.));
#7816=CARTESIAN_POINT('Ctrl Pts',(7.62987873640692,29.8122117421339,-9.3));
#7817=CARTESIAN_POINT('Ctrl Pts',(7.62987873640692,29.8122117421339,-10.));
#7818=CARTESIAN_POINT('Ctrl Pts',(7.94268287301967,30.6786600523683,-9.3));
#7819=CARTESIAN_POINT('Ctrl Pts',(7.94268287301967,30.6786600523683,-10.));
#7820=CARTESIAN_POINT('Ctrl Pts',(8.09686347842217,31.1057308912277,-9.3));
#7821=CARTESIAN_POINT('Ctrl Pts',(8.09686347842217,31.1057308912277,-10.));
#7822=CARTESIAN_POINT('',(7.56821408867836,28.4249666929245,-9.3));
#7823=CARTESIAN_POINT('Ctrl Pts',(8.09686347842217,31.1057308912277,-9.3));
#7824=CARTESIAN_POINT('Ctrl Pts',(7.94268287301967,30.6786600523683,-9.3));
#7825=CARTESIAN_POINT('Ctrl Pts',(7.62987873640692,29.8122117421339,-9.3));
#7826=CARTESIAN_POINT('Ctrl Pts',(7.58896268881613,28.891739696248,-9.3));
#7827=CARTESIAN_POINT('Ctrl Pts',(7.56821408867836,28.4249666929245,-9.3));
#7828=CARTESIAN_POINT('',(7.56821408867836,28.4249666929245,-10.));
#7829=CARTESIAN_POINT('Ctrl Pts',(7.56821408867836,28.4249666929245,-10.));
#7830=CARTESIAN_POINT('Ctrl Pts',(7.58896268881613,28.891739696248,-10.));
#7831=CARTESIAN_POINT('Ctrl Pts',(7.62987873640692,29.8122117421339,-10.));
#7832=CARTESIAN_POINT('Ctrl Pts',(7.94268287301967,30.6786600523683,-10.));
#7833=CARTESIAN_POINT('Ctrl Pts',(8.09686347842217,31.1057308912277,-10.));
#7834=CARTESIAN_POINT('',(7.56821408867836,28.4249666929245,-9.3));
#7835=CARTESIAN_POINT('Ctrl Pts',(8.16507637500763,25.6998649835587,-9.3));
#7836=CARTESIAN_POINT('Ctrl Pts',(8.16507637500763,25.6998649835587,-10.));
#7837=CARTESIAN_POINT('Ctrl Pts',(7.99109351568536,26.11522544909,-9.3));
#7838=CARTESIAN_POINT('Ctrl Pts',(7.99109351568536,26.11522544909,-10.));
#7839=CARTESIAN_POINT('Ctrl Pts',(7.6262303639052,26.9862867086242,-9.3));
#7840=CARTESIAN_POINT('Ctrl Pts',(7.6262303639052,26.9862867086242,-10.));
#7841=CARTESIAN_POINT('Ctrl Pts',(7.58814084390585,27.9308256301665,-9.3));
#7842=CARTESIAN_POINT('Ctrl Pts',(7.58814084390585,27.9308256301665,-10.));
#7843=CARTESIAN_POINT('Ctrl Pts',(7.56821408867836,28.4249666929245,-9.3));
#7844=CARTESIAN_POINT('Ctrl Pts',(7.56821408867836,28.4249666929245,-10.));
#7845=CARTESIAN_POINT('',(8.16507637500763,25.6998649835587,-9.3));
#7846=CARTESIAN_POINT('Ctrl Pts',(7.56821408867836,28.4249666929245,-9.3));
#7847=CARTESIAN_POINT('Ctrl Pts',(7.58814084390585,27.9308256301665,-9.3));
#7848=CARTESIAN_POINT('Ctrl Pts',(7.6262303639052,26.9862867086242,-9.3));
#7849=CARTESIAN_POINT('Ctrl Pts',(7.99109351568536,26.11522544909,-9.3));
#7850=CARTESIAN_POINT('Ctrl Pts',(8.16507637500763,25.6998649835587,-9.3));
#7851=CARTESIAN_POINT('',(8.16507637500763,25.6998649835587,-10.));
#7852=CARTESIAN_POINT('Ctrl Pts',(8.16507637500763,25.6998649835587,-10.));
#7853=CARTESIAN_POINT('Ctrl Pts',(7.99109351568536,26.11522544909,-10.));
#7854=CARTESIAN_POINT('Ctrl Pts',(7.6262303639052,26.9862867086242,-10.));
#7855=CARTESIAN_POINT('Ctrl Pts',(7.58814084390585,27.9308256301665,-10.));
#7856=CARTESIAN_POINT('Ctrl Pts',(7.56821408867836,28.4249666929245,-10.));
#7857=CARTESIAN_POINT('',(8.16507637500763,25.6998649835587,-9.3));
#7858=CARTESIAN_POINT('Ctrl Pts',(9.86357569694519,23.9331523180008,-9.3));
#7859=CARTESIAN_POINT('Ctrl Pts',(9.86357569694519,23.9331523180008,-10.));
#7860=CARTESIAN_POINT('Ctrl Pts',(9.5163639739241,24.15971098942,-9.3));
#7861=CARTESIAN_POINT('Ctrl Pts',(9.5163639739241,24.15971098942,-10.));
#7862=CARTESIAN_POINT('Ctrl Pts',(8.81447101448246,24.6177022547667,-9.3));
#7863=CARTESIAN_POINT('Ctrl Pts',(8.81447101448246,24.6177022547667,-10.));
#7864=CARTESIAN_POINT('Ctrl Pts',(8.38307156602766,25.3365939362822,-9.3));
#7865=CARTESIAN_POINT('Ctrl Pts',(8.38307156602766,25.3365939362822,-10.));
#7866=CARTESIAN_POINT('Ctrl Pts',(8.16507637500763,25.6998649835587,-9.3));
#7867=CARTESIAN_POINT('Ctrl Pts',(8.16507637500763,25.6998649835587,-10.));
#7868=CARTESIAN_POINT('',(9.86357569694519,23.9331523180008,-9.3));
#7869=CARTESIAN_POINT('Ctrl Pts',(8.16507637500763,25.6998649835587,-9.3));
#7870=CARTESIAN_POINT('Ctrl Pts',(8.38307156602766,25.3365939362822,-9.3));
#7871=CARTESIAN_POINT('Ctrl Pts',(8.81447101448246,24.6177022547667,-9.3));
#7872=CARTESIAN_POINT('Ctrl Pts',(9.5163639739241,24.15971098942,-9.3));
#7873=CARTESIAN_POINT('Ctrl Pts',(9.86357569694519,23.9331523180008,-9.3));
#7874=CARTESIAN_POINT('',(9.86357569694519,23.9331523180008,-10.));
#7875=CARTESIAN_POINT('Ctrl Pts',(9.86357569694519,23.9331523180008,-10.));
#7876=CARTESIAN_POINT('Ctrl Pts',(9.5163639739241,24.15971098942,-10.));
#7877=CARTESIAN_POINT('Ctrl Pts',(8.81447101448246,24.6177022547667,-10.));
#7878=CARTESIAN_POINT('Ctrl Pts',(8.38307156602766,25.3365939362822,-10.));
#7879=CARTESIAN_POINT('Ctrl Pts',(8.16507637500763,25.6998649835587,-10.));
#7880=CARTESIAN_POINT('',(9.86357569694519,23.9331523180008,-9.3));
#7881=CARTESIAN_POINT('Ctrl Pts',(12.2885414958,23.3294693231583,-9.3));
#7882=CARTESIAN_POINT('Ctrl Pts',(12.2885414958,23.3294693231583,-10.));
#7883=CARTESIAN_POINT('Ctrl Pts',(11.8592464165484,23.3532221259299,-9.3));
#7884=CARTESIAN_POINT('Ctrl Pts',(11.8592464165484,23.3532221259299,-10.));
#7885=CARTESIAN_POINT('Ctrl Pts',(11.0122107650323,23.4000884231306,-9.3));
#7886=CARTESIAN_POINT('Ctrl Pts',(11.0122107650323,23.4000884231306,-10.));
#7887=CARTESIAN_POINT('Ctrl Pts',(10.2429562242225,23.7570876416496,-9.3));
#7888=CARTESIAN_POINT('Ctrl Pts',(10.2429562242225,23.7570876416496,-10.));
#7889=CARTESIAN_POINT('Ctrl Pts',(9.86357569694519,23.9331523180008,-9.3));
#7890=CARTESIAN_POINT('Ctrl Pts',(9.86357569694519,23.9331523180008,-10.));
#7891=CARTESIAN_POINT('',(12.2885414958,23.3294693231583,-9.3));
#7892=CARTESIAN_POINT('Ctrl Pts',(9.86357569694519,23.9331523180008,-9.3));
#7893=CARTESIAN_POINT('Ctrl Pts',(10.2429562242225,23.7570876416496,-9.3));
#7894=CARTESIAN_POINT('Ctrl Pts',(11.0122107650323,23.4000884231306,-9.3));
#7895=CARTESIAN_POINT('Ctrl Pts',(11.8592464165484,23.3532221259299,-9.3));
#7896=CARTESIAN_POINT('Ctrl Pts',(12.2885414958,23.3294693231583,-9.3));
#7897=CARTESIAN_POINT('',(12.2885414958,23.3294693231583,-10.));
#7898=CARTESIAN_POINT('Ctrl Pts',(12.2885414958,23.3294693231583,-10.));
#7899=CARTESIAN_POINT('Ctrl Pts',(11.8592464165484,23.3532221259299,-10.));
#7900=CARTESIAN_POINT('Ctrl Pts',(11.0122107650323,23.4000884231306,-10.));
#7901=CARTESIAN_POINT('Ctrl Pts',(10.2429562242225,23.7570876416496,-10.));
#7902=CARTESIAN_POINT('Ctrl Pts',(9.86357569694519,23.9331523180008,-10.));
#7903=CARTESIAN_POINT('',(12.2885414958,23.3294693231583,-9.3));
#7904=CARTESIAN_POINT('Ctrl Pts',(14.8124161362648,24.0934530496597,-9.3));
#7905=CARTESIAN_POINT('Ctrl Pts',(14.8124161362648,24.0934530496597,-10.));
#7906=CARTESIAN_POINT('Ctrl Pts',(14.4414113714486,23.8707399149177,-9.3));
#7907=CARTESIAN_POINT('Ctrl Pts',(14.4414113714486,23.8707399149177,-10.));
#7908=CARTESIAN_POINT('Ctrl Pts',(13.66565596094,23.4050560864282,-9.3));
#7909=CARTESIAN_POINT('Ctrl Pts',(13.66565596094,23.4050560864282,-10.));
#7910=CARTESIAN_POINT('Ctrl Pts',(12.7607016901759,23.355385150594,-9.3));
#7911=CARTESIAN_POINT('Ctrl Pts',(12.7607016901759,23.355385150594,-10.));
#7912=CARTESIAN_POINT('Ctrl Pts',(12.2885414958,23.3294693231583,-9.3));
#7913=CARTESIAN_POINT('Ctrl Pts',(12.2885414958,23.3294693231583,-10.));
#7914=CARTESIAN_POINT('',(14.8124161362648,24.0934530496597,-9.3));
#7915=CARTESIAN_POINT('Ctrl Pts',(12.2885414958,23.3294693231583,-9.3));
#7916=CARTESIAN_POINT('Ctrl Pts',(12.7607016901759,23.355385150594,-9.3));
#7917=CARTESIAN_POINT('Ctrl Pts',(13.66565596094,23.4050560864282,-9.3));
#7918=CARTESIAN_POINT('Ctrl Pts',(14.4414113714486,23.8707399149177,-9.3));
#7919=CARTESIAN_POINT('Ctrl Pts',(14.8124161362648,24.0934530496597,-9.3));
#7920=CARTESIAN_POINT('',(14.8124161362648,24.0934530496597,-10.));
#7921=CARTESIAN_POINT('Ctrl Pts',(14.8124161362648,24.0934530496597,-10.));
#7922=CARTESIAN_POINT('Ctrl Pts',(14.4414113714486,23.8707399149177,-10.));
#7923=CARTESIAN_POINT('Ctrl Pts',(13.66565596094,23.4050560864282,-10.));
#7924=CARTESIAN_POINT('Ctrl Pts',(12.7607016901759,23.355385150594,-10.));
#7925=CARTESIAN_POINT('Ctrl Pts',(12.2885414958,23.3294693231583,-10.));
#7926=CARTESIAN_POINT('',(14.8124161362648,24.0934530496597,-9.3));
#7927=CARTESIAN_POINT('Ctrl Pts',(16.238064467907,26.2421563863754,-9.3));
#7928=CARTESIAN_POINT('Ctrl Pts',(16.238064467907,26.2421563863754,-10.));
#7929=CARTESIAN_POINT('Ctrl Pts',(16.0839702082074,25.8109696641786,-9.3));
#7930=CARTESIAN_POINT('Ctrl Pts',(16.0839702082074,25.8109696641786,-10.));
#7931=CARTESIAN_POINT('Ctrl Pts',(15.7855791355815,24.976011445818,-9.3));
#7932=CARTESIAN_POINT('Ctrl Pts',(15.7855791355815,24.976011445818,-10.));
#7933=CARTESIAN_POINT('Ctrl Pts',(15.1296245439086,24.3811283349867,-9.3));
#7934=CARTESIAN_POINT('Ctrl Pts',(15.1296245439086,24.3811283349867,-10.));
#7935=CARTESIAN_POINT('Ctrl Pts',(14.8124161362648,24.0934530496597,-9.3));
#7936=CARTESIAN_POINT('Ctrl Pts',(14.8124161362648,24.0934530496597,-10.));
#7937=CARTESIAN_POINT('',(16.238064467907,26.2421563863754,-9.3));
#7938=CARTESIAN_POINT('Ctrl Pts',(14.8124161362648,24.0934530496597,-9.3));
#7939=CARTESIAN_POINT('Ctrl Pts',(15.1296245439086,24.3811283349867,-9.3));
#7940=CARTESIAN_POINT('Ctrl Pts',(15.7855791355815,24.976011445818,-9.3));
#7941=CARTESIAN_POINT('Ctrl Pts',(16.0839702082074,25.8109696641786,-9.3));
#7942=CARTESIAN_POINT('Ctrl Pts',(16.238064467907,26.2421563863754,-9.3));
#7943=CARTESIAN_POINT('',(16.238064467907,26.2421563863754,-10.));
#7944=CARTESIAN_POINT('Ctrl Pts',(16.238064467907,26.2421563863754,-10.));
#7945=CARTESIAN_POINT('Ctrl Pts',(16.0839702082074,25.8109696641786,-10.));
#7946=CARTESIAN_POINT('Ctrl Pts',(15.7855791355815,24.976011445818,-10.));
#7947=CARTESIAN_POINT('Ctrl Pts',(15.1296245439086,24.3811283349867,-10.));
#7948=CARTESIAN_POINT('Ctrl Pts',(14.8124161362648,24.0934530496597,-10.));
#7949=CARTESIAN_POINT('',(16.238064467907,26.2421563863754,-9.3));
#7950=CARTESIAN_POINT('Origin',(14.9351993203163,26.5491143465042,-9.3));
#7951=CARTESIAN_POINT('',(14.9351993203163,26.5491143465042,-9.3));
#7952=CARTESIAN_POINT('',(16.238064467907,26.2421563863754,-9.3));
#7953=CARTESIAN_POINT('',(14.9351993203163,26.5491143465042,-10.));
#7954=CARTESIAN_POINT('',(16.238064467907,26.2421563863754,-10.));
#7955=CARTESIAN_POINT('',(14.9351993203163,26.5491143465042,-9.3));
#7956=CARTESIAN_POINT('Ctrl Pts',(13.9256492257118,24.9597553014755,-9.3));
#7957=CARTESIAN_POINT('Ctrl Pts',(13.9256492257118,24.9597553014755,-10.));
#7958=CARTESIAN_POINT('Ctrl Pts',(14.1371579590937,25.1640052559282,-9.3));
#7959=CARTESIAN_POINT('Ctrl Pts',(14.1371579590937,25.1640052559282,-10.));
#7960=CARTESIAN_POINT('Ctrl Pts',(14.6001116488062,25.6110708145249,-9.3));
#7961=CARTESIAN_POINT('Ctrl Pts',(14.6001116488062,25.6110708145249,-10.));
#7962=CARTESIAN_POINT('Ctrl Pts',(14.8172594202389,26.2189537054656,-9.3));
#7963=CARTESIAN_POINT('Ctrl Pts',(14.8172594202389,26.2189537054656,-10.));
#7964=CARTESIAN_POINT('Ctrl Pts',(14.9351993203163,26.5491143465042,-9.3));
#7965=CARTESIAN_POINT('Ctrl Pts',(14.9351993203163,26.5491143465042,-10.));
#7966=CARTESIAN_POINT('',(13.9256492257118,24.9597553014755,-9.3));
#7967=CARTESIAN_POINT('Ctrl Pts',(14.9351993203163,26.5491143465042,-9.3));
#7968=CARTESIAN_POINT('Ctrl Pts',(14.8172594202389,26.2189537054656,-9.3));
#7969=CARTESIAN_POINT('Ctrl Pts',(14.6001116488062,25.6110708145249,-9.3));
#7970=CARTESIAN_POINT('Ctrl Pts',(14.1371579590937,25.1640052559282,-9.3));
#7971=CARTESIAN_POINT('Ctrl Pts',(13.9256492257118,24.9597553014755,-9.3));
#7972=CARTESIAN_POINT('',(13.9256492257118,24.9597553014755,-10.));
#7973=CARTESIAN_POINT('Ctrl Pts',(13.9256492257118,24.9597553014755,-10.));
#7974=CARTESIAN_POINT('Ctrl Pts',(14.1371579590937,25.1640052559282,-10.));
#7975=CARTESIAN_POINT('Ctrl Pts',(14.6001116488062,25.6110708145249,-10.));
#7976=CARTESIAN_POINT('Ctrl Pts',(14.8172594202389,26.2189537054656,-10.));
#7977=CARTESIAN_POINT('Ctrl Pts',(14.9351993203163,26.5491143465042,-10.));
#7978=CARTESIAN_POINT('',(13.9256492257118,24.9597553014755,-9.3));
#7979=CARTESIAN_POINT('Ctrl Pts',(12.2612562775612,24.4618026018143,-9.3));
#7980=CARTESIAN_POINT('Ctrl Pts',(12.2612562775612,24.4618026018143,-10.));
#7981=CARTESIAN_POINT('Ctrl Pts',(12.5749059100654,24.4779234938279,-9.3));
#7982=CARTESIAN_POINT('Ctrl Pts',(12.5749059100654,24.4779234938279,-10.));
#7983=CARTESIAN_POINT('Ctrl Pts',(13.1714534948389,24.5085847100339,-9.3));
#7984=CARTESIAN_POINT('Ctrl Pts',(13.1714534948389,24.5085847100339,-10.));
#7985=CARTESIAN_POINT('Ctrl Pts',(13.6830413337079,24.8146238168447,-9.3));
#7986=CARTESIAN_POINT('Ctrl Pts',(13.6830413337079,24.8146238168447,-10.));
#7987=CARTESIAN_POINT('Ctrl Pts',(13.9256492257118,24.9597553014755,-9.3));
#7988=CARTESIAN_POINT('Ctrl Pts',(13.9256492257118,24.9597553014755,-10.));
#7989=CARTESIAN_POINT('',(12.2612562775612,24.4618026018143,-9.3));
#7990=CARTESIAN_POINT('Ctrl Pts',(13.9256492257118,24.9597553014755,-9.3));
#7991=CARTESIAN_POINT('Ctrl Pts',(13.6830413337079,24.8146238168447,-9.3));
#7992=CARTESIAN_POINT('Ctrl Pts',(13.1714534948389,24.5085847100339,-9.3));
#7993=CARTESIAN_POINT('Ctrl Pts',(12.5749059100654,24.4779234938279,-9.3));
#7994=CARTESIAN_POINT('Ctrl Pts',(12.2612562775612,24.4618026018143,-9.3));
#7995=CARTESIAN_POINT('',(12.2612562775612,24.4618026018143,-10.));
#7996=CARTESIAN_POINT('Ctrl Pts',(12.2612562775612,24.4618026018143,-10.));
#7997=CARTESIAN_POINT('Ctrl Pts',(12.5749059100654,24.4779234938279,-10.));
#7998=CARTESIAN_POINT('Ctrl Pts',(13.1714534948389,24.5085847100339,-10.));
#7999=CARTESIAN_POINT('Ctrl Pts',(13.6830413337079,24.8146238168447,-10.));
#8000=CARTESIAN_POINT('Ctrl Pts',(13.9256492257118,24.9597553014755,-10.));
#8001=CARTESIAN_POINT('',(12.2612562775612,24.4618026018143,-9.3));
#8002=CARTESIAN_POINT('Ctrl Pts',(10.3342440724373,25.0143257379532,-9.3));
#8003=CARTESIAN_POINT('Ctrl Pts',(10.3342440724373,25.0143257379532,-10.));
#8004=CARTESIAN_POINT('Ctrl Pts',(10.6170933364185,24.8532889524546,-9.3));
#8005=CARTESIAN_POINT('Ctrl Pts',(10.6170933364185,24.8532889524546,-10.));
#8006=CARTESIAN_POINT('Ctrl Pts',(11.2134994809153,24.5137323737685,-9.3));
#8007=CARTESIAN_POINT('Ctrl Pts',(11.2134994809153,24.5137323737685,-10.));
#8008=CARTESIAN_POINT('Ctrl Pts',(11.9002181434119,24.4796966665755,-9.3));
#8009=CARTESIAN_POINT('Ctrl Pts',(11.9002181434119,24.4796966665755,-10.));
#8010=CARTESIAN_POINT('Ctrl Pts',(12.2612562775612,24.4618026018143,-9.3));
#8011=CARTESIAN_POINT('Ctrl Pts',(12.2612562775612,24.4618026018143,-10.));
#8012=CARTESIAN_POINT('',(10.3342440724373,25.0143257379532,-9.3));
#8013=CARTESIAN_POINT('Ctrl Pts',(12.2612562775612,24.4618026018143,-9.3));
#8014=CARTESIAN_POINT('Ctrl Pts',(11.9002181434119,24.4796966665755,-9.3));
#8015=CARTESIAN_POINT('Ctrl Pts',(11.2134994809153,24.5137323737685,-9.3));
#8016=CARTESIAN_POINT('Ctrl Pts',(10.6170933364185,24.8532889524546,-9.3));
#8017=CARTESIAN_POINT('Ctrl Pts',(10.3342440724373,25.0143257379532,-9.3));
#8018=CARTESIAN_POINT('',(10.3342440724373,25.0143257379532,-10.));
#8019=CARTESIAN_POINT('Ctrl Pts',(10.3342440724373,25.0143257379532,-10.));
#8020=CARTESIAN_POINT('Ctrl Pts',(10.6170933364185,24.8532889524546,-10.));
#8021=CARTESIAN_POINT('Ctrl Pts',(11.2134994809153,24.5137323737685,-10.));
#8022=CARTESIAN_POINT('Ctrl Pts',(11.9002181434119,24.4796966665755,-10.));
#8023=CARTESIAN_POINT('Ctrl Pts',(12.2612562775612,24.4618026018143,-10.));
#8024=CARTESIAN_POINT('',(10.3342440724373,25.0143257379532,-9.3));
#8025=CARTESIAN_POINT('Ctrl Pts',(9.2462494969368,26.4979544878006,-9.3));
#8026=CARTESIAN_POINT('Ctrl Pts',(9.2462494969368,26.4979544878006,-10.));
#8027=CARTESIAN_POINT('Ctrl Pts',(9.368882464884,26.2041815402648,-9.3));
#8028=CARTESIAN_POINT('Ctrl Pts',(9.368882464884,26.2041815402648,-10.));
#8029=CARTESIAN_POINT('Ctrl Pts',(9.61202296151435,25.6217272332698,-9.3));
#8030=CARTESIAN_POINT('Ctrl Pts',(9.61202296151435,25.6217272332698,-10.));
#8031=CARTESIAN_POINT('Ctrl Pts',(10.094910774353,25.2156095289375,-9.3));
#8032=CARTESIAN_POINT('Ctrl Pts',(10.094910774353,25.2156095289375,-10.));
#8033=CARTESIAN_POINT('Ctrl Pts',(10.3342440724373,25.0143257379532,-9.3));
#8034=CARTESIAN_POINT('Ctrl Pts',(10.3342440724373,25.0143257379532,-10.));
#8035=CARTESIAN_POINT('',(9.2462494969368,26.4979544878006,-9.3));
#8036=CARTESIAN_POINT('Ctrl Pts',(10.3342440724373,25.0143257379532,-9.3));
#8037=CARTESIAN_POINT('Ctrl Pts',(10.094910774353,25.2156095289375,-9.3));
#8038=CARTESIAN_POINT('Ctrl Pts',(9.61202296151435,25.6217272332698,-9.3));
#8039=CARTESIAN_POINT('Ctrl Pts',(9.368882464884,26.2041815402648,-9.3));
#8040=CARTESIAN_POINT('Ctrl Pts',(9.2462494969368,26.4979544878006,-9.3));
#8041=CARTESIAN_POINT('',(9.2462494969368,26.4979544878006,-10.));
#8042=CARTESIAN_POINT('Ctrl Pts',(9.2462494969368,26.4979544878006,-10.));
#8043=CARTESIAN_POINT('Ctrl Pts',(9.368882464884,26.2041815402648,-10.));
#8044=CARTESIAN_POINT('Ctrl Pts',(9.61202296151435,25.6217272332698,-10.));
#8045=CARTESIAN_POINT('Ctrl Pts',(10.094910774353,25.2156095289375,-10.));
#8046=CARTESIAN_POINT('Ctrl Pts',(10.3342440724373,25.0143257379532,-10.));
#8047=CARTESIAN_POINT('',(9.2462494969368,26.4979544878006,-9.3));
#8048=CARTESIAN_POINT('Ctrl Pts',(8.93247053027153,28.4181455373764,-9.3));
#8049=CARTESIAN_POINT('Ctrl Pts',(8.93247053027153,28.4181455373764,-10.));
#8050=CARTESIAN_POINT('Ctrl Pts',(8.94545607536523,28.0911291517984,-9.3));
#8051=CARTESIAN_POINT('Ctrl Pts',(8.94545607536523,28.0911291517984,-10.));
#8052=CARTESIAN_POINT('Ctrl Pts',(8.97138336174877,27.4381994965694,-9.3));
#8053=CARTESIAN_POINT('Ctrl Pts',(8.97138336174877,27.4381994965694,-10.));
#8054=CARTESIAN_POINT('Ctrl Pts',(9.15473070617019,26.8110162848386,-9.3));
#8055=CARTESIAN_POINT('Ctrl Pts',(9.15473070617019,26.8110162848386,-10.));
#8056=CARTESIAN_POINT('Ctrl Pts',(9.2462494969368,26.4979544878006,-9.3));
#8057=CARTESIAN_POINT('Ctrl Pts',(9.2462494969368,26.4979544878006,-10.));
#8058=CARTESIAN_POINT('',(8.93247053027153,28.4181455373764,-9.3));
#8059=CARTESIAN_POINT('Ctrl Pts',(9.2462494969368,26.4979544878006,-9.3));
#8060=CARTESIAN_POINT('Ctrl Pts',(9.15473070617019,26.8110162848386,-9.3));
#8061=CARTESIAN_POINT('Ctrl Pts',(8.97138336174877,27.4381994965694,-9.3));
#8062=CARTESIAN_POINT('Ctrl Pts',(8.94545607536523,28.0911291517984,-9.3));
#8063=CARTESIAN_POINT('Ctrl Pts',(8.93247053027153,28.4181455373764,-9.3));
#8064=CARTESIAN_POINT('',(8.93247053027153,28.4181455373764,-10.));
#8065=CARTESIAN_POINT('Ctrl Pts',(8.93247053027153,28.4181455373764,-10.));
#8066=CARTESIAN_POINT('Ctrl Pts',(8.94545607536523,28.0911291517984,-10.));
#8067=CARTESIAN_POINT('Ctrl Pts',(8.97138336174877,27.4381994965694,-10.));
#8068=CARTESIAN_POINT('Ctrl Pts',(9.15473070617019,26.8110162848386,-10.));
#8069=CARTESIAN_POINT('Ctrl Pts',(9.2462494969368,26.4979544878006,-10.));
#8070=CARTESIAN_POINT('',(8.93247053027153,28.4181455373764,-9.3));
#8071=CARTESIAN_POINT('Ctrl Pts',(9.30423051118851,30.645294547081,-9.3));
#8072=CARTESIAN_POINT('Ctrl Pts',(9.30423051118851,30.645294547081,-10.));
#8073=CARTESIAN_POINT('Ctrl Pts',(9.19589484495598,30.3037576597211,-9.3));
#8074=CARTESIAN_POINT('Ctrl Pts',(9.19589484495598,30.3037576597211,-10.));
#8075=CARTESIAN_POINT('Ctrl Pts',(8.96619415494128,29.5796077890435,-9.3));
#8076=CARTESIAN_POINT('Ctrl Pts',(8.96619415494128,29.5796077890435,-10.));
#8077=CARTESIAN_POINT('Ctrl Pts',(8.94412894164358,28.8196683527808,-9.3));
#8078=CARTESIAN_POINT('Ctrl Pts',(8.94412894164358,28.8196683527808,-10.));
#8079=CARTESIAN_POINT('Ctrl Pts',(8.93247053027153,28.4181455373764,-9.3));
#8080=CARTESIAN_POINT('Ctrl Pts',(8.93247053027153,28.4181455373764,-10.));
#8081=CARTESIAN_POINT('',(9.30423051118851,30.645294547081,-9.3));
#8082=CARTESIAN_POINT('Ctrl Pts',(8.93247053027153,28.4181455373764,-9.3));
#8083=CARTESIAN_POINT('Ctrl Pts',(8.94412894164358,28.8196683527808,-9.3));
#8084=CARTESIAN_POINT('Ctrl Pts',(8.96619415494128,29.5796077890435,-9.3));
#8085=CARTESIAN_POINT('Ctrl Pts',(9.19589484495598,30.3037576597211,-9.3));
#8086=CARTESIAN_POINT('Ctrl Pts',(9.30423051118851,30.645294547081,-9.3));
#8087=CARTESIAN_POINT('',(9.30423051118851,30.645294547081,-10.));
#8088=CARTESIAN_POINT('Ctrl Pts',(9.30423051118851,30.645294547081,-10.));
#8089=CARTESIAN_POINT('Ctrl Pts',(9.19589484495598,30.3037576597211,-10.));
#8090=CARTESIAN_POINT('Ctrl Pts',(8.96619415494128,29.5796077890435,-10.));
#8091=CARTESIAN_POINT('Ctrl Pts',(8.94412894164358,28.8196683527808,-10.));
#8092=CARTESIAN_POINT('Ctrl Pts',(8.93247053027153,28.4181455373764,-10.));
#8093=CARTESIAN_POINT('',(9.30423051118851,30.645294547081,-9.3));
#8094=CARTESIAN_POINT('Ctrl Pts',(10.4604378342629,32.0675317049027,-9.3));
#8095=CARTESIAN_POINT('Ctrl Pts',(10.4604378342629,32.0675317049027,-10.));
#8096=CARTESIAN_POINT('Ctrl Pts',(10.2144348893968,31.8861013489981,-9.3));
#8097=CARTESIAN_POINT('Ctrl Pts',(10.2144348893968,31.8861013489981,-10.));
#8098=CARTESIAN_POINT('Ctrl Pts',(9.70725881582865,31.5120524302591,-9.3));
#8099=CARTESIAN_POINT('Ctrl Pts',(9.70725881582865,31.5120524302591,-10.));
#8100=CARTESIAN_POINT('Ctrl Pts',(9.44122572504097,30.9399182253616,-9.3));
#8101=CARTESIAN_POINT('Ctrl Pts',(9.44122572504097,30.9399182253616,-10.));
#8102=CARTESIAN_POINT('Ctrl Pts',(9.30423051118851,30.645294547081,-9.3));
#8103=CARTESIAN_POINT('Ctrl Pts',(9.30423051118851,30.645294547081,-10.));
#8104=CARTESIAN_POINT('',(10.4604378342629,32.0675317049027,-9.3));
#8105=CARTESIAN_POINT('Ctrl Pts',(9.30423051118851,30.645294547081,-9.3));
#8106=CARTESIAN_POINT('Ctrl Pts',(9.44122572504097,30.9399182253616,-9.3));
#8107=CARTESIAN_POINT('Ctrl Pts',(9.70725881582865,31.5120524302591,-9.3));
#8108=CARTESIAN_POINT('Ctrl Pts',(10.2144348893968,31.8861013489981,-9.3));
#8109=CARTESIAN_POINT('Ctrl Pts',(10.4604378342629,32.0675317049027,-9.3));
#8110=CARTESIAN_POINT('',(10.4604378342629,32.0675317049027,-10.));
#8111=CARTESIAN_POINT('Ctrl Pts',(10.4604378342629,32.0675317049027,-10.));
#8112=CARTESIAN_POINT('Ctrl Pts',(10.2144348893968,31.8861013489981,-10.));
#8113=CARTESIAN_POINT('Ctrl Pts',(9.70725881582865,31.5120524302591,-10.));
#8114=CARTESIAN_POINT('Ctrl Pts',(9.44122572504097,30.9399182253616,-10.));
#8115=CARTESIAN_POINT('Ctrl Pts',(9.30423051118851,30.645294547081,-10.));
#8116=CARTESIAN_POINT('',(10.4604378342629,32.0675317049027,-9.3));
#8117=CARTESIAN_POINT('Ctrl Pts',(12.1589371562004,32.5381997823715,-9.3));
#8118=CARTESIAN_POINT('Ctrl Pts',(12.1589371562004,32.5381997823715,-10.));
#8119=CARTESIAN_POINT('Ctrl Pts',(11.8596245728149,32.5185709156414,-9.3));
#8120=CARTESIAN_POINT('Ctrl Pts',(11.8596245728149,32.5185709156414,-10.));
#8121=CARTESIAN_POINT('Ctrl Pts',(11.2608676968646,32.4793045447163,-9.3));
#8122=CARTESIAN_POINT('Ctrl Pts',(11.2608676968646,32.4793045447163,-10.));
#8123=CARTESIAN_POINT('Ctrl Pts',(10.7272869125721,32.2048094451657,-9.3));
#8124=CARTESIAN_POINT('Ctrl Pts',(10.7272869125721,32.2048094451657,-10.));
#8125=CARTESIAN_POINT('Ctrl Pts',(10.4604378342629,32.0675317049027,-9.3));
#8126=CARTESIAN_POINT('Ctrl Pts',(10.4604378342629,32.0675317049027,-10.));
#8127=CARTESIAN_POINT('',(12.1589371562004,32.5381997823715,-9.3));
#8128=CARTESIAN_POINT('Ctrl Pts',(10.4604378342629,32.0675317049027,-9.3));
#8129=CARTESIAN_POINT('Ctrl Pts',(10.7272869125721,32.2048094451657,-9.3));
#8130=CARTESIAN_POINT('Ctrl Pts',(11.2608676968646,32.4793045447163,-9.3));
#8131=CARTESIAN_POINT('Ctrl Pts',(11.8596245728149,32.5185709156414,-9.3));
#8132=CARTESIAN_POINT('Ctrl Pts',(12.1589371562004,32.5381997823715,-9.3));
#8133=CARTESIAN_POINT('',(12.1589371562004,32.5381997823715,-10.));
#8134=CARTESIAN_POINT('Ctrl Pts',(12.1589371562004,32.5381997823715,-10.));
#8135=CARTESIAN_POINT('Ctrl Pts',(11.8596245728149,32.5185709156414,-10.));
#8136=CARTESIAN_POINT('Ctrl Pts',(11.2608676968646,32.4793045447163,-10.));
#8137=CARTESIAN_POINT('Ctrl Pts',(10.7272869125721,32.2048094451657,-10.));
#8138=CARTESIAN_POINT('Ctrl Pts',(10.4604378342629,32.0675317049027,-10.));
#8139=CARTESIAN_POINT('',(12.1589371562004,32.5381997823715,-9.3));
#8140=CARTESIAN_POINT('Ctrl Pts',(14.0416112542152,31.8969992399216,-9.3));
#8141=CARTESIAN_POINT('Ctrl Pts',(14.0416112542152,31.8969992399216,-10.));
#8142=CARTESIAN_POINT('Ctrl Pts',(13.7654913640591,32.0839748095589,-9.3));
#8143=CARTESIAN_POINT('Ctrl Pts',(13.7654913640591,32.0839748095589,-10.));
#8144=CARTESIAN_POINT('Ctrl Pts',(13.1971818927657,32.4688075974659,-9.3));
#8145=CARTESIAN_POINT('Ctrl Pts',(13.1971818927657,32.4688075974659,-10.));
#8146=CARTESIAN_POINT('Ctrl Pts',(12.5114817567297,32.5146370911815,-9.3));
#8147=CARTESIAN_POINT('Ctrl Pts',(12.5114817567297,32.5146370911815,-10.));
#8148=CARTESIAN_POINT('Ctrl Pts',(12.1589371562004,32.5381997823715,-9.3));
#8149=CARTESIAN_POINT('Ctrl Pts',(12.1589371562004,32.5381997823715,-10.));
#8150=CARTESIAN_POINT('',(14.0416112542152,31.8969992399216,-9.3));
#8151=CARTESIAN_POINT('Ctrl Pts',(12.1589371562004,32.5381997823715,-9.3));
#8152=CARTESIAN_POINT('Ctrl Pts',(12.5114817567297,32.5146370911815,-9.3));
#8153=CARTESIAN_POINT('Ctrl Pts',(13.1971818927657,32.4688075974659,-9.3));
#8154=CARTESIAN_POINT('Ctrl Pts',(13.7654913640591,32.0839748095589,-9.3));
#8155=CARTESIAN_POINT('Ctrl Pts',(14.0416112542152,31.8969992399216,-9.3));
#8156=CARTESIAN_POINT('',(14.0416112542152,31.8969992399216,-10.));
#8157=CARTESIAN_POINT('Ctrl Pts',(14.0416112542152,31.8969992399216,-10.));
#8158=CARTESIAN_POINT('Ctrl Pts',(13.7654913640591,32.0839748095589,-10.));
#8159=CARTESIAN_POINT('Ctrl Pts',(13.1971818927657,32.4688075974659,-10.));
#8160=CARTESIAN_POINT('Ctrl Pts',(12.5114817567297,32.5146370911815,-10.));
#8161=CARTESIAN_POINT('Ctrl Pts',(12.1589371562004,32.5381997823715,-10.));
#8162=CARTESIAN_POINT('',(14.0416112542152,31.8969992399216,-9.3));
#8163=CARTESIAN_POINT('Ctrl Pts',(15.0852677226067,29.9938622713089,-9.3));
#8164=CARTESIAN_POINT('Ctrl Pts',(15.0852677226067,29.9938622713089,-10.));
#8165=CARTESIAN_POINT('Ctrl Pts',(14.9834148620936,30.3800220425454,-9.3));
#8166=CARTESIAN_POINT('Ctrl Pts',(14.9834148620936,30.3800220425454,-10.));
#8167=CARTESIAN_POINT('Ctrl Pts',(14.792724757602,31.1029948364036,-9.3));
#8168=CARTESIAN_POINT('Ctrl Pts',(14.792724757602,31.1029948364036,-10.));
#8169=CARTESIAN_POINT('Ctrl Pts',(14.2803244031116,31.6446548331885,-9.3));
#8170=CARTESIAN_POINT('Ctrl Pts',(14.2803244031116,31.6446548331885,-10.));
#8171=CARTESIAN_POINT('Ctrl Pts',(14.0416112542152,31.8969992399216,-9.3));
#8172=CARTESIAN_POINT('Ctrl Pts',(14.0416112542152,31.8969992399216,-10.));
#8173=CARTESIAN_POINT('Ctrl Pts',(14.0416112542152,31.8969992399216,-9.3));
#8174=CARTESIAN_POINT('Ctrl Pts',(14.2803244031116,31.6446548331885,-9.3));
#8175=CARTESIAN_POINT('Ctrl Pts',(14.792724757602,31.1029948364036,-9.3));
#8176=CARTESIAN_POINT('Ctrl Pts',(14.9834148620936,30.3800220425454,-9.3));
#8177=CARTESIAN_POINT('Ctrl Pts',(15.0852677226067,29.9938622713089,-9.3));
#8178=CARTESIAN_POINT('Ctrl Pts',(15.0852677226067,29.9938622713089,-10.));
#8179=CARTESIAN_POINT('Ctrl Pts',(14.9834148620936,30.3800220425454,-10.));
#8180=CARTESIAN_POINT('Ctrl Pts',(14.792724757602,31.1029948364036,-10.));
#8181=CARTESIAN_POINT('Ctrl Pts',(14.2803244031116,31.6446548331885,-10.));
#8182=CARTESIAN_POINT('Ctrl Pts',(14.0416112542152,31.8969992399216,-10.));
#8183=CARTESIAN_POINT('Origin',(27.5000008195639,28.5000005960465,-10.));
#8184=CARTESIAN_POINT('Origin',(27.5000008195639,28.5000005960465,-9.3));
#8185=CARTESIAN_POINT('Origin',(17.8547075390816,23.5000005960465,-9.3));
#8186=CARTESIAN_POINT('',(17.8547075390816,33.5000005960465,-9.3));
#8187=CARTESIAN_POINT('',(17.8547075390816,23.5000005960465,-9.3));
#8188=CARTESIAN_POINT('',(17.8547075390816,33.5000005960465,-9.3));
#8189=CARTESIAN_POINT('',(17.8547075390816,33.5000005960465,-10.));
#8190=CARTESIAN_POINT('',(17.8547075390816,33.5000005960465,-9.3));
#8191=CARTESIAN_POINT('',(17.8547075390816,23.5000005960465,-10.));
#8192=CARTESIAN_POINT('',(17.8547075390816,33.5000005960465,-10.));
#8193=CARTESIAN_POINT('',(17.8547075390816,23.5000005960465,-9.3));
#8194=CARTESIAN_POINT('Origin',(19.0825381875038,23.5000005960465,-9.3));
#8195=CARTESIAN_POINT('',(19.0825381875038,23.5000005960465,-9.3));
#8196=CARTESIAN_POINT('',(17.8547075390816,23.5000005960465,-9.3));
#8197=CARTESIAN_POINT('',(19.0825381875038,23.5000005960465,-10.));
#8198=CARTESIAN_POINT('',(17.8547075390816,23.5000005960465,-10.));
#8199=CARTESIAN_POINT('',(19.0825381875038,23.5000005960465,-9.3));
#8200=CARTESIAN_POINT('Origin',(19.0825381875038,33.5000005960465,-9.3));
#8201=CARTESIAN_POINT('',(19.0825381875038,33.5000005960465,-9.3));
#8202=CARTESIAN_POINT('',(19.0825381875038,23.5000005960465,-9.3));
#8203=CARTESIAN_POINT('',(19.0825381875038,33.5000005960465,-10.));
#8204=CARTESIAN_POINT('',(19.0825381875038,23.5000005960465,-10.));
#8205=CARTESIAN_POINT('',(19.0825381875038,33.5000005960465,-9.3));
#8206=CARTESIAN_POINT('Origin',(17.8547075390816,33.5000005960465,-9.3));
#8207=CARTESIAN_POINT('',(19.0825381875038,33.5000005960465,-9.3));
#8208=CARTESIAN_POINT('',(19.0825381875038,33.5000005960465,-10.));
#8209=CARTESIAN_POINT('Origin',(27.5000008195639,28.5000005960465,-10.));
#8210=CARTESIAN_POINT('Origin',(27.5000008195639,28.5000005960465,-9.3));
#8211=CARTESIAN_POINT('Origin',(28.0115976929665,26.2557986974716,-9.3));
#8212=CARTESIAN_POINT('',(30.7673969864845,33.5000005960465,-9.3));
#8213=CARTESIAN_POINT('',(28.0115976929665,26.2557986974716,-9.3));
#8214=CARTESIAN_POINT('',(30.7673969864845,33.5000005960465,-9.3));
#8215=CARTESIAN_POINT('',(30.7673969864845,33.5000005960465,-10.));
#8216=CARTESIAN_POINT('',(30.7673969864845,33.5000005960465,-9.3));
#8217=CARTESIAN_POINT('',(28.0115976929665,26.2557986974716,-10.));
#8218=CARTESIAN_POINT('',(30.7673969864845,33.5000005960465,-10.));
#8219=CARTESIAN_POINT('',(28.0115976929665,26.2557986974716,-9.3));
#8220=CARTESIAN_POINT('Origin',(29.3076410889626,26.2557986974716,-9.3));
#8221=CARTESIAN_POINT('',(29.3076410889626,26.2557986974716,-9.3));
#8222=CARTESIAN_POINT('',(28.0115976929665,26.2557986974716,-9.3));
#8223=CARTESIAN_POINT('',(29.3076410889626,26.2557986974716,-10.));
#8224=CARTESIAN_POINT('',(28.0115976929665,26.2557986974716,-10.));
#8225=CARTESIAN_POINT('',(29.3076410889626,26.2557986974716,-9.3));
#8226=CARTESIAN_POINT('Origin',(30.8628931641579,30.5941346883774,-9.3));
#8227=CARTESIAN_POINT('',(30.8628931641579,30.5941346883774,-9.3));
#8228=CARTESIAN_POINT('',(29.3076410889626,26.2557986974716,-9.3));
#8229=CARTESIAN_POINT('',(30.8628931641579,30.5941346883774,-10.));
#8230=CARTESIAN_POINT('',(29.3076410889626,26.2557986974716,-10.));
#8231=CARTESIAN_POINT('',(30.8628931641579,30.5941346883774,-9.3));
#8232=CARTESIAN_POINT('Ctrl Pts',(31.3267412781715,32.0538882017136,-9.3));
#8233=CARTESIAN_POINT('Ctrl Pts',(31.3267412781715,32.0538882017136,-10.));
#8234=CARTESIAN_POINT('Ctrl Pts',(31.2551071351153,31.8053288740244,-9.3));
#8235=CARTESIAN_POINT('Ctrl Pts',(31.2551071351153,31.8053288740244,-10.));
#8236=CARTESIAN_POINT('Ctrl Pts',(31.113667159693,31.3145541721937,-9.3));
#8237=CARTESIAN_POINT('Ctrl Pts',(31.113667159693,31.3145541721937,-10.));
#8238=CARTESIAN_POINT('Ctrl Pts',(30.9457610216428,30.8321961308601,-9.3));
#8239=CARTESIAN_POINT('Ctrl Pts',(30.9457610216428,30.8321961308601,-10.));
#8240=CARTESIAN_POINT('Ctrl Pts',(30.8628931641579,30.5941346883774,-9.3));
#8241=CARTESIAN_POINT('Ctrl Pts',(30.8628931641579,30.5941346883774,-10.));
#8242=CARTESIAN_POINT('',(31.3267412781715,32.0538882017136,-9.3));
#8243=CARTESIAN_POINT('Ctrl Pts',(30.8628931641579,30.5941346883774,-9.3));
#8244=CARTESIAN_POINT('Ctrl Pts',(30.9457610216428,30.8321961308601,-9.3));
#8245=CARTESIAN_POINT('Ctrl Pts',(31.113667159693,31.3145541721937,-9.3));
#8246=CARTESIAN_POINT('Ctrl Pts',(31.2551071351153,31.8053288740244,-9.3));
#8247=CARTESIAN_POINT('Ctrl Pts',(31.3267412781715,32.0538882017136,-9.3));
#8248=CARTESIAN_POINT('',(31.3267412781715,32.0538882017136,-10.));
#8249=CARTESIAN_POINT('Ctrl Pts',(31.3267412781715,32.0538882017136,-10.));
#8250=CARTESIAN_POINT('Ctrl Pts',(31.2551071351153,31.8053288740244,-10.));
#8251=CARTESIAN_POINT('Ctrl Pts',(31.113667159693,31.3145541721937,-10.));
#8252=CARTESIAN_POINT('Ctrl Pts',(30.9457610216428,30.8321961308601,-10.));
#8253=CARTESIAN_POINT('Ctrl Pts',(30.8628931641579,30.5941346883774,-10.));
#8254=CARTESIAN_POINT('',(31.3267412781715,32.0538882017136,-9.3));
#8255=CARTESIAN_POINT('Ctrl Pts',(31.7837658524513,30.6759897470474,-9.3));
#8256=CARTESIAN_POINT('Ctrl Pts',(31.7837658524513,30.6759897470474,-10.));
#8257=CARTESIAN_POINT('Ctrl Pts',(31.6944256537325,30.924184615087,-9.3));
#8258=CARTESIAN_POINT('Ctrl Pts',(31.6944256537325,30.924184615087,-10.));
#8259=CARTESIAN_POINT('Ctrl Pts',(31.530475061415,31.3796536671909,-9.3));
#8260=CARTESIAN_POINT('Ctrl Pts',(31.530475061415,31.3796536671909,-10.));
#8261=CARTESIAN_POINT('Ctrl Pts',(31.3904593991324,31.8430200926414,-9.3));
#8262=CARTESIAN_POINT('Ctrl Pts',(31.3904593991324,31.8430200926414,-10.));
#8263=CARTESIAN_POINT('Ctrl Pts',(31.3267412781715,32.0538882017136,-9.3));
#8264=CARTESIAN_POINT('Ctrl Pts',(31.3267412781715,32.0538882017136,-10.));
#8265=CARTESIAN_POINT('',(31.7837658524513,30.6759897470474,-9.3));
#8266=CARTESIAN_POINT('Ctrl Pts',(31.3267412781715,32.0538882017136,-9.3));
#8267=CARTESIAN_POINT('Ctrl Pts',(31.3904593991324,31.8430200926414,-9.3));
#8268=CARTESIAN_POINT('Ctrl Pts',(31.530475061415,31.3796536671909,-9.3));
#8269=CARTESIAN_POINT('Ctrl Pts',(31.6944256537325,30.924184615087,-9.3));
#8270=CARTESIAN_POINT('Ctrl Pts',(31.7837658524513,30.6759897470474,-9.3));
#8271=CARTESIAN_POINT('',(31.7837658524513,30.6759897470474,-10.));
#8272=CARTESIAN_POINT('Ctrl Pts',(31.7837658524513,30.6759897470474,-10.));
#8273=CARTESIAN_POINT('Ctrl Pts',(31.6944256537325,30.924184615087,-10.));
#8274=CARTESIAN_POINT('Ctrl Pts',(31.530475061415,31.3796536671909,-10.));
#8275=CARTESIAN_POINT('Ctrl Pts',(31.3904593991324,31.8430200926414,-10.));
#8276=CARTESIAN_POINT('Ctrl Pts',(31.3267412781715,32.0538882017136,-10.));
#8277=CARTESIAN_POINT('',(31.7837658524513,30.6759897470474,-9.3));
#8278=CARTESIAN_POINT('Origin',(33.3935895562172,26.2557986974716,-9.3));
#8279=CARTESIAN_POINT('',(33.3935895562172,26.2557986974716,-9.3));
#8280=CARTESIAN_POINT('',(31.7837658524513,30.6759897470474,-9.3));
#8281=CARTESIAN_POINT('',(33.3935895562172,26.2557986974716,-10.));
#8282=CARTESIAN_POINT('',(31.7837658524513,30.6759897470474,-10.));
#8283=CARTESIAN_POINT('',(33.3935895562172,26.2557986974716,-9.3));
#8284=CARTESIAN_POINT('Origin',(34.6555271744728,26.2557986974716,-9.3));
#8285=CARTESIAN_POINT('',(34.6555271744728,26.2557986974716,-9.3));
#8286=CARTESIAN_POINT('',(33.3935895562172,26.2557986974716,-9.3));
#8287=CARTESIAN_POINT('',(34.6555271744728,26.2557986974716,-10.));
#8288=CARTESIAN_POINT('',(33.3935895562172,26.2557986974716,-10.));
#8289=CARTESIAN_POINT('',(34.6555271744728,26.2557986974716,-9.3));
#8290=CARTESIAN_POINT('Origin',(31.9133701920509,33.5000005960465,-9.3));
#8291=CARTESIAN_POINT('',(31.9133701920509,33.5000005960465,-9.3));
#8292=CARTESIAN_POINT('',(34.6555271744728,26.2557986974716,-9.3));
#8293=CARTESIAN_POINT('',(31.9133701920509,33.5000005960465,-10.));
#8294=CARTESIAN_POINT('',(34.6555271744728,26.2557986974716,-10.));
#8295=CARTESIAN_POINT('',(31.9133701920509,33.5000005960465,-9.3));
#8296=CARTESIAN_POINT('Origin',(30.7673969864845,33.5000005960465,-9.3));
#8297=CARTESIAN_POINT('',(31.9133701920509,33.5000005960465,-9.3));
#8298=CARTESIAN_POINT('',(31.9133701920509,33.5000005960465,-10.));
#8299=CARTESIAN_POINT('Origin',(27.5000008195639,28.5000005960465,-10.));
#8300=CARTESIAN_POINT('Origin',(27.5000008195639,28.5000005960465,-9.3));
#8301=CARTESIAN_POINT('Origin',(43.4959092736244,26.2557986974716,-9.3));
#8302=CARTESIAN_POINT('',(43.4959092736244,33.5000005960465,-9.3));
#8303=CARTESIAN_POINT('',(43.4959092736244,26.2557986974716,-9.3));
#8304=CARTESIAN_POINT('',(43.4959092736244,33.5000005960465,-9.3));
#8305=CARTESIAN_POINT('',(43.4959092736244,33.5000005960465,-10.));
#8306=CARTESIAN_POINT('',(43.4959092736244,33.5000005960465,-9.3));
#8307=CARTESIAN_POINT('',(43.4959092736244,26.2557986974716,-10.));
#8308=CARTESIAN_POINT('',(43.4959092736244,33.5000005960465,-10.));
#8309=CARTESIAN_POINT('',(43.4959092736244,26.2557986974716,-9.3));
#8310=CARTESIAN_POINT('Origin',(44.600957930088,26.2557986974716,-9.3));
#8311=CARTESIAN_POINT('',(44.600957930088,26.2557986974716,-9.3));
#8312=CARTESIAN_POINT('',(43.4959092736244,26.2557986974716,-9.3));
#8313=CARTESIAN_POINT('',(44.600957930088,26.2557986974716,-10.));
#8314=CARTESIAN_POINT('',(43.4959092736244,26.2557986974716,-10.));
#8315=CARTESIAN_POINT('',(44.600957930088,26.2557986974716,-9.3));
#8316=CARTESIAN_POINT('Origin',(44.600957930088,27.3540250062943,-9.3));
#8317=CARTESIAN_POINT('',(44.600957930088,27.3540250062943,-9.3));
#8318=CARTESIAN_POINT('',(44.600957930088,26.2557986974716,-9.3));
#8319=CARTESIAN_POINT('',(44.600957930088,27.3540250062943,-10.));
#8320=CARTESIAN_POINT('',(44.600957930088,26.2557986974716,-10.));
#8321=CARTESIAN_POINT('',(44.600957930088,27.3540250062943,-9.3));
#8322=CARTESIAN_POINT('Ctrl Pts',(45.3819933533669,26.3376537561417,-9.3));
#8323=CARTESIAN_POINT('Ctrl Pts',(45.3819933533669,26.3376537561417,-10.));
#8324=CARTESIAN_POINT('Ctrl Pts',(45.2510908993947,26.4583799641016,-9.3));
#8325=CARTESIAN_POINT('Ctrl Pts',(45.2510908993947,26.4583799641016,-10.));
#8326=CARTESIAN_POINT('Ctrl Pts',(44.9334186567604,26.7513566353834,-9.3));
#8327=CARTESIAN_POINT('Ctrl Pts',(44.9334186567604,26.7513566353834,-10.));
#8328=CARTESIAN_POINT('Ctrl Pts',(44.7240515975596,27.1308868907429,-9.3));
#8329=CARTESIAN_POINT('Ctrl Pts',(44.7240515975596,27.1308868907429,-10.));
#8330=CARTESIAN_POINT('Ctrl Pts',(44.600957930088,27.3540250062943,-9.3));
#8331=CARTESIAN_POINT('Ctrl Pts',(44.600957930088,27.3540250062943,-10.));
#8332=CARTESIAN_POINT('',(45.3819933533669,26.3376537561417,-9.3));
#8333=CARTESIAN_POINT('Ctrl Pts',(44.600957930088,27.3540250062943,-9.3));
#8334=CARTESIAN_POINT('Ctrl Pts',(44.7240515975596,27.1308868907429,-9.3));
#8335=CARTESIAN_POINT('Ctrl Pts',(44.9334186567604,26.7513566353834,-9.3));
#8336=CARTESIAN_POINT('Ctrl Pts',(45.2510908993947,26.4583799641016,-9.3));
#8337=CARTESIAN_POINT('Ctrl Pts',(45.3819933533669,26.3376537561417,-9.3));
#8338=CARTESIAN_POINT('',(45.3819933533669,26.3376537561417,-10.));
#8339=CARTESIAN_POINT('Ctrl Pts',(45.3819933533669,26.3376537561417,-10.));
#8340=CARTESIAN_POINT('Ctrl Pts',(45.2510908993947,26.4583799641016,-10.));
#8341=CARTESIAN_POINT('Ctrl Pts',(44.9334186567604,26.7513566353834,-10.));
#8342=CARTESIAN_POINT('Ctrl Pts',(44.7240515975596,27.1308868907429,-10.));
#8343=CARTESIAN_POINT('Ctrl Pts',(44.600957930088,27.3540250062943,-10.));
#8344=CARTESIAN_POINT('',(45.3819933533669,26.3376537561417,-9.3));
#8345=CARTESIAN_POINT('Ctrl Pts',(46.1698523163795,26.0920873880386,-9.3));
#8346=CARTESIAN_POINT('Ctrl Pts',(46.1698523163795,26.0920873880386,-10.));
#8347=CARTESIAN_POINT('Ctrl Pts',(46.0294249842575,26.1024325742694,-9.3));
#8348=CARTESIAN_POINT('Ctrl Pts',(46.0294249842575,26.1024325742694,-10.));
#8349=CARTESIAN_POINT('Ctrl Pts',(45.7477877272799,26.1231805998063,-9.3));
#8350=CARTESIAN_POINT('Ctrl Pts',(45.7477877272799,26.1231805998063,-10.));
#8351=CARTESIAN_POINT('Ctrl Pts',(45.5041504783805,26.2660303905599,-9.3));
#8352=CARTESIAN_POINT('Ctrl Pts',(45.5041504783805,26.2660303905599,-10.));
#8353=CARTESIAN_POINT('Ctrl Pts',(45.3819933533669,26.3376537561417,-9.3));
#8354=CARTESIAN_POINT('Ctrl Pts',(45.3819933533669,26.3376537561417,-10.));
#8355=CARTESIAN_POINT('',(46.1698523163795,26.0920873880386,-9.3));
#8356=CARTESIAN_POINT('Ctrl Pts',(45.3819933533669,26.3376537561417,-9.3));
#8357=CARTESIAN_POINT('Ctrl Pts',(45.5041504783805,26.2660303905599,-9.3));
#8358=CARTESIAN_POINT('Ctrl Pts',(45.7477877272799,26.1231805998063,-9.3));
#8359=CARTESIAN_POINT('Ctrl Pts',(46.0294249842575,26.1024325742694,-9.3));
#8360=CARTESIAN_POINT('Ctrl Pts',(46.1698523163795,26.0920873880386,-9.3));
#8361=CARTESIAN_POINT('',(46.1698523163795,26.0920873880386,-10.));
#8362=CARTESIAN_POINT('Ctrl Pts',(46.1698523163795,26.0920873880386,-10.));
#8363=CARTESIAN_POINT('Ctrl Pts',(46.0294249842575,26.1024325742694,-10.));
#8364=CARTESIAN_POINT('Ctrl Pts',(45.7477877272799,26.1231805998063,-10.));
#8365=CARTESIAN_POINT('Ctrl Pts',(45.5041504783805,26.2660303905599,-10.));
#8366=CARTESIAN_POINT('Ctrl Pts',(45.3819933533669,26.3376537561417,-10.));
#8367=CARTESIAN_POINT('',(46.1698523163795,26.0920873880386,-9.3));
#8368=CARTESIAN_POINT('Ctrl Pts',(47.4317875504494,26.4877215623856,-9.3));
#8369=CARTESIAN_POINT('Ctrl Pts',(47.4317875504494,26.4877215623856,-10.));
#8370=CARTESIAN_POINT('Ctrl Pts',(47.2247699945293,26.3724187526327,-9.3));
#8371=CARTESIAN_POINT('Ctrl Pts',(47.2247699945293,26.3724187526327,-10.));
#8372=CARTESIAN_POINT('Ctrl Pts',(46.8308710436423,26.1530283941961,-9.3));
#8373=CARTESIAN_POINT('Ctrl Pts',(46.8308710436423,26.1530283941961,-10.));
#8374=CARTESIAN_POINT('Ctrl Pts',(46.3825525269359,26.1116967641525,-9.3));
#8375=CARTESIAN_POINT('Ctrl Pts',(46.3825525269359,26.1116967641525,-10.));
#8376=CARTESIAN_POINT('Ctrl Pts',(46.1698523163795,26.0920873880386,-9.3));
#8377=CARTESIAN_POINT('Ctrl Pts',(46.1698523163795,26.0920873880386,-10.));
#8378=CARTESIAN_POINT('',(47.4317875504494,26.4877215623856,-9.3));
#8379=CARTESIAN_POINT('Ctrl Pts',(46.1698523163795,26.0920873880386,-9.3));
#8380=CARTESIAN_POINT('Ctrl Pts',(46.3825525269359,26.1116967641525,-9.3));
#8381=CARTESIAN_POINT('Ctrl Pts',(46.8308710436423,26.1530283941961,-9.3));
#8382=CARTESIAN_POINT('Ctrl Pts',(47.2247699945293,26.3724187526327,-9.3));
#8383=CARTESIAN_POINT('Ctrl Pts',(47.4317875504494,26.4877215623856,-9.3));
#8384=CARTESIAN_POINT('',(47.4317875504494,26.4877215623856,-10.));
#8385=CARTESIAN_POINT('Ctrl Pts',(47.4317875504494,26.4877215623856,-10.));
#8386=CARTESIAN_POINT('Ctrl Pts',(47.2247699945293,26.3724187526327,-10.));
#8387=CARTESIAN_POINT('Ctrl Pts',(46.8308710436423,26.1530283941961,-10.));
#8388=CARTESIAN_POINT('Ctrl Pts',(46.3825525269359,26.1116967641525,-10.));
#8389=CARTESIAN_POINT('Ctrl Pts',(46.1698523163795,26.0920873880386,-10.));
#8390=CARTESIAN_POINT('',(47.4317875504494,26.4877215623856,-9.3));
#8391=CARTESIAN_POINT('Origin',(47.0088711380959,27.6268759965897,-9.3));
#8392=CARTESIAN_POINT('',(47.0088711380959,27.6268759965897,-9.3));
#8393=CARTESIAN_POINT('',(47.4317875504494,26.4877215623856,-9.3));
#8394=CARTESIAN_POINT('',(47.0088711380959,27.6268759965897,-10.));
#8395=CARTESIAN_POINT('',(47.4317875504494,26.4877215623856,-10.));
#8396=CARTESIAN_POINT('',(47.0088711380959,27.6268759965897,-9.3));
#8397=CARTESIAN_POINT('Ctrl Pts',(46.1084595322609,27.3608461618424,-9.3));
#8398=CARTESIAN_POINT('Ctrl Pts',(46.1084595322609,27.3608461618424,-10.));
#8399=CARTESIAN_POINT('Ctrl Pts',(46.2612612427429,27.3735785946905,-9.3));
#8400=CARTESIAN_POINT('Ctrl Pts',(46.2612612427429,27.3735785946905,-10.));
#8401=CARTESIAN_POINT('Ctrl Pts',(46.5794039070867,27.4000883117421,-9.3));
#8402=CARTESIAN_POINT('Ctrl Pts',(46.5794039070867,27.4000883117421,-10.));
#8403=CARTESIAN_POINT('Ctrl Pts',(46.8620026218657,27.5493195071351,-9.3));
#8404=CARTESIAN_POINT('Ctrl Pts',(46.8620026218657,27.5493195071351,-10.));
#8405=CARTESIAN_POINT('Ctrl Pts',(47.0088711380959,27.6268759965897,-9.3));
#8406=CARTESIAN_POINT('Ctrl Pts',(47.0088711380959,27.6268759965897,-10.));
#8407=CARTESIAN_POINT('',(46.1084595322609,27.3608461618424,-9.3));
#8408=CARTESIAN_POINT('Ctrl Pts',(47.0088711380959,27.6268759965897,-9.3));
#8409=CARTESIAN_POINT('Ctrl Pts',(46.8620026218657,27.5493195071351,-9.3));
#8410=CARTESIAN_POINT('Ctrl Pts',(46.5794039070867,27.4000883117421,-9.3));
#8411=CARTESIAN_POINT('Ctrl Pts',(46.2612612427429,27.3735785946905,-9.3));
#8412=CARTESIAN_POINT('Ctrl Pts',(46.1084595322609,27.3608461618424,-9.3));
#8413=CARTESIAN_POINT('',(46.1084595322609,27.3608461618424,-10.));
#8414=CARTESIAN_POINT('Ctrl Pts',(46.1084595322609,27.3608461618424,-10.));
#8415=CARTESIAN_POINT('Ctrl Pts',(46.2612612427429,27.3735785946905,-10.));
#8416=CARTESIAN_POINT('Ctrl Pts',(46.5794039070867,27.4000883117421,-10.));
#8417=CARTESIAN_POINT('Ctrl Pts',(46.8620026218657,27.5493195071351,-10.));
#8418=CARTESIAN_POINT('Ctrl Pts',(47.0088711380959,27.6268759965897,-10.));
#8419=CARTESIAN_POINT('',(46.1084595322609,27.3608461618424,-9.3));
#8420=CARTESIAN_POINT('Ctrl Pts',(45.3854051232338,27.6030019521713,-9.3));
#8421=CARTESIAN_POINT('Ctrl Pts',(45.3854051232338,27.6030019521713,-10.));
#8422=CARTESIAN_POINT('Ctrl Pts',(45.4957126424695,27.5323733332129,-9.3));
#8423=CARTESIAN_POINT('Ctrl Pts',(45.4957126424695,27.5323733332129,-10.));
#8424=CARTESIAN_POINT('Ctrl Pts',(45.7164290534676,27.3910511876487,-9.3));
#8425=CARTESIAN_POINT('Ctrl Pts',(45.7164290534676,27.3910511876487,-10.));
#8426=CARTESIAN_POINT('Ctrl Pts',(45.9777426998721,27.3709175861555,-9.3));
#8427=CARTESIAN_POINT('Ctrl Pts',(45.9777426998721,27.3709175861555,-10.));
#8428=CARTESIAN_POINT('Ctrl Pts',(46.1084595322609,27.3608461618424,-9.3));
#8429=CARTESIAN_POINT('Ctrl Pts',(46.1084595322609,27.3608461618424,-10.));
#8430=CARTESIAN_POINT('',(45.3854051232338,27.6030019521713,-9.3));
#8431=CARTESIAN_POINT('Ctrl Pts',(46.1084595322609,27.3608461618424,-9.3));
#8432=CARTESIAN_POINT('Ctrl Pts',(45.9777426998721,27.3709175861555,-9.3));
#8433=CARTESIAN_POINT('Ctrl Pts',(45.7164290534676,27.3910511876487,-9.3));
#8434=CARTESIAN_POINT('Ctrl Pts',(45.4957126424695,27.5323733332129,-9.3));
#8435=CARTESIAN_POINT('Ctrl Pts',(45.3854051232338,27.6030019521713,-9.3));
#8436=CARTESIAN_POINT('',(45.3854051232338,27.6030019521713,-10.));
#8437=CARTESIAN_POINT('Ctrl Pts',(45.3854051232338,27.6030019521713,-10.));
#8438=CARTESIAN_POINT('Ctrl Pts',(45.4957126424695,27.5323733332129,-10.));
#8439=CARTESIAN_POINT('Ctrl Pts',(45.7164290534676,27.3910511876487,-10.));
#8440=CARTESIAN_POINT('Ctrl Pts',(45.9777426998721,27.3709175861555,-10.));
#8441=CARTESIAN_POINT('Ctrl Pts',(46.1084595322609,27.3608461618424,-10.));
#8442=CARTESIAN_POINT('',(45.3854051232338,27.6030019521713,-9.3));
#8443=CARTESIAN_POINT('Ctrl Pts',(44.9283781647682,28.2748976945877,-9.3));
#8444=CARTESIAN_POINT('Ctrl Pts',(44.9283781647682,28.2748976945877,-10.));
#8445=CARTESIAN_POINT('Ctrl Pts',(44.9797855547759,28.1408100450886,-9.3));
#8446=CARTESIAN_POINT('Ctrl Pts',(44.9797855547759,28.1408100450886,-10.));
#8447=CARTESIAN_POINT('Ctrl Pts',(45.0795162707736,27.8806790155032,-9.3));
#8448=CARTESIAN_POINT('Ctrl Pts',(45.0795162707736,27.8806790155032,-10.));
#8449=CARTESIAN_POINT('Ctrl Pts',(45.2855661283931,27.6936329074036,-9.3));
#8450=CARTESIAN_POINT('Ctrl Pts',(45.2855661283931,27.6936329074036,-10.));
#8451=CARTESIAN_POINT('Ctrl Pts',(45.3854051232338,27.6030019521713,-9.3));
#8452=CARTESIAN_POINT('Ctrl Pts',(45.3854051232338,27.6030019521713,-10.));
#8453=CARTESIAN_POINT('',(44.9283781647682,28.2748976945877,-9.3));
#8454=CARTESIAN_POINT('Ctrl Pts',(45.3854051232338,27.6030019521713,-9.3));
#8455=CARTESIAN_POINT('Ctrl Pts',(45.2855661283931,27.6936329074036,-9.3));
#8456=CARTESIAN_POINT('Ctrl Pts',(45.0795162707736,27.8806790155032,-9.3));
#8457=CARTESIAN_POINT('Ctrl Pts',(44.9797855547759,28.1408100450886,-9.3));
#8458=CARTESIAN_POINT('Ctrl Pts',(44.9283781647682,28.2748976945877,-9.3));
#8459=CARTESIAN_POINT('',(44.9283781647682,28.2748976945877,-10.));
#8460=CARTESIAN_POINT('Ctrl Pts',(44.9283781647682,28.2748976945877,-10.));
#8461=CARTESIAN_POINT('Ctrl Pts',(44.9797855547759,28.1408100450886,-10.));
#8462=CARTESIAN_POINT('Ctrl Pts',(45.0795162707736,27.8806790155032,-10.));
#8463=CARTESIAN_POINT('Ctrl Pts',(45.2855661283931,27.6936329074036,-10.));
#8464=CARTESIAN_POINT('Ctrl Pts',(45.3854051232338,27.6030019521713,-10.));
#8465=CARTESIAN_POINT('',(44.9283781647682,28.2748976945877,-9.3));
#8466=CARTESIAN_POINT('Ctrl Pts',(44.7237411141396,29.7073677778244,-9.3));
#8467=CARTESIAN_POINT('Ctrl Pts',(44.7237411141396,29.7073677778244,-10.));
#8468=CARTESIAN_POINT('Ctrl Pts',(44.7311293396608,29.456986239735,-9.3));
#8469=CARTESIAN_POINT('Ctrl Pts',(44.7311293396608,29.456986239735,-10.));
#8470=CARTESIAN_POINT('Ctrl Pts',(44.7454501548404,28.9716643283976,-9.3));
#8471=CARTESIAN_POINT('Ctrl Pts',(44.7454501548404,28.9716643283976,-10.));
#8472=CARTESIAN_POINT('Ctrl Pts',(44.8687093804243,28.5021740861431,-9.3));
#8473=CARTESIAN_POINT('Ctrl Pts',(44.8687093804243,28.5021740861431,-10.));
#8474=CARTESIAN_POINT('Ctrl Pts',(44.9283781647682,28.2748976945877,-9.3));
#8475=CARTESIAN_POINT('Ctrl Pts',(44.9283781647682,28.2748976945877,-10.));
#8476=CARTESIAN_POINT('',(44.7237411141396,29.7073677778244,-9.3));
#8477=CARTESIAN_POINT('Ctrl Pts',(44.9283781647682,28.2748976945877,-9.3));
#8478=CARTESIAN_POINT('Ctrl Pts',(44.8687093804243,28.5021740861431,-9.3));
#8479=CARTESIAN_POINT('Ctrl Pts',(44.7454501548404,28.9716643283976,-9.3));
#8480=CARTESIAN_POINT('Ctrl Pts',(44.7311293396608,29.456986239735,-9.3));
#8481=CARTESIAN_POINT('Ctrl Pts',(44.7237411141396,29.7073677778244,-9.3));
#8482=CARTESIAN_POINT('',(44.7237411141396,29.7073677778244,-10.));
#8483=CARTESIAN_POINT('Ctrl Pts',(44.7237411141396,29.7073677778244,-10.));
#8484=CARTESIAN_POINT('Ctrl Pts',(44.7311293396608,29.456986239735,-10.));
#8485=CARTESIAN_POINT('Ctrl Pts',(44.7454501548404,28.9716643283976,-10.));
#8486=CARTESIAN_POINT('Ctrl Pts',(44.8687093804243,28.5021740861431,-10.));
#8487=CARTESIAN_POINT('Ctrl Pts',(44.9283781647682,28.2748976945877,-10.));
#8488=CARTESIAN_POINT('',(44.7237411141396,29.7073677778244,-9.3));
#8489=CARTESIAN_POINT('Origin',(44.7237411141396,33.5000005960465,-9.3));
#8490=CARTESIAN_POINT('',(44.7237411141396,33.5000005960465,-9.3));
#8491=CARTESIAN_POINT('',(44.7237411141396,29.7073677778244,-9.3));
#8492=CARTESIAN_POINT('',(44.7237411141396,33.5000005960465,-10.));
#8493=CARTESIAN_POINT('',(44.7237411141396,29.7073677778244,-10.));
#8494=CARTESIAN_POINT('',(44.7237411141396,33.5000005960465,-9.3));
#8495=CARTESIAN_POINT('Origin',(43.4959092736244,33.5000005960465,-9.3));
#8496=CARTESIAN_POINT('',(44.7237411141396,33.5000005960465,-9.3));
#8497=CARTESIAN_POINT('',(44.7237411141396,33.5000005960465,-10.));
#8498=CARTESIAN_POINT('Origin',(27.5000008195639,28.5000005960465,-10.));
#8499=CARTESIAN_POINT('Origin',(27.5000008195639,28.5000005960465,-9.3));
#8500=UNCERTAINTY_MEASURE_WITH_UNIT(LENGTH_MEASURE(0.01),#8504,
'DISTANCE_ACCURACY_VALUE',
'Maximum model space distance between geometric entities at asserted c
onnectivities');
#8501=UNCERTAINTY_MEASURE_WITH_UNIT(LENGTH_MEASURE(0.01),#8504,
'DISTANCE_ACCURACY_VALUE',
'Maximum model space distance between geometric entities at asserted c
onnectivities');
#8502=(
GEOMETRIC_REPRESENTATION_CONTEXT(3)
GLOBAL_UNCERTAINTY_ASSIGNED_CONTEXT((#8500))
GLOBAL_UNIT_ASSIGNED_CONTEXT((#8504,#8506,#8507))
REPRESENTATION_CONTEXT('','3D')
);
#8503=(
GEOMETRIC_REPRESENTATION_CONTEXT(3)
GLOBAL_UNCERTAINTY_ASSIGNED_CONTEXT((#8501))
GLOBAL_UNIT_ASSIGNED_CONTEXT((#8504,#8506,#8507))
REPRESENTATION_CONTEXT('','3D')
);
#8504=(
LENGTH_UNIT()
NAMED_UNIT(*)
SI_UNIT(.MILLI.,.METRE.)
);
#8505=(
LENGTH_UNIT()
NAMED_UNIT(*)
SI_UNIT($,.METRE.)
);
#8506=(
NAMED_UNIT(*)
PLANE_ANGLE_UNIT()
SI_UNIT($,.RADIAN.)
);
#8507=(
NAMED_UNIT(*)
SI_UNIT($,.STERADIAN.)
SOLID_ANGLE_UNIT()
);
#8508=SHAPE_DEFINITION_REPRESENTATION(#8509,#8510);
#8509=PRODUCT_DEFINITION_SHAPE('',$,#8512);
#8510=SHAPE_REPRESENTATION('',(#4292),#8502);
#8511=PRODUCT_DEFINITION_CONTEXT('part definition',#8516,'design');
#8512=PRODUCT_DEFINITION('Encoder','Encoder v12',#8513,#8511);
#8513=PRODUCT_DEFINITION_FORMATION('',$,#8518);
#8514=PRODUCT_RELATED_PRODUCT_CATEGORY('Encoder v12','Encoder v12',(#8518));
#8515=APPLICATION_PROTOCOL_DEFINITION('international standard',
'automotive_design',2009,#8516);
#8516=APPLICATION_CONTEXT(
'Core Data for Automotive Mechanical Design Process');
#8517=PRODUCT_CONTEXT('part definition',#8516,'mechanical');
#8518=PRODUCT('Encoder','Encoder v12',$,(#8517));
#8519=PRESENTATION_STYLE_ASSIGNMENT((#8520));
#8520=SURFACE_STYLE_USAGE(.BOTH.,#8521);
#8521=SURFACE_SIDE_STYLE('',(#8522));
#8522=SURFACE_STYLE_FILL_AREA(#8523);
#8523=FILL_AREA_STYLE('Stal \X2\2014\X0\ satynowa',(#8524));
#8524=FILL_AREA_STYLE_COLOUR('Stal \X2\2014\X0\ satynowa',#8525);
#8525=COLOUR_RGB('Stal \X2\2014\X0\ satynowa',0.627450980392157,0.627450980392157,
0.627450980392157);
ENDSEC;
END-ISO-10303-21;
