ISO-10303-21;
HEADER;
/* Generated by software containing ST-Developer
 * from STEP Tools, Inc. (www.steptools.com) 
 */

FILE_DESCRIPTION(
/* description */ (''),
/* implementation_level */ '2;1');

FILE_NAME(
/* name */ 'SilnikCover.step',
/* time_stamp */ '2026-06-08T15:53:43+02:00',
/* author */ (''),
/* organization */ (''),
/* preprocessor_version */ 'ST-DEVELOPER v20.1',
/* originating_system */ 'Autodesk Translation Framework v15.8.0.0',
/* authorisation */ '');

FILE_SCHEMA (('AUTOMOTIVE_DESIGN { 1 0 10303 214 3 1 1 }'));
ENDSEC;

DATA;
#10=MECHANICAL_DESIGN_GEOMETRIC_PRESENTATION_REPRESENTATION('',(#13),#2587);
#11=SHAPE_REPRESENTATION_RELATIONSHIP('SRR','None',#2594,#12);
#12=ADVANCED_BREP_SHAPE_REPRESENTATION('',(#14),#2586);
#13=STYLED_ITEM('',(#2603),#14);
#14=MANIFOLD_SOLID_BREP('Bry\X2\0142\X0\a6',#1539);
#15=FACE_BOUND('',#267,.T.);
#16=FACE_BOUND('',#268,.T.);
#17=FACE_BOUND('',#269,.T.);
#18=FACE_BOUND('',#270,.T.);
#19=FACE_BOUND('',#271,.T.);
#20=FACE_BOUND('',#273,.T.);
#21=FACE_BOUND('',#274,.T.);
#22=FACE_BOUND('',#275,.T.);
#23=FACE_BOUND('',#278,.T.);
#24=FACE_BOUND('',#279,.T.);
#25=FACE_BOUND('',#280,.T.);
#26=FACE_BOUND('',#285,.T.);
#27=FACE_BOUND('',#286,.T.);
#28=FACE_BOUND('',#287,.T.);
#29=FACE_BOUND('',#288,.T.);
#30=FACE_BOUND('',#289,.T.);
#31=FACE_BOUND('',#301,.T.);
#32=FACE_BOUND('',#302,.T.);
#33=FACE_BOUND('',#303,.T.);
#34=FACE_BOUND('',#304,.T.);
#35=FACE_BOUND('',#306,.T.);
#36=FACE_BOUND('',#307,.T.);
#37=FACE_BOUND('',#308,.T.);
#38=FACE_BOUND('',#310,.T.);
#39=FACE_BOUND('',#311,.T.);
#40=FACE_BOUND('',#312,.T.);
#41=CYLINDRICAL_SURFACE('',#1577,4.99999999999999);
#42=CYLINDRICAL_SURFACE('',#1580,4.99999999999999);
#43=CYLINDRICAL_SURFACE('',#1583,5.);
#44=CYLINDRICAL_SURFACE('',#1586,4.99999999999999);
#45=CYLINDRICAL_SURFACE('',#1589,2.35);
#46=CYLINDRICAL_SURFACE('',#1594,2.35);
#47=CYLINDRICAL_SURFACE('',#1603,2.35);
#48=CYLINDRICAL_SURFACE('',#1609,2.35);
#49=CYLINDRICAL_SURFACE('',#1617,2.5);
#50=CYLINDRICAL_SURFACE('',#1620,2.5);
#51=CYLINDRICAL_SURFACE('',#1628,2.5);
#52=CYLINDRICAL_SURFACE('',#1635,2.5);
#53=CYLINDRICAL_SURFACE('',#1640,2.5);
#54=CYLINDRICAL_SURFACE('',#1643,2.5);
#55=CYLINDRICAL_SURFACE('',#1646,2.5);
#56=CYLINDRICAL_SURFACE('',#1651,2.5);
#57=CYLINDRICAL_SURFACE('',#1654,3.);
#58=CYLINDRICAL_SURFACE('',#1667,3.);
#59=CYLINDRICAL_SURFACE('',#1670,3.);
#60=CYLINDRICAL_SURFACE('',#1672,3.);
#61=CYLINDRICAL_SURFACE('',#1674,5.);
#62=CYLINDRICAL_SURFACE('',#1686,5.);
#63=CYLINDRICAL_SURFACE('',#1687,5.);
#64=CYLINDRICAL_SURFACE('',#1689,5.);
#65=CYLINDRICAL_SURFACE('',#1690,1.6);
#66=CYLINDRICAL_SURFACE('',#1691,11.1);
#67=CYLINDRICAL_SURFACE('',#1692,1.6);
#68=CYLINDRICAL_SURFACE('',#1693,1.6);
#69=CYLINDRICAL_SURFACE('',#1694,1.6);
#70=CIRCLE('',#1558,4.99999999999999);
#71=CIRCLE('',#1559,5.);
#72=CIRCLE('',#1560,4.99999999999999);
#73=CIRCLE('',#1561,4.99999999999999);
#74=CIRCLE('',#1562,5.);
#75=CIRCLE('',#1563,2.35);
#76=CIRCLE('',#1564,2.35);
#77=CIRCLE('',#1565,5.);
#78=CIRCLE('',#1566,5.);
#79=CIRCLE('',#1567,2.35);
#80=CIRCLE('',#1568,5.);
#81=CIRCLE('',#1569,5.);
#82=CIRCLE('',#1570,2.35);
#83=CIRCLE('',#1571,5.);
#84=CIRCLE('',#1572,5.);
#85=CIRCLE('',#1573,2.35);
#86=CIRCLE('',#1574,2.35);
#87=CIRCLE('',#1575,5.);
#88=CIRCLE('',#1578,4.99999999999999);
#89=CIRCLE('',#1581,4.99999999999999);
#90=CIRCLE('',#1584,5.);
#91=CIRCLE('',#1587,4.99999999999999);
#92=CIRCLE('',#1590,2.35);
#93=CIRCLE('',#1591,2.35);
#94=CIRCLE('',#1593,5.);
#95=CIRCLE('',#1595,2.35);
#96=CIRCLE('',#1596,2.35);
#97=CIRCLE('',#1598,5.);
#98=CIRCLE('',#1600,5.);
#99=CIRCLE('',#1601,2.35);
#100=CIRCLE('',#1602,2.35);
#101=CIRCLE('',#1604,2.35);
#102=CIRCLE('',#1606,5.);
#103=CIRCLE('',#1607,2.35);
#104=CIRCLE('',#1608,2.35);
#105=CIRCLE('',#1610,2.35);
#106=CIRCLE('',#1618,2.5);
#107=CIRCLE('',#1619,2.5);
#108=CIRCLE('',#1621,2.5);
#109=CIRCLE('',#1622,2.5);
#110=CIRCLE('',#1629,2.5);
#111=CIRCLE('',#1630,2.5);
#112=CIRCLE('',#1636,2.5);
#113=CIRCLE('',#1637,2.5);
#114=CIRCLE('',#1641,2.5);
#115=CIRCLE('',#1642,2.5);
#116=CIRCLE('',#1644,2.5);
#117=CIRCLE('',#1645,2.5);
#118=CIRCLE('',#1647,2.5);
#119=CIRCLE('',#1648,2.5);
#120=CIRCLE('',#1652,2.5);
#121=CIRCLE('',#1653,2.5);
#122=CIRCLE('',#1655,3.);
#123=CIRCLE('',#1656,3.);
#124=CIRCLE('',#1658,3.);
#125=CIRCLE('',#1659,3.);
#126=CIRCLE('',#1660,3.);
#127=CIRCLE('',#1661,1.6);
#128=CIRCLE('',#1662,1.6);
#129=CIRCLE('',#1663,1.6);
#130=CIRCLE('',#1664,11.1);
#131=CIRCLE('',#1665,1.6);
#132=CIRCLE('',#1668,3.);
#133=CIRCLE('',#1671,3.);
#134=CIRCLE('',#1673,3.);
#135=CIRCLE('',#1675,5.);
#136=CIRCLE('',#1677,5.);
#137=CIRCLE('',#1678,5.);
#138=CIRCLE('',#1679,5.);
#139=CIRCLE('',#1680,1.6);
#140=CIRCLE('',#1681,11.1);
#141=CIRCLE('',#1682,1.6);
#142=CIRCLE('',#1683,1.6);
#143=CIRCLE('',#1684,1.6);
#144=FACE_OUTER_BOUND('',#216,.T.);
#145=FACE_OUTER_BOUND('',#217,.T.);
#146=FACE_OUTER_BOUND('',#218,.T.);
#147=FACE_OUTER_BOUND('',#219,.T.);
#148=FACE_OUTER_BOUND('',#220,.T.);
#149=FACE_OUTER_BOUND('',#221,.T.);
#150=FACE_OUTER_BOUND('',#222,.T.);
#151=FACE_OUTER_BOUND('',#223,.T.);
#152=FACE_OUTER_BOUND('',#224,.T.);
#153=FACE_OUTER_BOUND('',#225,.T.);
#154=FACE_OUTER_BOUND('',#226,.T.);
#155=FACE_OUTER_BOUND('',#227,.T.);
#156=FACE_OUTER_BOUND('',#228,.T.);
#157=FACE_OUTER_BOUND('',#229,.T.);
#158=FACE_OUTER_BOUND('',#230,.T.);
#159=FACE_OUTER_BOUND('',#231,.T.);
#160=FACE_OUTER_BOUND('',#232,.T.);
#161=FACE_OUTER_BOUND('',#233,.T.);
#162=FACE_OUTER_BOUND('',#234,.T.);
#163=FACE_OUTER_BOUND('',#235,.T.);
#164=FACE_OUTER_BOUND('',#236,.T.);
#165=FACE_OUTER_BOUND('',#237,.T.);
#166=FACE_OUTER_BOUND('',#238,.T.);
#167=FACE_OUTER_BOUND('',#239,.T.);
#168=FACE_OUTER_BOUND('',#240,.T.);
#169=FACE_OUTER_BOUND('',#241,.T.);
#170=FACE_OUTER_BOUND('',#242,.T.);
#171=FACE_OUTER_BOUND('',#243,.T.);
#172=FACE_OUTER_BOUND('',#244,.T.);
#173=FACE_OUTER_BOUND('',#245,.T.);
#174=FACE_OUTER_BOUND('',#246,.T.);
#175=FACE_OUTER_BOUND('',#247,.T.);
#176=FACE_OUTER_BOUND('',#248,.T.);
#177=FACE_OUTER_BOUND('',#249,.T.);
#178=FACE_OUTER_BOUND('',#250,.T.);
#179=FACE_OUTER_BOUND('',#251,.T.);
#180=FACE_OUTER_BOUND('',#252,.T.);
#181=FACE_OUTER_BOUND('',#253,.T.);
#182=FACE_OUTER_BOUND('',#254,.T.);
#183=FACE_OUTER_BOUND('',#255,.T.);
#184=FACE_OUTER_BOUND('',#256,.T.);
#185=FACE_OUTER_BOUND('',#257,.T.);
#186=FACE_OUTER_BOUND('',#258,.T.);
#187=FACE_OUTER_BOUND('',#259,.T.);
#188=FACE_OUTER_BOUND('',#260,.T.);
#189=FACE_OUTER_BOUND('',#261,.T.);
#190=FACE_OUTER_BOUND('',#262,.T.);
#191=FACE_OUTER_BOUND('',#263,.T.);
#192=FACE_OUTER_BOUND('',#264,.T.);
#193=FACE_OUTER_BOUND('',#265,.T.);
#194=FACE_OUTER_BOUND('',#266,.T.);
#195=FACE_OUTER_BOUND('',#272,.T.);
#196=FACE_OUTER_BOUND('',#276,.T.);
#197=FACE_OUTER_BOUND('',#277,.T.);
#198=FACE_OUTER_BOUND('',#281,.T.);
#199=FACE_OUTER_BOUND('',#282,.T.);
#200=FACE_OUTER_BOUND('',#283,.T.);
#201=FACE_OUTER_BOUND('',#284,.T.);
#202=FACE_OUTER_BOUND('',#290,.T.);
#203=FACE_OUTER_BOUND('',#291,.T.);
#204=FACE_OUTER_BOUND('',#292,.T.);
#205=FACE_OUTER_BOUND('',#293,.T.);
#206=FACE_OUTER_BOUND('',#294,.T.);
#207=FACE_OUTER_BOUND('',#295,.T.);
#208=FACE_OUTER_BOUND('',#296,.T.);
#209=FACE_OUTER_BOUND('',#297,.T.);
#210=FACE_OUTER_BOUND('',#298,.T.);
#211=FACE_OUTER_BOUND('',#299,.T.);
#212=FACE_OUTER_BOUND('',#300,.T.);
#213=FACE_OUTER_BOUND('',#305,.T.);
#214=FACE_OUTER_BOUND('',#309,.T.);
#215=FACE_OUTER_BOUND('',#313,.T.);
#216=EDGE_LOOP('',(#980,#981,#982,#983));
#217=EDGE_LOOP('',(#984,#985,#986,#987,#988,#989));
#218=EDGE_LOOP('',(#990,#991,#992,#993));
#219=EDGE_LOOP('',(#994,#995,#996,#997,#998));
#220=EDGE_LOOP('',(#999,#1000,#1001,#1002,#1003,#1004,#1005,#1006,#1007,
#1008,#1009,#1010,#1011,#1012,#1013,#1014,#1015,#1016,#1017,#1018,#1019,
#1020,#1021,#1022,#1023,#1024,#1025,#1026,#1027,#1028));
#221=EDGE_LOOP('',(#1029,#1030,#1031,#1032,#1033,#1034));
#222=EDGE_LOOP('',(#1035,#1036,#1037,#1038));
#223=EDGE_LOOP('',(#1039,#1040,#1041,#1042));
#224=EDGE_LOOP('',(#1043,#1044,#1045,#1046));
#225=EDGE_LOOP('',(#1047,#1048,#1049,#1050));
#226=EDGE_LOOP('',(#1051,#1052,#1053,#1054));
#227=EDGE_LOOP('',(#1055,#1056,#1057,#1058));
#228=EDGE_LOOP('',(#1059,#1060,#1061,#1062));
#229=EDGE_LOOP('',(#1063,#1064,#1065,#1066,#1067));
#230=EDGE_LOOP('',(#1068,#1069,#1070,#1071,#1072,#1073,#1074,#1075));
#231=EDGE_LOOP('',(#1076,#1077));
#232=EDGE_LOOP('',(#1078,#1079,#1080,#1081,#1082,#1083,#1084,#1085));
#233=EDGE_LOOP('',(#1086,#1087));
#234=EDGE_LOOP('',(#1088,#1089,#1090));
#235=EDGE_LOOP('',(#1091,#1092,#1093,#1094,#1095,#1096,#1097,#1098));
#236=EDGE_LOOP('',(#1099,#1100,#1101));
#237=EDGE_LOOP('',(#1102,#1103,#1104,#1105,#1106,#1107,#1108,#1109));
#238=EDGE_LOOP('',(#1110,#1111,#1112,#1113));
#239=EDGE_LOOP('',(#1114,#1115,#1116,#1117));
#240=EDGE_LOOP('',(#1118,#1119,#1120,#1121,#1122,#1123,#1124,#1125,#1126));
#241=EDGE_LOOP('',(#1127,#1128,#1129,#1130));
#242=EDGE_LOOP('',(#1131,#1132,#1133,#1134));
#243=EDGE_LOOP('',(#1135,#1136,#1137,#1138));
#244=EDGE_LOOP('',(#1139,#1140,#1141,#1142));
#245=EDGE_LOOP('',(#1143,#1144,#1145,#1146));
#246=EDGE_LOOP('',(#1147,#1148,#1149,#1150));
#247=EDGE_LOOP('',(#1151,#1152,#1153,#1154));
#248=EDGE_LOOP('',(#1155,#1156,#1157,#1158));
#249=EDGE_LOOP('',(#1159,#1160,#1161,#1162));
#250=EDGE_LOOP('',(#1163,#1164,#1165,#1166));
#251=EDGE_LOOP('',(#1167,#1168,#1169,#1170));
#252=EDGE_LOOP('',(#1171,#1172,#1173,#1174));
#253=EDGE_LOOP('',(#1175,#1176,#1177,#1178));
#254=EDGE_LOOP('',(#1179,#1180,#1181,#1182));
#255=EDGE_LOOP('',(#1183,#1184,#1185,#1186));
#256=EDGE_LOOP('',(#1187,#1188,#1189,#1190));
#257=EDGE_LOOP('',(#1191,#1192,#1193,#1194));
#258=EDGE_LOOP('',(#1195,#1196,#1197,#1198));
#259=EDGE_LOOP('',(#1199,#1200,#1201,#1202));
#260=EDGE_LOOP('',(#1203,#1204,#1205,#1206));
#261=EDGE_LOOP('',(#1207,#1208,#1209,#1210));
#262=EDGE_LOOP('',(#1211,#1212,#1213,#1214));
#263=EDGE_LOOP('',(#1215,#1216,#1217,#1218));
#264=EDGE_LOOP('',(#1219,#1220,#1221,#1222));
#265=EDGE_LOOP('',(#1223,#1224,#1225,#1226));
#266=EDGE_LOOP('',(#1227,#1228,#1229,#1230,#1231,#1232,#1233,#1234));
#267=EDGE_LOOP('',(#1235));
#268=EDGE_LOOP('',(#1236));
#269=EDGE_LOOP('',(#1237));
#270=EDGE_LOOP('',(#1238));
#271=EDGE_LOOP('',(#1239));
#272=EDGE_LOOP('',(#1240,#1241,#1242,#1243));
#273=EDGE_LOOP('',(#1244,#1245,#1246,#1247));
#274=EDGE_LOOP('',(#1248,#1249,#1250,#1251));
#275=EDGE_LOOP('',(#1252,#1253,#1254,#1255));
#276=EDGE_LOOP('',(#1256,#1257,#1258,#1259));
#277=EDGE_LOOP('',(#1260,#1261,#1262,#1263));
#278=EDGE_LOOP('',(#1264,#1265,#1266,#1267));
#279=EDGE_LOOP('',(#1268,#1269,#1270,#1271));
#280=EDGE_LOOP('',(#1272,#1273,#1274,#1275));
#281=EDGE_LOOP('',(#1276,#1277,#1278,#1279));
#282=EDGE_LOOP('',(#1280,#1281,#1282,#1283));
#283=EDGE_LOOP('',(#1284,#1285,#1286,#1287,#1288,#1289,#1290,#1291));
#284=EDGE_LOOP('',(#1292,#1293,#1294,#1295,#1296,#1297,#1298,#1299));
#285=EDGE_LOOP('',(#1300));
#286=EDGE_LOOP('',(#1301));
#287=EDGE_LOOP('',(#1302));
#288=EDGE_LOOP('',(#1303));
#289=EDGE_LOOP('',(#1304));
#290=EDGE_LOOP('',(#1305,#1306,#1307,#1308,#1309,#1310,#1311,#1312,#1313,
#1314,#1315));
#291=EDGE_LOOP('',(#1316,#1317,#1318,#1319,#1320,#1321,#1322,#1323));
#292=EDGE_LOOP('',(#1324,#1325,#1326,#1327,#1328,#1329,#1330,#1331));
#293=EDGE_LOOP('',(#1332,#1333,#1334,#1335));
#294=EDGE_LOOP('',(#1336,#1337,#1338,#1339,#1340,#1341,#1342,#1343));
#295=EDGE_LOOP('',(#1344,#1345,#1346,#1347));
#296=EDGE_LOOP('',(#1348,#1349,#1350,#1351));
#297=EDGE_LOOP('',(#1352,#1353,#1354,#1355));
#298=EDGE_LOOP('',(#1356,#1357,#1358,#1359));
#299=EDGE_LOOP('',(#1360,#1361,#1362,#1363));
#300=EDGE_LOOP('',(#1364,#1365,#1366,#1367,#1368,#1369,#1370,#1371,#1372,
#1373,#1374,#1375,#1376,#1377,#1378,#1379,#1380,#1381,#1382,#1383));
#301=EDGE_LOOP('',(#1384));
#302=EDGE_LOOP('',(#1385));
#303=EDGE_LOOP('',(#1386));
#304=EDGE_LOOP('',(#1387));
#305=EDGE_LOOP('',(#1388,#1389,#1390,#1391));
#306=EDGE_LOOP('',(#1392,#1393,#1394,#1395));
#307=EDGE_LOOP('',(#1396,#1397,#1398,#1399));
#308=EDGE_LOOP('',(#1400,#1401,#1402,#1403));
#309=EDGE_LOOP('',(#1404,#1405,#1406,#1407));
#310=EDGE_LOOP('',(#1408,#1409,#1410,#1411));
#311=EDGE_LOOP('',(#1412,#1413,#1414,#1415));
#312=EDGE_LOOP('',(#1416,#1417,#1418,#1419));
#313=EDGE_LOOP('',(#1420,#1421,#1422,#1423));
#314=LINE('',#2145,#462);
#315=LINE('',#2147,#463);
#316=LINE('',#2149,#464);
#317=LINE('',#2150,#465);
#318=LINE('',#2153,#466);
#319=LINE('',#2155,#467);
#320=LINE('',#2157,#468);
#321=LINE('',#2159,#469);
#322=LINE('',#2160,#470);
#323=LINE('',#2164,#471);
#324=LINE('',#2166,#472);
#325=LINE('',#2168,#473);
#326=LINE('',#2169,#474);
#327=LINE('',#2172,#475);
#328=LINE('',#2174,#476);
#329=LINE('',#2176,#477);
#330=LINE('',#2177,#478);
#331=LINE('',#2180,#479);
#332=LINE('',#2184,#480);
#333=LINE('',#2188,#481);
#334=LINE('',#2192,#482);
#335=LINE('',#2195,#483);
#336=LINE('',#2205,#484);
#337=LINE('',#2213,#485);
#338=LINE('',#2221,#486);
#339=LINE('',#2230,#487);
#340=LINE('',#2233,#488);
#341=LINE('',#2235,#489);
#342=LINE('',#2237,#490);
#343=LINE('',#2238,#491);
#344=LINE('',#2241,#492);
#345=LINE('',#2245,#493);
#346=LINE('',#2246,#494);
#347=LINE('',#2249,#495);
#348=LINE('',#2253,#496);
#349=LINE('',#2254,#497);
#350=LINE('',#2257,#498);
#351=LINE('',#2261,#499);
#352=LINE('',#2262,#500);
#353=LINE('',#2265,#501);
#354=LINE('',#2268,#502);
#355=LINE('',#2272,#503);
#356=LINE('',#2274,#504);
#357=LINE('',#2277,#505);
#358=LINE('',#2283,#506);
#359=LINE('',#2285,#507);
#360=LINE('',#2288,#508);
#361=LINE('',#2301,#509);
#362=LINE('',#2302,#510);
#363=LINE('',#2303,#511);
#364=LINE('',#2314,#512);
#365=LINE('',#2315,#513);
#366=LINE('',#2316,#514);
#367=LINE('',#2319,#515);
#368=LINE('',#2321,#516);
#369=LINE('',#2322,#517);
#370=LINE('',#2324,#518);
#371=LINE('',#2325,#519);
#372=LINE('',#2328,#520);
#373=LINE('',#2330,#521);
#374=LINE('',#2332,#522);
#375=LINE('',#2334,#523);
#376=LINE('',#2335,#524);
#377=LINE('',#2339,#525);
#378=LINE('',#2341,#526);
#379=LINE('',#2343,#527);
#380=LINE('',#2344,#528);
#381=LINE('',#2348,#529);
#382=LINE('',#2350,#530);
#383=LINE('',#2352,#531);
#384=LINE('',#2353,#532);
#385=LINE('',#2356,#533);
#386=LINE('',#2358,#534);
#387=LINE('',#2359,#535);
#388=LINE('',#2364,#536);
#389=LINE('',#2371,#537);
#390=LINE('',#2373,#538);
#391=LINE('',#2374,#539);
#392=LINE('',#2377,#540);
#393=LINE('',#2379,#541);
#394=LINE('',#2380,#542);
#395=LINE('',#2382,#543);
#396=LINE('',#2383,#544);
#397=LINE('',#2387,#545);
#398=LINE('',#2389,#546);
#399=LINE('',#2391,#547);
#400=LINE('',#2392,#548);
#401=LINE('',#2396,#549);
#402=LINE('',#2398,#550);
#403=LINE('',#2400,#551);
#404=LINE('',#2401,#552);
#405=LINE('',#2407,#553);
#406=LINE('',#2410,#554);
#407=LINE('',#2412,#555);
#408=LINE('',#2413,#556);
#409=LINE('',#2416,#557);
#410=LINE('',#2418,#558);
#411=LINE('',#2419,#559);
#412=LINE('',#2421,#560);
#413=LINE('',#2422,#561);
#414=LINE('',#2425,#562);
#415=LINE('',#2427,#563);
#416=LINE('',#2428,#564);
#417=LINE('',#2435,#565);
#418=LINE('',#2437,#566);
#419=LINE('',#2439,#567);
#420=LINE('',#2440,#568);
#421=LINE('',#2444,#569);
#422=LINE('',#2446,#570);
#423=LINE('',#2448,#571);
#424=LINE('',#2449,#572);
#425=LINE('',#2455,#573);
#426=LINE('',#2460,#574);
#427=LINE('',#2467,#575);
#428=LINE('',#2469,#576);
#429=LINE('',#2470,#577);
#430=LINE('',#2473,#578);
#431=LINE('',#2475,#579);
#432=LINE('',#2476,#580);
#433=LINE('',#2485,#581);
#434=LINE('',#2488,#582);
#435=LINE('',#2491,#583);
#436=LINE('',#2496,#584);
#437=LINE('',#2499,#585);
#438=LINE('',#2512,#586);
#439=LINE('',#2513,#587);
#440=LINE('',#2516,#588);
#441=LINE('',#2519,#589);
#442=LINE('',#2522,#590);
#443=LINE('',#2523,#591);
#444=LINE('',#2532,#592);
#445=LINE('',#2533,#593);
#446=LINE('',#2536,#594);
#447=LINE('',#2540,#595);
#448=LINE('',#2544,#596);
#449=LINE('',#2547,#597);
#450=LINE('',#2559,#598);
#451=LINE('',#2561,#599);
#452=LINE('',#2563,#600);
#453=LINE('',#2564,#601);
#454=LINE('',#2566,#602);
#455=LINE('',#2568,#603);
#456=LINE('',#2570,#604);
#457=LINE('',#2572,#605);
#458=LINE('',#2574,#606);
#459=LINE('',#2576,#607);
#460=LINE('',#2578,#608);
#461=LINE('',#2580,#609);
#462=VECTOR('',#1703,10.);
#463=VECTOR('',#1704,10.);
#464=VECTOR('',#1705,10.);
#465=VECTOR('',#1706,10.);
#466=VECTOR('',#1709,10.);
#467=VECTOR('',#1710,10.);
#468=VECTOR('',#1711,10.);
#469=VECTOR('',#1712,10.);
#470=VECTOR('',#1713,10.);
#471=VECTOR('',#1716,10.);
#472=VECTOR('',#1717,10.);
#473=VECTOR('',#1718,10.);
#474=VECTOR('',#1719,10.);
#475=VECTOR('',#1722,10.);
#476=VECTOR('',#1723,10.);
#477=VECTOR('',#1724,10.);
#478=VECTOR('',#1725,10.);
#479=VECTOR('',#1728,10.);
#480=VECTOR('',#1731,10.);
#481=VECTOR('',#1734,10.);
#482=VECTOR('',#1737,10.);
#483=VECTOR('',#1740,10.);
#484=VECTOR('',#1749,10.);
#485=VECTOR('',#1756,10.);
#486=VECTOR('',#1763,10.);
#487=VECTOR('',#1772,10.);
#488=VECTOR('',#1775,10.);
#489=VECTOR('',#1776,10.);
#490=VECTOR('',#1777,10.);
#491=VECTOR('',#1778,10.);
#492=VECTOR('',#1781,10.);
#493=VECTOR('',#1786,10.);
#494=VECTOR('',#1787,10.);
#495=VECTOR('',#1790,10.);
#496=VECTOR('',#1795,10.);
#497=VECTOR('',#1796,10.);
#498=VECTOR('',#1799,10.);
#499=VECTOR('',#1804,10.);
#500=VECTOR('',#1805,10.);
#501=VECTOR('',#1808,10.);
#502=VECTOR('',#1813,10.);
#503=VECTOR('',#1818,2.35);
#504=VECTOR('',#1819,10.);
#505=VECTOR('',#1822,10.);
#506=VECTOR('',#1831,2.35);
#507=VECTOR('',#1832,10.);
#508=VECTOR('',#1835,10.);
#509=VECTOR('',#1852,2.35);
#510=VECTOR('',#1853,10.);
#511=VECTOR('',#1854,10.);
#512=VECTOR('',#1867,2.35);
#513=VECTOR('',#1868,10.);
#514=VECTOR('',#1869,10.);
#515=VECTOR('',#1872,10.);
#516=VECTOR('',#1873,10.);
#517=VECTOR('',#1874,10.);
#518=VECTOR('',#1877,10.);
#519=VECTOR('',#1878,10.);
#520=VECTOR('',#1881,10.);
#521=VECTOR('',#1882,10.);
#522=VECTOR('',#1883,10.);
#523=VECTOR('',#1884,10.);
#524=VECTOR('',#1885,10.);
#525=VECTOR('',#1888,10.);
#526=VECTOR('',#1889,10.);
#527=VECTOR('',#1890,10.);
#528=VECTOR('',#1891,10.);
#529=VECTOR('',#1894,10.);
#530=VECTOR('',#1895,10.);
#531=VECTOR('',#1896,10.);
#532=VECTOR('',#1897,10.);
#533=VECTOR('',#1900,10.);
#534=VECTOR('',#1901,10.);
#535=VECTOR('',#1902,10.);
#536=VECTOR('',#1907,10.);
#537=VECTOR('',#1916,10.);
#538=VECTOR('',#1919,10.);
#539=VECTOR('',#1920,10.);
#540=VECTOR('',#1923,10.);
#541=VECTOR('',#1924,10.);
#542=VECTOR('',#1925,10.);
#543=VECTOR('',#1928,10.);
#544=VECTOR('',#1929,10.);
#545=VECTOR('',#1932,10.);
#546=VECTOR('',#1933,10.);
#547=VECTOR('',#1934,10.);
#548=VECTOR('',#1935,10.);
#549=VECTOR('',#1938,10.);
#550=VECTOR('',#1939,10.);
#551=VECTOR('',#1940,10.);
#552=VECTOR('',#1941,10.);
#553=VECTOR('',#1948,10.);
#554=VECTOR('',#1951,10.);
#555=VECTOR('',#1952,10.);
#556=VECTOR('',#1953,10.);
#557=VECTOR('',#1956,10.);
#558=VECTOR('',#1957,10.);
#559=VECTOR('',#1958,10.);
#560=VECTOR('',#1961,10.);
#561=VECTOR('',#1962,10.);
#562=VECTOR('',#1965,10.);
#563=VECTOR('',#1966,10.);
#564=VECTOR('',#1967,10.);
#565=VECTOR('',#1976,10.);
#566=VECTOR('',#1977,10.);
#567=VECTOR('',#1978,10.);
#568=VECTOR('',#1979,10.);
#569=VECTOR('',#1982,10.);
#570=VECTOR('',#1983,10.);
#571=VECTOR('',#1984,10.);
#572=VECTOR('',#1985,10.);
#573=VECTOR('',#1992,10.);
#574=VECTOR('',#1997,10.);
#575=VECTOR('',#2006,10.);
#576=VECTOR('',#2009,10.);
#577=VECTOR('',#2010,10.);
#578=VECTOR('',#2013,10.);
#579=VECTOR('',#2014,10.);
#580=VECTOR('',#2015,10.);
#581=VECTOR('',#2026,10.);
#582=VECTOR('',#2029,10.);
#583=VECTOR('',#2032,10.);
#584=VECTOR('',#2037,10.);
#585=VECTOR('',#2040,10.);
#586=VECTOR('',#2053,10.);
#587=VECTOR('',#2054,10.);
#588=VECTOR('',#2057,10.);
#589=VECTOR('',#2060,10.);
#590=VECTOR('',#2063,10.);
#591=VECTOR('',#2064,10.);
#592=VECTOR('',#2077,10.);
#593=VECTOR('',#2078,10.);
#594=VECTOR('',#2081,10.);
#595=VECTOR('',#2084,10.);
#596=VECTOR('',#2087,10.);
#597=VECTOR('',#2090,10.);
#598=VECTOR('',#2103,10.);
#599=VECTOR('',#2106,10.);
#600=VECTOR('',#2109,10.);
#601=VECTOR('',#2110,10.);
#602=VECTOR('',#2113,10.);
#603=VECTOR('',#2116,10.);
#604=VECTOR('',#2119,1.6);
#605=VECTOR('',#2122,11.1);
#606=VECTOR('',#2125,1.6);
#607=VECTOR('',#2128,1.6);
#608=VECTOR('',#2131,1.6);
#609=VECTOR('',#2134,10.);
#610=VERTEX_POINT('',#2143);
#611=VERTEX_POINT('',#2144);
#612=VERTEX_POINT('',#2146);
#613=VERTEX_POINT('',#2148);
#614=VERTEX_POINT('',#2152);
#615=VERTEX_POINT('',#2154);
#616=VERTEX_POINT('',#2156);
#617=VERTEX_POINT('',#2158);
#618=VERTEX_POINT('',#2162);
#619=VERTEX_POINT('',#2163);
#620=VERTEX_POINT('',#2165);
#621=VERTEX_POINT('',#2167);
#622=VERTEX_POINT('',#2171);
#623=VERTEX_POINT('',#2173);
#624=VERTEX_POINT('',#2175);
#625=VERTEX_POINT('',#2179);
#626=VERTEX_POINT('',#2181);
#627=VERTEX_POINT('',#2183);
#628=VERTEX_POINT('',#2185);
#629=VERTEX_POINT('',#2187);
#630=VERTEX_POINT('',#2189);
#631=VERTEX_POINT('',#2191);
#632=VERTEX_POINT('',#2194);
#633=VERTEX_POINT('',#2196);
#634=VERTEX_POINT('',#2198);
#635=VERTEX_POINT('',#2200);
#636=VERTEX_POINT('',#2202);
#637=VERTEX_POINT('',#2204);
#638=VERTEX_POINT('',#2206);
#639=VERTEX_POINT('',#2208);
#640=VERTEX_POINT('',#2210);
#641=VERTEX_POINT('',#2212);
#642=VERTEX_POINT('',#2214);
#643=VERTEX_POINT('',#2216);
#644=VERTEX_POINT('',#2218);
#645=VERTEX_POINT('',#2220);
#646=VERTEX_POINT('',#2222);
#647=VERTEX_POINT('',#2224);
#648=VERTEX_POINT('',#2226);
#649=VERTEX_POINT('',#2228);
#650=VERTEX_POINT('',#2232);
#651=VERTEX_POINT('',#2234);
#652=VERTEX_POINT('',#2236);
#653=VERTEX_POINT('',#2240);
#654=VERTEX_POINT('',#2244);
#655=VERTEX_POINT('',#2248);
#656=VERTEX_POINT('',#2252);
#657=VERTEX_POINT('',#2256);
#658=VERTEX_POINT('',#2260);
#659=VERTEX_POINT('',#2264);
#660=VERTEX_POINT('',#2270);
#661=VERTEX_POINT('',#2273);
#662=VERTEX_POINT('',#2275);
#663=VERTEX_POINT('',#2281);
#664=VERTEX_POINT('',#2284);
#665=VERTEX_POINT('',#2286);
#666=VERTEX_POINT('',#2292);
#667=VERTEX_POINT('',#2293);
#668=VERTEX_POINT('',#2295);
#669=VERTEX_POINT('',#2299);
#670=VERTEX_POINT('',#2305);
#671=VERTEX_POINT('',#2306);
#672=VERTEX_POINT('',#2308);
#673=VERTEX_POINT('',#2312);
#674=VERTEX_POINT('',#2318);
#675=VERTEX_POINT('',#2320);
#676=VERTEX_POINT('',#2327);
#677=VERTEX_POINT('',#2329);
#678=VERTEX_POINT('',#2331);
#679=VERTEX_POINT('',#2333);
#680=VERTEX_POINT('',#2337);
#681=VERTEX_POINT('',#2338);
#682=VERTEX_POINT('',#2340);
#683=VERTEX_POINT('',#2342);
#684=VERTEX_POINT('',#2346);
#685=VERTEX_POINT('',#2347);
#686=VERTEX_POINT('',#2349);
#687=VERTEX_POINT('',#2351);
#688=VERTEX_POINT('',#2355);
#689=VERTEX_POINT('',#2357);
#690=VERTEX_POINT('',#2361);
#691=VERTEX_POINT('',#2363);
#692=VERTEX_POINT('',#2367);
#693=VERTEX_POINT('',#2369);
#694=VERTEX_POINT('',#2376);
#695=VERTEX_POINT('',#2378);
#696=VERTEX_POINT('',#2385);
#697=VERTEX_POINT('',#2386);
#698=VERTEX_POINT('',#2388);
#699=VERTEX_POINT('',#2390);
#700=VERTEX_POINT('',#2394);
#701=VERTEX_POINT('',#2395);
#702=VERTEX_POINT('',#2397);
#703=VERTEX_POINT('',#2399);
#704=VERTEX_POINT('',#2403);
#705=VERTEX_POINT('',#2405);
#706=VERTEX_POINT('',#2409);
#707=VERTEX_POINT('',#2411);
#708=VERTEX_POINT('',#2415);
#709=VERTEX_POINT('',#2417);
#710=VERTEX_POINT('',#2424);
#711=VERTEX_POINT('',#2426);
#712=VERTEX_POINT('',#2433);
#713=VERTEX_POINT('',#2434);
#714=VERTEX_POINT('',#2436);
#715=VERTEX_POINT('',#2438);
#716=VERTEX_POINT('',#2442);
#717=VERTEX_POINT('',#2443);
#718=VERTEX_POINT('',#2445);
#719=VERTEX_POINT('',#2447);
#720=VERTEX_POINT('',#2451);
#721=VERTEX_POINT('',#2453);
#722=VERTEX_POINT('',#2457);
#723=VERTEX_POINT('',#2459);
#724=VERTEX_POINT('',#2463);
#725=VERTEX_POINT('',#2465);
#726=VERTEX_POINT('',#2472);
#727=VERTEX_POINT('',#2474);
#728=VERTEX_POINT('',#2481);
#729=VERTEX_POINT('',#2482);
#730=VERTEX_POINT('',#2484);
#731=VERTEX_POINT('',#2486);
#732=VERTEX_POINT('',#2490);
#733=VERTEX_POINT('',#2493);
#734=VERTEX_POINT('',#2495);
#735=VERTEX_POINT('',#2497);
#736=VERTEX_POINT('',#2500);
#737=VERTEX_POINT('',#2502);
#738=VERTEX_POINT('',#2504);
#739=VERTEX_POINT('',#2506);
#740=VERTEX_POINT('',#2508);
#741=VERTEX_POINT('',#2511);
#742=VERTEX_POINT('',#2515);
#743=VERTEX_POINT('',#2517);
#744=VERTEX_POINT('',#2521);
#745=VERTEX_POINT('',#2529);
#746=VERTEX_POINT('',#2530);
#747=VERTEX_POINT('',#2535);
#748=VERTEX_POINT('',#2537);
#749=VERTEX_POINT('',#2539);
#750=VERTEX_POINT('',#2541);
#751=VERTEX_POINT('',#2543);
#752=VERTEX_POINT('',#2545);
#753=VERTEX_POINT('',#2548);
#754=VERTEX_POINT('',#2550);
#755=VERTEX_POINT('',#2552);
#756=VERTEX_POINT('',#2554);
#757=VERTEX_POINT('',#2556);
#758=EDGE_CURVE('',#610,#611,#314,.T.);
#759=EDGE_CURVE('',#611,#612,#315,.T.);
#760=EDGE_CURVE('',#612,#613,#316,.F.);
#761=EDGE_CURVE('',#613,#610,#317,.T.);
#762=EDGE_CURVE('',#614,#613,#318,.T.);
#763=EDGE_CURVE('',#615,#614,#319,.T.);
#764=EDGE_CURVE('',#616,#615,#320,.T.);
#765=EDGE_CURVE('',#617,#616,#321,.T.);
#766=EDGE_CURVE('',#610,#617,#322,.T.);
#767=EDGE_CURVE('',#618,#619,#323,.T.);
#768=EDGE_CURVE('',#619,#620,#324,.T.);
#769=EDGE_CURVE('',#620,#621,#325,.F.);
#770=EDGE_CURVE('',#621,#618,#326,.T.);
#771=EDGE_CURVE('',#618,#622,#327,.T.);
#772=EDGE_CURVE('',#622,#623,#328,.T.);
#773=EDGE_CURVE('',#624,#623,#329,.T.);
#774=EDGE_CURVE('',#624,#619,#330,.T.);
#775=EDGE_CURVE('',#625,#611,#331,.T.);
#776=EDGE_CURVE('',#626,#625,#70,.T.);
#777=EDGE_CURVE('',#627,#626,#332,.T.);
#778=EDGE_CURVE('',#628,#627,#71,.T.);
#779=EDGE_CURVE('',#629,#628,#333,.T.);
#780=EDGE_CURVE('',#630,#629,#72,.T.);
#781=EDGE_CURVE('',#631,#630,#334,.T.);
#782=EDGE_CURVE('',#622,#631,#73,.T.);
#783=EDGE_CURVE('',#632,#621,#335,.T.);
#784=EDGE_CURVE('',#633,#632,#74,.T.);
#785=EDGE_CURVE('',#634,#633,#75,.T.);
#786=EDGE_CURVE('',#635,#634,#76,.T.);
#787=EDGE_CURVE('',#636,#635,#77,.T.);
#788=EDGE_CURVE('',#637,#636,#336,.T.);
#789=EDGE_CURVE('',#638,#637,#78,.T.);
#790=EDGE_CURVE('',#639,#638,#79,.T.);
#791=EDGE_CURVE('',#640,#639,#80,.T.);
#792=EDGE_CURVE('',#641,#640,#337,.T.);
#793=EDGE_CURVE('',#642,#641,#81,.T.);
#794=EDGE_CURVE('',#643,#642,#82,.T.);
#795=EDGE_CURVE('',#644,#643,#83,.T.);
#796=EDGE_CURVE('',#645,#644,#338,.T.);
#797=EDGE_CURVE('',#646,#645,#84,.T.);
#798=EDGE_CURVE('',#647,#646,#85,.T.);
#799=EDGE_CURVE('',#648,#647,#86,.T.);
#800=EDGE_CURVE('',#649,#648,#87,.T.);
#801=EDGE_CURVE('',#612,#649,#339,.T.);
#802=EDGE_CURVE('',#650,#624,#340,.T.);
#803=EDGE_CURVE('',#651,#650,#341,.T.);
#804=EDGE_CURVE('',#652,#651,#342,.T.);
#805=EDGE_CURVE('',#620,#652,#343,.T.);
#806=EDGE_CURVE('',#653,#631,#344,.T.);
#807=EDGE_CURVE('',#623,#653,#88,.T.);
#808=EDGE_CURVE('',#654,#630,#345,.T.);
#809=EDGE_CURVE('',#653,#654,#346,.T.);
#810=EDGE_CURVE('',#655,#629,#347,.T.);
#811=EDGE_CURVE('',#654,#655,#89,.T.);
#812=EDGE_CURVE('',#656,#628,#348,.T.);
#813=EDGE_CURVE('',#655,#656,#349,.T.);
#814=EDGE_CURVE('',#657,#627,#350,.T.);
#815=EDGE_CURVE('',#656,#657,#90,.T.);
#816=EDGE_CURVE('',#658,#626,#351,.T.);
#817=EDGE_CURVE('',#657,#658,#352,.T.);
#818=EDGE_CURVE('',#659,#625,#353,.T.);
#819=EDGE_CURVE('',#658,#659,#91,.T.);
#820=EDGE_CURVE('',#659,#617,#354,.T.);
#821=EDGE_CURVE('',#660,#660,#92,.T.);
#822=EDGE_CURVE('',#660,#647,#355,.T.);
#823=EDGE_CURVE('',#646,#661,#356,.T.);
#824=EDGE_CURVE('',#661,#662,#93,.T.);
#825=EDGE_CURVE('',#662,#648,#357,.T.);
#826=EDGE_CURVE('',#662,#661,#94,.F.);
#827=EDGE_CURVE('',#663,#663,#95,.T.);
#828=EDGE_CURVE('',#663,#634,#358,.T.);
#829=EDGE_CURVE('',#633,#664,#359,.T.);
#830=EDGE_CURVE('',#664,#665,#96,.T.);
#831=EDGE_CURVE('',#665,#635,#360,.T.);
#832=EDGE_CURVE('',#665,#664,#97,.F.);
#833=EDGE_CURVE('',#666,#667,#98,.F.);
#834=EDGE_CURVE('',#668,#666,#99,.T.);
#835=EDGE_CURVE('',#667,#668,#100,.T.);
#836=EDGE_CURVE('',#669,#669,#101,.T.);
#837=EDGE_CURVE('',#669,#668,#361,.T.);
#838=EDGE_CURVE('',#666,#643,#362,.T.);
#839=EDGE_CURVE('',#642,#667,#363,.T.);
#840=EDGE_CURVE('',#670,#671,#102,.F.);
#841=EDGE_CURVE('',#672,#670,#103,.T.);
#842=EDGE_CURVE('',#671,#672,#104,.T.);
#843=EDGE_CURVE('',#673,#673,#105,.T.);
#844=EDGE_CURVE('',#673,#672,#364,.T.);
#845=EDGE_CURVE('',#670,#639,#365,.T.);
#846=EDGE_CURVE('',#638,#671,#366,.T.);
#847=EDGE_CURVE('',#651,#674,#367,.T.);
#848=EDGE_CURVE('',#675,#674,#368,.T.);
#849=EDGE_CURVE('',#675,#652,#369,.T.);
#850=EDGE_CURVE('',#614,#675,#370,.T.);
#851=EDGE_CURVE('',#674,#615,#371,.T.);
#852=EDGE_CURVE('',#676,#650,#372,.T.);
#853=EDGE_CURVE('',#677,#676,#373,.T.);
#854=EDGE_CURVE('',#677,#678,#374,.T.);
#855=EDGE_CURVE('',#679,#678,#375,.T.);
#856=EDGE_CURVE('',#616,#679,#376,.T.);
#857=EDGE_CURVE('',#680,#681,#377,.T.);
#858=EDGE_CURVE('',#680,#682,#378,.T.);
#859=EDGE_CURVE('',#683,#682,#379,.T.);
#860=EDGE_CURVE('',#681,#683,#380,.T.);
#861=EDGE_CURVE('',#684,#685,#381,.T.);
#862=EDGE_CURVE('',#686,#684,#382,.T.);
#863=EDGE_CURVE('',#687,#686,#383,.T.);
#864=EDGE_CURVE('',#687,#685,#384,.T.);
#865=EDGE_CURVE('',#681,#688,#385,.T.);
#866=EDGE_CURVE('',#689,#683,#386,.T.);
#867=EDGE_CURVE('',#688,#689,#387,.T.);
#868=EDGE_CURVE('',#690,#680,#106,.T.);
#869=EDGE_CURVE('',#690,#691,#388,.T.);
#870=EDGE_CURVE('',#682,#691,#107,.T.);
#871=EDGE_CURVE('',#685,#692,#108,.T.);
#872=EDGE_CURVE('',#693,#687,#109,.T.);
#873=EDGE_CURVE('',#693,#692,#389,.T.);
#874=EDGE_CURVE('',#688,#690,#390,.T.);
#875=EDGE_CURVE('',#691,#689,#391,.T.);
#876=EDGE_CURVE('',#692,#694,#392,.T.);
#877=EDGE_CURVE('',#695,#693,#393,.T.);
#878=EDGE_CURVE('',#695,#694,#394,.T.);
#879=EDGE_CURVE('',#694,#684,#395,.T.);
#880=EDGE_CURVE('',#686,#695,#396,.T.);
#881=EDGE_CURVE('',#696,#697,#397,.T.);
#882=EDGE_CURVE('',#696,#698,#398,.T.);
#883=EDGE_CURVE('',#699,#698,#399,.T.);
#884=EDGE_CURVE('',#697,#699,#400,.T.);
#885=EDGE_CURVE('',#700,#701,#401,.T.);
#886=EDGE_CURVE('',#702,#700,#402,.T.);
#887=EDGE_CURVE('',#703,#702,#403,.T.);
#888=EDGE_CURVE('',#703,#701,#404,.T.);
#889=EDGE_CURVE('',#697,#704,#110,.T.);
#890=EDGE_CURVE('',#705,#699,#111,.T.);
#891=EDGE_CURVE('',#704,#705,#405,.T.);
#892=EDGE_CURVE('',#706,#696,#406,.T.);
#893=EDGE_CURVE('',#706,#707,#407,.T.);
#894=EDGE_CURVE('',#698,#707,#408,.T.);
#895=EDGE_CURVE('',#701,#708,#409,.T.);
#896=EDGE_CURVE('',#709,#703,#410,.T.);
#897=EDGE_CURVE('',#709,#708,#411,.T.);
#898=EDGE_CURVE('',#704,#706,#412,.T.);
#899=EDGE_CURVE('',#707,#705,#413,.T.);
#900=EDGE_CURVE('',#708,#710,#414,.T.);
#901=EDGE_CURVE('',#711,#709,#415,.T.);
#902=EDGE_CURVE('',#711,#710,#416,.T.);
#903=EDGE_CURVE('',#710,#700,#112,.T.);
#904=EDGE_CURVE('',#702,#711,#113,.T.);
#905=EDGE_CURVE('',#712,#713,#417,.T.);
#906=EDGE_CURVE('',#712,#714,#418,.T.);
#907=EDGE_CURVE('',#715,#714,#419,.T.);
#908=EDGE_CURVE('',#713,#715,#420,.T.);
#909=EDGE_CURVE('',#716,#717,#421,.T.);
#910=EDGE_CURVE('',#718,#716,#422,.T.);
#911=EDGE_CURVE('',#719,#718,#423,.T.);
#912=EDGE_CURVE('',#719,#717,#424,.T.);
#913=EDGE_CURVE('',#713,#720,#114,.T.);
#914=EDGE_CURVE('',#721,#715,#115,.T.);
#915=EDGE_CURVE('',#720,#721,#425,.T.);
#916=EDGE_CURVE('',#722,#712,#116,.T.);
#917=EDGE_CURVE('',#722,#723,#426,.T.);
#918=EDGE_CURVE('',#714,#723,#117,.T.);
#919=EDGE_CURVE('',#717,#724,#118,.T.);
#920=EDGE_CURVE('',#725,#719,#119,.T.);
#921=EDGE_CURVE('',#725,#724,#427,.T.);
#922=EDGE_CURVE('',#720,#722,#428,.T.);
#923=EDGE_CURVE('',#723,#721,#429,.T.);
#924=EDGE_CURVE('',#724,#726,#430,.T.);
#925=EDGE_CURVE('',#727,#725,#431,.T.);
#926=EDGE_CURVE('',#727,#726,#432,.T.);
#927=EDGE_CURVE('',#726,#716,#120,.T.);
#928=EDGE_CURVE('',#718,#727,#121,.T.);
#929=EDGE_CURVE('',#728,#729,#122,.T.);
#930=EDGE_CURVE('',#728,#730,#433,.T.);
#931=EDGE_CURVE('',#730,#731,#123,.T.);
#932=EDGE_CURVE('',#731,#729,#434,.T.);
#933=EDGE_CURVE('',#732,#729,#435,.T.);
#934=EDGE_CURVE('',#732,#678,#124,.T.);
#935=EDGE_CURVE('',#677,#733,#125,.T.);
#936=EDGE_CURVE('',#734,#733,#436,.T.);
#937=EDGE_CURVE('',#734,#735,#126,.T.);
#938=EDGE_CURVE('',#728,#735,#437,.T.);
#939=EDGE_CURVE('',#736,#736,#127,.T.);
#940=EDGE_CURVE('',#737,#737,#128,.T.);
#941=EDGE_CURVE('',#738,#738,#129,.T.);
#942=EDGE_CURVE('',#739,#739,#130,.T.);
#943=EDGE_CURVE('',#740,#740,#131,.T.);
#944=EDGE_CURVE('',#741,#731,#438,.T.);
#945=EDGE_CURVE('',#732,#741,#439,.T.);
#946=EDGE_CURVE('',#734,#742,#440,.T.);
#947=EDGE_CURVE('',#742,#743,#132,.T.);
#948=EDGE_CURVE('',#743,#735,#441,.T.);
#949=EDGE_CURVE('',#744,#733,#442,.T.);
#950=EDGE_CURVE('',#742,#744,#443,.T.);
#951=EDGE_CURVE('',#676,#744,#133,.T.);
#952=EDGE_CURVE('',#741,#679,#134,.T.);
#953=EDGE_CURVE('',#745,#746,#135,.T.);
#954=EDGE_CURVE('',#746,#636,#444,.T.);
#955=EDGE_CURVE('',#632,#745,#445,.T.);
#956=EDGE_CURVE('',#745,#747,#446,.T.);
#957=EDGE_CURVE('',#748,#747,#136,.T.);
#958=EDGE_CURVE('',#748,#749,#447,.T.);
#959=EDGE_CURVE('',#750,#749,#137,.T.);
#960=EDGE_CURVE('',#750,#751,#448,.T.);
#961=EDGE_CURVE('',#752,#751,#138,.T.);
#962=EDGE_CURVE('',#752,#746,#449,.T.);
#963=EDGE_CURVE('',#753,#753,#139,.T.);
#964=EDGE_CURVE('',#754,#754,#140,.T.);
#965=EDGE_CURVE('',#755,#755,#141,.T.);
#966=EDGE_CURVE('',#756,#756,#142,.T.);
#967=EDGE_CURVE('',#757,#757,#143,.T.);
#968=EDGE_CURVE('',#747,#649,#450,.T.);
#969=EDGE_CURVE('',#645,#748,#451,.T.);
#970=EDGE_CURVE('',#749,#644,#452,.T.);
#971=EDGE_CURVE('',#641,#750,#453,.T.);
#972=EDGE_CURVE('',#751,#640,#454,.T.);
#973=EDGE_CURVE('',#637,#752,#455,.T.);
#974=EDGE_CURVE('',#753,#740,#456,.T.);
#975=EDGE_CURVE('',#754,#739,#457,.T.);
#976=EDGE_CURVE('',#755,#738,#458,.T.);
#977=EDGE_CURVE('',#756,#737,#459,.T.);
#978=EDGE_CURVE('',#757,#736,#460,.T.);
#979=EDGE_CURVE('',#730,#743,#461,.T.);
#980=ORIENTED_EDGE('',*,*,#758,.T.);
#981=ORIENTED_EDGE('',*,*,#759,.T.);
#982=ORIENTED_EDGE('',*,*,#760,.T.);
#983=ORIENTED_EDGE('',*,*,#761,.T.);
#984=ORIENTED_EDGE('',*,*,#761,.F.);
#985=ORIENTED_EDGE('',*,*,#762,.F.);
#986=ORIENTED_EDGE('',*,*,#763,.F.);
#987=ORIENTED_EDGE('',*,*,#764,.F.);
#988=ORIENTED_EDGE('',*,*,#765,.F.);
#989=ORIENTED_EDGE('',*,*,#766,.F.);
#990=ORIENTED_EDGE('',*,*,#767,.T.);
#991=ORIENTED_EDGE('',*,*,#768,.T.);
#992=ORIENTED_EDGE('',*,*,#769,.T.);
#993=ORIENTED_EDGE('',*,*,#770,.T.);
#994=ORIENTED_EDGE('',*,*,#767,.F.);
#995=ORIENTED_EDGE('',*,*,#771,.T.);
#996=ORIENTED_EDGE('',*,*,#772,.T.);
#997=ORIENTED_EDGE('',*,*,#773,.F.);
#998=ORIENTED_EDGE('',*,*,#774,.T.);
#999=ORIENTED_EDGE('',*,*,#759,.F.);
#1000=ORIENTED_EDGE('',*,*,#775,.F.);
#1001=ORIENTED_EDGE('',*,*,#776,.F.);
#1002=ORIENTED_EDGE('',*,*,#777,.F.);
#1003=ORIENTED_EDGE('',*,*,#778,.F.);
#1004=ORIENTED_EDGE('',*,*,#779,.F.);
#1005=ORIENTED_EDGE('',*,*,#780,.F.);
#1006=ORIENTED_EDGE('',*,*,#781,.F.);
#1007=ORIENTED_EDGE('',*,*,#782,.F.);
#1008=ORIENTED_EDGE('',*,*,#771,.F.);
#1009=ORIENTED_EDGE('',*,*,#770,.F.);
#1010=ORIENTED_EDGE('',*,*,#783,.F.);
#1011=ORIENTED_EDGE('',*,*,#784,.F.);
#1012=ORIENTED_EDGE('',*,*,#785,.F.);
#1013=ORIENTED_EDGE('',*,*,#786,.F.);
#1014=ORIENTED_EDGE('',*,*,#787,.F.);
#1015=ORIENTED_EDGE('',*,*,#788,.F.);
#1016=ORIENTED_EDGE('',*,*,#789,.F.);
#1017=ORIENTED_EDGE('',*,*,#790,.F.);
#1018=ORIENTED_EDGE('',*,*,#791,.F.);
#1019=ORIENTED_EDGE('',*,*,#792,.F.);
#1020=ORIENTED_EDGE('',*,*,#793,.F.);
#1021=ORIENTED_EDGE('',*,*,#794,.F.);
#1022=ORIENTED_EDGE('',*,*,#795,.F.);
#1023=ORIENTED_EDGE('',*,*,#796,.F.);
#1024=ORIENTED_EDGE('',*,*,#797,.F.);
#1025=ORIENTED_EDGE('',*,*,#798,.F.);
#1026=ORIENTED_EDGE('',*,*,#799,.F.);
#1027=ORIENTED_EDGE('',*,*,#800,.F.);
#1028=ORIENTED_EDGE('',*,*,#801,.F.);
#1029=ORIENTED_EDGE('',*,*,#768,.F.);
#1030=ORIENTED_EDGE('',*,*,#774,.F.);
#1031=ORIENTED_EDGE('',*,*,#802,.F.);
#1032=ORIENTED_EDGE('',*,*,#803,.F.);
#1033=ORIENTED_EDGE('',*,*,#804,.F.);
#1034=ORIENTED_EDGE('',*,*,#805,.F.);
#1035=ORIENTED_EDGE('',*,*,#782,.T.);
#1036=ORIENTED_EDGE('',*,*,#806,.F.);
#1037=ORIENTED_EDGE('',*,*,#807,.F.);
#1038=ORIENTED_EDGE('',*,*,#772,.F.);
#1039=ORIENTED_EDGE('',*,*,#781,.T.);
#1040=ORIENTED_EDGE('',*,*,#808,.F.);
#1041=ORIENTED_EDGE('',*,*,#809,.F.);
#1042=ORIENTED_EDGE('',*,*,#806,.T.);
#1043=ORIENTED_EDGE('',*,*,#780,.T.);
#1044=ORIENTED_EDGE('',*,*,#810,.F.);
#1045=ORIENTED_EDGE('',*,*,#811,.F.);
#1046=ORIENTED_EDGE('',*,*,#808,.T.);
#1047=ORIENTED_EDGE('',*,*,#779,.T.);
#1048=ORIENTED_EDGE('',*,*,#812,.F.);
#1049=ORIENTED_EDGE('',*,*,#813,.F.);
#1050=ORIENTED_EDGE('',*,*,#810,.T.);
#1051=ORIENTED_EDGE('',*,*,#778,.T.);
#1052=ORIENTED_EDGE('',*,*,#814,.F.);
#1053=ORIENTED_EDGE('',*,*,#815,.F.);
#1054=ORIENTED_EDGE('',*,*,#812,.T.);
#1055=ORIENTED_EDGE('',*,*,#777,.T.);
#1056=ORIENTED_EDGE('',*,*,#816,.F.);
#1057=ORIENTED_EDGE('',*,*,#817,.F.);
#1058=ORIENTED_EDGE('',*,*,#814,.T.);
#1059=ORIENTED_EDGE('',*,*,#776,.T.);
#1060=ORIENTED_EDGE('',*,*,#818,.F.);
#1061=ORIENTED_EDGE('',*,*,#819,.F.);
#1062=ORIENTED_EDGE('',*,*,#816,.T.);
#1063=ORIENTED_EDGE('',*,*,#758,.F.);
#1064=ORIENTED_EDGE('',*,*,#766,.T.);
#1065=ORIENTED_EDGE('',*,*,#820,.F.);
#1066=ORIENTED_EDGE('',*,*,#818,.T.);
#1067=ORIENTED_EDGE('',*,*,#775,.T.);
#1068=ORIENTED_EDGE('',*,*,#821,.F.);
#1069=ORIENTED_EDGE('',*,*,#822,.T.);
#1070=ORIENTED_EDGE('',*,*,#798,.T.);
#1071=ORIENTED_EDGE('',*,*,#823,.T.);
#1072=ORIENTED_EDGE('',*,*,#824,.T.);
#1073=ORIENTED_EDGE('',*,*,#825,.T.);
#1074=ORIENTED_EDGE('',*,*,#799,.T.);
#1075=ORIENTED_EDGE('',*,*,#822,.F.);
#1076=ORIENTED_EDGE('',*,*,#826,.F.);
#1077=ORIENTED_EDGE('',*,*,#824,.F.);
#1078=ORIENTED_EDGE('',*,*,#827,.F.);
#1079=ORIENTED_EDGE('',*,*,#828,.T.);
#1080=ORIENTED_EDGE('',*,*,#785,.T.);
#1081=ORIENTED_EDGE('',*,*,#829,.T.);
#1082=ORIENTED_EDGE('',*,*,#830,.T.);
#1083=ORIENTED_EDGE('',*,*,#831,.T.);
#1084=ORIENTED_EDGE('',*,*,#786,.T.);
#1085=ORIENTED_EDGE('',*,*,#828,.F.);
#1086=ORIENTED_EDGE('',*,*,#832,.F.);
#1087=ORIENTED_EDGE('',*,*,#830,.F.);
#1088=ORIENTED_EDGE('',*,*,#833,.F.);
#1089=ORIENTED_EDGE('',*,*,#834,.F.);
#1090=ORIENTED_EDGE('',*,*,#835,.F.);
#1091=ORIENTED_EDGE('',*,*,#836,.F.);
#1092=ORIENTED_EDGE('',*,*,#837,.T.);
#1093=ORIENTED_EDGE('',*,*,#834,.T.);
#1094=ORIENTED_EDGE('',*,*,#838,.T.);
#1095=ORIENTED_EDGE('',*,*,#794,.T.);
#1096=ORIENTED_EDGE('',*,*,#839,.T.);
#1097=ORIENTED_EDGE('',*,*,#835,.T.);
#1098=ORIENTED_EDGE('',*,*,#837,.F.);
#1099=ORIENTED_EDGE('',*,*,#840,.F.);
#1100=ORIENTED_EDGE('',*,*,#841,.F.);
#1101=ORIENTED_EDGE('',*,*,#842,.F.);
#1102=ORIENTED_EDGE('',*,*,#843,.F.);
#1103=ORIENTED_EDGE('',*,*,#844,.T.);
#1104=ORIENTED_EDGE('',*,*,#841,.T.);
#1105=ORIENTED_EDGE('',*,*,#845,.T.);
#1106=ORIENTED_EDGE('',*,*,#790,.T.);
#1107=ORIENTED_EDGE('',*,*,#846,.T.);
#1108=ORIENTED_EDGE('',*,*,#842,.T.);
#1109=ORIENTED_EDGE('',*,*,#844,.F.);
#1110=ORIENTED_EDGE('',*,*,#847,.T.);
#1111=ORIENTED_EDGE('',*,*,#848,.F.);
#1112=ORIENTED_EDGE('',*,*,#849,.T.);
#1113=ORIENTED_EDGE('',*,*,#804,.T.);
#1114=ORIENTED_EDGE('',*,*,#850,.T.);
#1115=ORIENTED_EDGE('',*,*,#848,.T.);
#1116=ORIENTED_EDGE('',*,*,#851,.T.);
#1117=ORIENTED_EDGE('',*,*,#763,.T.);
#1118=ORIENTED_EDGE('',*,*,#764,.T.);
#1119=ORIENTED_EDGE('',*,*,#851,.F.);
#1120=ORIENTED_EDGE('',*,*,#847,.F.);
#1121=ORIENTED_EDGE('',*,*,#803,.T.);
#1122=ORIENTED_EDGE('',*,*,#852,.F.);
#1123=ORIENTED_EDGE('',*,*,#853,.F.);
#1124=ORIENTED_EDGE('',*,*,#854,.T.);
#1125=ORIENTED_EDGE('',*,*,#855,.F.);
#1126=ORIENTED_EDGE('',*,*,#856,.F.);
#1127=ORIENTED_EDGE('',*,*,#857,.F.);
#1128=ORIENTED_EDGE('',*,*,#858,.T.);
#1129=ORIENTED_EDGE('',*,*,#859,.F.);
#1130=ORIENTED_EDGE('',*,*,#860,.F.);
#1131=ORIENTED_EDGE('',*,*,#861,.F.);
#1132=ORIENTED_EDGE('',*,*,#862,.F.);
#1133=ORIENTED_EDGE('',*,*,#863,.F.);
#1134=ORIENTED_EDGE('',*,*,#864,.T.);
#1135=ORIENTED_EDGE('',*,*,#865,.F.);
#1136=ORIENTED_EDGE('',*,*,#860,.T.);
#1137=ORIENTED_EDGE('',*,*,#866,.F.);
#1138=ORIENTED_EDGE('',*,*,#867,.F.);
#1139=ORIENTED_EDGE('',*,*,#868,.F.);
#1140=ORIENTED_EDGE('',*,*,#869,.T.);
#1141=ORIENTED_EDGE('',*,*,#870,.F.);
#1142=ORIENTED_EDGE('',*,*,#858,.F.);
#1143=ORIENTED_EDGE('',*,*,#871,.F.);
#1144=ORIENTED_EDGE('',*,*,#864,.F.);
#1145=ORIENTED_EDGE('',*,*,#872,.F.);
#1146=ORIENTED_EDGE('',*,*,#873,.T.);
#1147=ORIENTED_EDGE('',*,*,#874,.F.);
#1148=ORIENTED_EDGE('',*,*,#867,.T.);
#1149=ORIENTED_EDGE('',*,*,#875,.F.);
#1150=ORIENTED_EDGE('',*,*,#869,.F.);
#1151=ORIENTED_EDGE('',*,*,#876,.F.);
#1152=ORIENTED_EDGE('',*,*,#873,.F.);
#1153=ORIENTED_EDGE('',*,*,#877,.F.);
#1154=ORIENTED_EDGE('',*,*,#878,.T.);
#1155=ORIENTED_EDGE('',*,*,#879,.F.);
#1156=ORIENTED_EDGE('',*,*,#878,.F.);
#1157=ORIENTED_EDGE('',*,*,#880,.F.);
#1158=ORIENTED_EDGE('',*,*,#862,.T.);
#1159=ORIENTED_EDGE('',*,*,#881,.F.);
#1160=ORIENTED_EDGE('',*,*,#882,.T.);
#1161=ORIENTED_EDGE('',*,*,#883,.F.);
#1162=ORIENTED_EDGE('',*,*,#884,.F.);
#1163=ORIENTED_EDGE('',*,*,#885,.F.);
#1164=ORIENTED_EDGE('',*,*,#886,.F.);
#1165=ORIENTED_EDGE('',*,*,#887,.F.);
#1166=ORIENTED_EDGE('',*,*,#888,.T.);
#1167=ORIENTED_EDGE('',*,*,#889,.F.);
#1168=ORIENTED_EDGE('',*,*,#884,.T.);
#1169=ORIENTED_EDGE('',*,*,#890,.F.);
#1170=ORIENTED_EDGE('',*,*,#891,.F.);
#1171=ORIENTED_EDGE('',*,*,#892,.F.);
#1172=ORIENTED_EDGE('',*,*,#893,.T.);
#1173=ORIENTED_EDGE('',*,*,#894,.F.);
#1174=ORIENTED_EDGE('',*,*,#882,.F.);
#1175=ORIENTED_EDGE('',*,*,#895,.F.);
#1176=ORIENTED_EDGE('',*,*,#888,.F.);
#1177=ORIENTED_EDGE('',*,*,#896,.F.);
#1178=ORIENTED_EDGE('',*,*,#897,.T.);
#1179=ORIENTED_EDGE('',*,*,#898,.F.);
#1180=ORIENTED_EDGE('',*,*,#891,.T.);
#1181=ORIENTED_EDGE('',*,*,#899,.F.);
#1182=ORIENTED_EDGE('',*,*,#893,.F.);
#1183=ORIENTED_EDGE('',*,*,#900,.F.);
#1184=ORIENTED_EDGE('',*,*,#897,.F.);
#1185=ORIENTED_EDGE('',*,*,#901,.F.);
#1186=ORIENTED_EDGE('',*,*,#902,.T.);
#1187=ORIENTED_EDGE('',*,*,#903,.F.);
#1188=ORIENTED_EDGE('',*,*,#902,.F.);
#1189=ORIENTED_EDGE('',*,*,#904,.F.);
#1190=ORIENTED_EDGE('',*,*,#886,.T.);
#1191=ORIENTED_EDGE('',*,*,#905,.F.);
#1192=ORIENTED_EDGE('',*,*,#906,.T.);
#1193=ORIENTED_EDGE('',*,*,#907,.F.);
#1194=ORIENTED_EDGE('',*,*,#908,.F.);
#1195=ORIENTED_EDGE('',*,*,#909,.F.);
#1196=ORIENTED_EDGE('',*,*,#910,.F.);
#1197=ORIENTED_EDGE('',*,*,#911,.F.);
#1198=ORIENTED_EDGE('',*,*,#912,.T.);
#1199=ORIENTED_EDGE('',*,*,#913,.F.);
#1200=ORIENTED_EDGE('',*,*,#908,.T.);
#1201=ORIENTED_EDGE('',*,*,#914,.F.);
#1202=ORIENTED_EDGE('',*,*,#915,.F.);
#1203=ORIENTED_EDGE('',*,*,#916,.F.);
#1204=ORIENTED_EDGE('',*,*,#917,.T.);
#1205=ORIENTED_EDGE('',*,*,#918,.F.);
#1206=ORIENTED_EDGE('',*,*,#906,.F.);
#1207=ORIENTED_EDGE('',*,*,#919,.F.);
#1208=ORIENTED_EDGE('',*,*,#912,.F.);
#1209=ORIENTED_EDGE('',*,*,#920,.F.);
#1210=ORIENTED_EDGE('',*,*,#921,.T.);
#1211=ORIENTED_EDGE('',*,*,#922,.F.);
#1212=ORIENTED_EDGE('',*,*,#915,.T.);
#1213=ORIENTED_EDGE('',*,*,#923,.F.);
#1214=ORIENTED_EDGE('',*,*,#917,.F.);
#1215=ORIENTED_EDGE('',*,*,#924,.F.);
#1216=ORIENTED_EDGE('',*,*,#921,.F.);
#1217=ORIENTED_EDGE('',*,*,#925,.F.);
#1218=ORIENTED_EDGE('',*,*,#926,.T.);
#1219=ORIENTED_EDGE('',*,*,#927,.F.);
#1220=ORIENTED_EDGE('',*,*,#926,.F.);
#1221=ORIENTED_EDGE('',*,*,#928,.F.);
#1222=ORIENTED_EDGE('',*,*,#910,.T.);
#1223=ORIENTED_EDGE('',*,*,#929,.F.);
#1224=ORIENTED_EDGE('',*,*,#930,.T.);
#1225=ORIENTED_EDGE('',*,*,#931,.T.);
#1226=ORIENTED_EDGE('',*,*,#932,.T.);
#1227=ORIENTED_EDGE('',*,*,#929,.T.);
#1228=ORIENTED_EDGE('',*,*,#933,.F.);
#1229=ORIENTED_EDGE('',*,*,#934,.T.);
#1230=ORIENTED_EDGE('',*,*,#854,.F.);
#1231=ORIENTED_EDGE('',*,*,#935,.T.);
#1232=ORIENTED_EDGE('',*,*,#936,.F.);
#1233=ORIENTED_EDGE('',*,*,#937,.T.);
#1234=ORIENTED_EDGE('',*,*,#938,.F.);
#1235=ORIENTED_EDGE('',*,*,#939,.T.);
#1236=ORIENTED_EDGE('',*,*,#940,.T.);
#1237=ORIENTED_EDGE('',*,*,#941,.T.);
#1238=ORIENTED_EDGE('',*,*,#942,.T.);
#1239=ORIENTED_EDGE('',*,*,#943,.T.);
#1240=ORIENTED_EDGE('',*,*,#932,.F.);
#1241=ORIENTED_EDGE('',*,*,#944,.F.);
#1242=ORIENTED_EDGE('',*,*,#945,.F.);
#1243=ORIENTED_EDGE('',*,*,#933,.T.);
#1244=ORIENTED_EDGE('',*,*,#876,.T.);
#1245=ORIENTED_EDGE('',*,*,#879,.T.);
#1246=ORIENTED_EDGE('',*,*,#861,.T.);
#1247=ORIENTED_EDGE('',*,*,#871,.T.);
#1248=ORIENTED_EDGE('',*,*,#900,.T.);
#1249=ORIENTED_EDGE('',*,*,#903,.T.);
#1250=ORIENTED_EDGE('',*,*,#885,.T.);
#1251=ORIENTED_EDGE('',*,*,#895,.T.);
#1252=ORIENTED_EDGE('',*,*,#924,.T.);
#1253=ORIENTED_EDGE('',*,*,#927,.T.);
#1254=ORIENTED_EDGE('',*,*,#909,.T.);
#1255=ORIENTED_EDGE('',*,*,#919,.T.);
#1256=ORIENTED_EDGE('',*,*,#937,.F.);
#1257=ORIENTED_EDGE('',*,*,#946,.T.);
#1258=ORIENTED_EDGE('',*,*,#947,.T.);
#1259=ORIENTED_EDGE('',*,*,#948,.T.);
#1260=ORIENTED_EDGE('',*,*,#946,.F.);
#1261=ORIENTED_EDGE('',*,*,#936,.T.);
#1262=ORIENTED_EDGE('',*,*,#949,.F.);
#1263=ORIENTED_EDGE('',*,*,#950,.F.);
#1264=ORIENTED_EDGE('',*,*,#874,.T.);
#1265=ORIENTED_EDGE('',*,*,#868,.T.);
#1266=ORIENTED_EDGE('',*,*,#857,.T.);
#1267=ORIENTED_EDGE('',*,*,#865,.T.);
#1268=ORIENTED_EDGE('',*,*,#898,.T.);
#1269=ORIENTED_EDGE('',*,*,#892,.T.);
#1270=ORIENTED_EDGE('',*,*,#881,.T.);
#1271=ORIENTED_EDGE('',*,*,#889,.T.);
#1272=ORIENTED_EDGE('',*,*,#922,.T.);
#1273=ORIENTED_EDGE('',*,*,#916,.T.);
#1274=ORIENTED_EDGE('',*,*,#905,.T.);
#1275=ORIENTED_EDGE('',*,*,#913,.T.);
#1276=ORIENTED_EDGE('',*,*,#935,.F.);
#1277=ORIENTED_EDGE('',*,*,#853,.T.);
#1278=ORIENTED_EDGE('',*,*,#951,.T.);
#1279=ORIENTED_EDGE('',*,*,#949,.T.);
#1280=ORIENTED_EDGE('',*,*,#934,.F.);
#1281=ORIENTED_EDGE('',*,*,#945,.T.);
#1282=ORIENTED_EDGE('',*,*,#952,.T.);
#1283=ORIENTED_EDGE('',*,*,#855,.T.);
#1284=ORIENTED_EDGE('',*,*,#953,.T.);
#1285=ORIENTED_EDGE('',*,*,#954,.T.);
#1286=ORIENTED_EDGE('',*,*,#787,.T.);
#1287=ORIENTED_EDGE('',*,*,#831,.F.);
#1288=ORIENTED_EDGE('',*,*,#832,.T.);
#1289=ORIENTED_EDGE('',*,*,#829,.F.);
#1290=ORIENTED_EDGE('',*,*,#784,.T.);
#1291=ORIENTED_EDGE('',*,*,#955,.T.);
#1292=ORIENTED_EDGE('',*,*,#953,.F.);
#1293=ORIENTED_EDGE('',*,*,#956,.T.);
#1294=ORIENTED_EDGE('',*,*,#957,.F.);
#1295=ORIENTED_EDGE('',*,*,#958,.T.);
#1296=ORIENTED_EDGE('',*,*,#959,.F.);
#1297=ORIENTED_EDGE('',*,*,#960,.T.);
#1298=ORIENTED_EDGE('',*,*,#961,.F.);
#1299=ORIENTED_EDGE('',*,*,#962,.T.);
#1300=ORIENTED_EDGE('',*,*,#963,.T.);
#1301=ORIENTED_EDGE('',*,*,#964,.T.);
#1302=ORIENTED_EDGE('',*,*,#965,.T.);
#1303=ORIENTED_EDGE('',*,*,#966,.T.);
#1304=ORIENTED_EDGE('',*,*,#967,.T.);
#1305=ORIENTED_EDGE('',*,*,#762,.T.);
#1306=ORIENTED_EDGE('',*,*,#760,.F.);
#1307=ORIENTED_EDGE('',*,*,#801,.T.);
#1308=ORIENTED_EDGE('',*,*,#968,.F.);
#1309=ORIENTED_EDGE('',*,*,#956,.F.);
#1310=ORIENTED_EDGE('',*,*,#955,.F.);
#1311=ORIENTED_EDGE('',*,*,#783,.T.);
#1312=ORIENTED_EDGE('',*,*,#769,.F.);
#1313=ORIENTED_EDGE('',*,*,#805,.T.);
#1314=ORIENTED_EDGE('',*,*,#849,.F.);
#1315=ORIENTED_EDGE('',*,*,#850,.F.);
#1316=ORIENTED_EDGE('',*,*,#957,.T.);
#1317=ORIENTED_EDGE('',*,*,#968,.T.);
#1318=ORIENTED_EDGE('',*,*,#800,.T.);
#1319=ORIENTED_EDGE('',*,*,#825,.F.);
#1320=ORIENTED_EDGE('',*,*,#826,.T.);
#1321=ORIENTED_EDGE('',*,*,#823,.F.);
#1322=ORIENTED_EDGE('',*,*,#797,.T.);
#1323=ORIENTED_EDGE('',*,*,#969,.T.);
#1324=ORIENTED_EDGE('',*,*,#959,.T.);
#1325=ORIENTED_EDGE('',*,*,#970,.T.);
#1326=ORIENTED_EDGE('',*,*,#795,.T.);
#1327=ORIENTED_EDGE('',*,*,#838,.F.);
#1328=ORIENTED_EDGE('',*,*,#833,.T.);
#1329=ORIENTED_EDGE('',*,*,#839,.F.);
#1330=ORIENTED_EDGE('',*,*,#793,.T.);
#1331=ORIENTED_EDGE('',*,*,#971,.T.);
#1332=ORIENTED_EDGE('',*,*,#971,.F.);
#1333=ORIENTED_EDGE('',*,*,#792,.T.);
#1334=ORIENTED_EDGE('',*,*,#972,.F.);
#1335=ORIENTED_EDGE('',*,*,#960,.F.);
#1336=ORIENTED_EDGE('',*,*,#961,.T.);
#1337=ORIENTED_EDGE('',*,*,#972,.T.);
#1338=ORIENTED_EDGE('',*,*,#791,.T.);
#1339=ORIENTED_EDGE('',*,*,#845,.F.);
#1340=ORIENTED_EDGE('',*,*,#840,.T.);
#1341=ORIENTED_EDGE('',*,*,#846,.F.);
#1342=ORIENTED_EDGE('',*,*,#789,.T.);
#1343=ORIENTED_EDGE('',*,*,#973,.T.);
#1344=ORIENTED_EDGE('',*,*,#963,.F.);
#1345=ORIENTED_EDGE('',*,*,#974,.T.);
#1346=ORIENTED_EDGE('',*,*,#943,.F.);
#1347=ORIENTED_EDGE('',*,*,#974,.F.);
#1348=ORIENTED_EDGE('',*,*,#964,.F.);
#1349=ORIENTED_EDGE('',*,*,#975,.T.);
#1350=ORIENTED_EDGE('',*,*,#942,.F.);
#1351=ORIENTED_EDGE('',*,*,#975,.F.);
#1352=ORIENTED_EDGE('',*,*,#965,.F.);
#1353=ORIENTED_EDGE('',*,*,#976,.T.);
#1354=ORIENTED_EDGE('',*,*,#941,.F.);
#1355=ORIENTED_EDGE('',*,*,#976,.F.);
#1356=ORIENTED_EDGE('',*,*,#966,.F.);
#1357=ORIENTED_EDGE('',*,*,#977,.T.);
#1358=ORIENTED_EDGE('',*,*,#940,.F.);
#1359=ORIENTED_EDGE('',*,*,#977,.F.);
#1360=ORIENTED_EDGE('',*,*,#967,.F.);
#1361=ORIENTED_EDGE('',*,*,#978,.T.);
#1362=ORIENTED_EDGE('',*,*,#939,.F.);
#1363=ORIENTED_EDGE('',*,*,#978,.F.);
#1364=ORIENTED_EDGE('',*,*,#765,.T.);
#1365=ORIENTED_EDGE('',*,*,#856,.T.);
#1366=ORIENTED_EDGE('',*,*,#952,.F.);
#1367=ORIENTED_EDGE('',*,*,#944,.T.);
#1368=ORIENTED_EDGE('',*,*,#931,.F.);
#1369=ORIENTED_EDGE('',*,*,#979,.T.);
#1370=ORIENTED_EDGE('',*,*,#947,.F.);
#1371=ORIENTED_EDGE('',*,*,#950,.T.);
#1372=ORIENTED_EDGE('',*,*,#951,.F.);
#1373=ORIENTED_EDGE('',*,*,#852,.T.);
#1374=ORIENTED_EDGE('',*,*,#802,.T.);
#1375=ORIENTED_EDGE('',*,*,#773,.T.);
#1376=ORIENTED_EDGE('',*,*,#807,.T.);
#1377=ORIENTED_EDGE('',*,*,#809,.T.);
#1378=ORIENTED_EDGE('',*,*,#811,.T.);
#1379=ORIENTED_EDGE('',*,*,#813,.T.);
#1380=ORIENTED_EDGE('',*,*,#815,.T.);
#1381=ORIENTED_EDGE('',*,*,#817,.T.);
#1382=ORIENTED_EDGE('',*,*,#819,.T.);
#1383=ORIENTED_EDGE('',*,*,#820,.T.);
#1384=ORIENTED_EDGE('',*,*,#843,.T.);
#1385=ORIENTED_EDGE('',*,*,#836,.T.);
#1386=ORIENTED_EDGE('',*,*,#827,.T.);
#1387=ORIENTED_EDGE('',*,*,#821,.T.);
#1388=ORIENTED_EDGE('',*,*,#954,.F.);
#1389=ORIENTED_EDGE('',*,*,#962,.F.);
#1390=ORIENTED_EDGE('',*,*,#973,.F.);
#1391=ORIENTED_EDGE('',*,*,#788,.T.);
#1392=ORIENTED_EDGE('',*,*,#875,.T.);
#1393=ORIENTED_EDGE('',*,*,#866,.T.);
#1394=ORIENTED_EDGE('',*,*,#859,.T.);
#1395=ORIENTED_EDGE('',*,*,#870,.T.);
#1396=ORIENTED_EDGE('',*,*,#899,.T.);
#1397=ORIENTED_EDGE('',*,*,#890,.T.);
#1398=ORIENTED_EDGE('',*,*,#883,.T.);
#1399=ORIENTED_EDGE('',*,*,#894,.T.);
#1400=ORIENTED_EDGE('',*,*,#923,.T.);
#1401=ORIENTED_EDGE('',*,*,#914,.T.);
#1402=ORIENTED_EDGE('',*,*,#907,.T.);
#1403=ORIENTED_EDGE('',*,*,#918,.T.);
#1404=ORIENTED_EDGE('',*,*,#969,.F.);
#1405=ORIENTED_EDGE('',*,*,#796,.T.);
#1406=ORIENTED_EDGE('',*,*,#970,.F.);
#1407=ORIENTED_EDGE('',*,*,#958,.F.);
#1408=ORIENTED_EDGE('',*,*,#877,.T.);
#1409=ORIENTED_EDGE('',*,*,#872,.T.);
#1410=ORIENTED_EDGE('',*,*,#863,.T.);
#1411=ORIENTED_EDGE('',*,*,#880,.T.);
#1412=ORIENTED_EDGE('',*,*,#901,.T.);
#1413=ORIENTED_EDGE('',*,*,#896,.T.);
#1414=ORIENTED_EDGE('',*,*,#887,.T.);
#1415=ORIENTED_EDGE('',*,*,#904,.T.);
#1416=ORIENTED_EDGE('',*,*,#925,.T.);
#1417=ORIENTED_EDGE('',*,*,#920,.T.);
#1418=ORIENTED_EDGE('',*,*,#911,.T.);
#1419=ORIENTED_EDGE('',*,*,#928,.T.);
#1420=ORIENTED_EDGE('',*,*,#930,.F.);
#1421=ORIENTED_EDGE('',*,*,#938,.T.);
#1422=ORIENTED_EDGE('',*,*,#948,.F.);
#1423=ORIENTED_EDGE('',*,*,#979,.F.);
#1424=PLANE('',#1553);
#1425=PLANE('',#1554);
#1426=PLANE('',#1555);
#1427=PLANE('',#1556);
#1428=PLANE('',#1557);
#1429=PLANE('',#1576);
#1430=PLANE('',#1579);
#1431=PLANE('',#1582);
#1432=PLANE('',#1585);
#1433=PLANE('',#1588);
#1434=PLANE('',#1592);
#1435=PLANE('',#1597);
#1436=PLANE('',#1599);
#1437=PLANE('',#1605);
#1438=PLANE('',#1611);
#1439=PLANE('',#1612);
#1440=PLANE('',#1613);
#1441=PLANE('',#1614);
#1442=PLANE('',#1615);
#1443=PLANE('',#1616);
#1444=PLANE('',#1623);
#1445=PLANE('',#1624);
#1446=PLANE('',#1625);
#1447=PLANE('',#1626);
#1448=PLANE('',#1627);
#1449=PLANE('',#1631);
#1450=PLANE('',#1632);
#1451=PLANE('',#1633);
#1452=PLANE('',#1634);
#1453=PLANE('',#1638);
#1454=PLANE('',#1639);
#1455=PLANE('',#1649);
#1456=PLANE('',#1650);
#1457=PLANE('',#1657);
#1458=PLANE('',#1666);
#1459=PLANE('',#1669);
#1460=PLANE('',#1676);
#1461=PLANE('',#1685);
#1462=PLANE('',#1688);
#1463=PLANE('',#1695);
#1464=PLANE('',#1696);
#1465=PLANE('',#1697);
#1466=PLANE('',#1698);
#1467=ADVANCED_FACE('',(#144),#1424,.T.);
#1468=ADVANCED_FACE('',(#145),#1425,.F.);
#1469=ADVANCED_FACE('',(#146),#1426,.T.);
#1470=ADVANCED_FACE('',(#147),#1427,.T.);
#1471=ADVANCED_FACE('',(#148),#1428,.T.);
#1472=ADVANCED_FACE('',(#149),#1429,.F.);
#1473=ADVANCED_FACE('',(#150),#41,.T.);
#1474=ADVANCED_FACE('',(#151),#1430,.T.);
#1475=ADVANCED_FACE('',(#152),#42,.T.);
#1476=ADVANCED_FACE('',(#153),#1431,.T.);
#1477=ADVANCED_FACE('',(#154),#43,.T.);
#1478=ADVANCED_FACE('',(#155),#1432,.T.);
#1479=ADVANCED_FACE('',(#156),#44,.T.);
#1480=ADVANCED_FACE('',(#157),#1433,.T.);
#1481=ADVANCED_FACE('',(#158),#45,.F.);
#1482=ADVANCED_FACE('',(#159),#1434,.T.);
#1483=ADVANCED_FACE('',(#160),#46,.F.);
#1484=ADVANCED_FACE('',(#161),#1435,.T.);
#1485=ADVANCED_FACE('',(#162),#1436,.T.);
#1486=ADVANCED_FACE('',(#163),#47,.F.);
#1487=ADVANCED_FACE('',(#164),#1437,.T.);
#1488=ADVANCED_FACE('',(#165),#48,.F.);
#1489=ADVANCED_FACE('',(#166),#1438,.T.);
#1490=ADVANCED_FACE('',(#167),#1439,.T.);
#1491=ADVANCED_FACE('',(#168),#1440,.T.);
#1492=ADVANCED_FACE('',(#169),#1441,.F.);
#1493=ADVANCED_FACE('',(#170),#1442,.F.);
#1494=ADVANCED_FACE('',(#171),#1443,.F.);
#1495=ADVANCED_FACE('',(#172),#49,.F.);
#1496=ADVANCED_FACE('',(#173),#50,.F.);
#1497=ADVANCED_FACE('',(#174),#1444,.F.);
#1498=ADVANCED_FACE('',(#175),#1445,.F.);
#1499=ADVANCED_FACE('',(#176),#1446,.F.);
#1500=ADVANCED_FACE('',(#177),#1447,.F.);
#1501=ADVANCED_FACE('',(#178),#1448,.F.);
#1502=ADVANCED_FACE('',(#179),#51,.F.);
#1503=ADVANCED_FACE('',(#180),#1449,.F.);
#1504=ADVANCED_FACE('',(#181),#1450,.F.);
#1505=ADVANCED_FACE('',(#182),#1451,.F.);
#1506=ADVANCED_FACE('',(#183),#1452,.F.);
#1507=ADVANCED_FACE('',(#184),#52,.F.);
#1508=ADVANCED_FACE('',(#185),#1453,.F.);
#1509=ADVANCED_FACE('',(#186),#1454,.F.);
#1510=ADVANCED_FACE('',(#187),#53,.F.);
#1511=ADVANCED_FACE('',(#188),#54,.F.);
#1512=ADVANCED_FACE('',(#189),#55,.F.);
#1513=ADVANCED_FACE('',(#190),#1455,.F.);
#1514=ADVANCED_FACE('',(#191),#1456,.F.);
#1515=ADVANCED_FACE('',(#192),#56,.F.);
#1516=ADVANCED_FACE('',(#193),#57,.F.);
#1517=ADVANCED_FACE('',(#194,#15,#16,#17,#18,#19),#1457,.F.);
#1518=ADVANCED_FACE('',(#195,#20,#21,#22),#1458,.T.);
#1519=ADVANCED_FACE('',(#196),#58,.F.);
#1520=ADVANCED_FACE('',(#197,#23,#24,#25),#1459,.T.);
#1521=ADVANCED_FACE('',(#198),#59,.F.);
#1522=ADVANCED_FACE('',(#199),#60,.F.);
#1523=ADVANCED_FACE('',(#200),#61,.T.);
#1524=ADVANCED_FACE('',(#201,#26,#27,#28,#29,#30),#1460,.T.);
#1525=ADVANCED_FACE('',(#202),#1461,.T.);
#1526=ADVANCED_FACE('',(#203),#62,.T.);
#1527=ADVANCED_FACE('',(#204),#63,.T.);
#1528=ADVANCED_FACE('',(#205),#1462,.T.);
#1529=ADVANCED_FACE('',(#206),#64,.T.);
#1530=ADVANCED_FACE('',(#207),#65,.F.);
#1531=ADVANCED_FACE('',(#208),#66,.F.);
#1532=ADVANCED_FACE('',(#209),#67,.F.);
#1533=ADVANCED_FACE('',(#210),#68,.F.);
#1534=ADVANCED_FACE('',(#211),#69,.F.);
#1535=ADVANCED_FACE('',(#212,#31,#32,#33,#34),#1463,.F.);
#1536=ADVANCED_FACE('',(#213,#35,#36,#37),#1464,.T.);
#1537=ADVANCED_FACE('',(#214,#38,#39,#40),#1465,.T.);
#1538=ADVANCED_FACE('',(#215),#1466,.T.);
#1539=CLOSED_SHELL('',(#1467,#1468,#1469,#1470,#1471,#1472,#1473,#1474,
#1475,#1476,#1477,#1478,#1479,#1480,#1481,#1482,#1483,#1484,#1485,#1486,
#1487,#1488,#1489,#1490,#1491,#1492,#1493,#1494,#1495,#1496,#1497,#1498,
#1499,#1500,#1501,#1502,#1503,#1504,#1505,#1506,#1507,#1508,#1509,#1510,
#1511,#1512,#1513,#1514,#1515,#1516,#1517,#1518,#1519,#1520,#1521,#1522,
#1523,#1524,#1525,#1526,#1527,#1528,#1529,#1530,#1531,#1532,#1533,#1534,
#1535,#1536,#1537,#1538));
#1540=DERIVED_UNIT_ELEMENT(#1542,1.);
#1541=DERIVED_UNIT_ELEMENT(#2589,-3.);
#1542=(
MASS_UNIT()
NAMED_UNIT(*)
SI_UNIT(.KILO.,.GRAM.)
);
#1543=DERIVED_UNIT((#1540,#1541));
#1544=MEASURE_REPRESENTATION_ITEM('density measure',
POSITIVE_RATIO_MEASURE(7850.),#1543);
#1545=PROPERTY_DEFINITION_REPRESENTATION(#1550,#1547);
#1546=PROPERTY_DEFINITION_REPRESENTATION(#1551,#1548);
#1547=REPRESENTATION('material name',(#1549),#2586);
#1548=REPRESENTATION('density',(#1544),#2586);
#1549=DESCRIPTIVE_REPRESENTATION_ITEM('Stal','Stal');
#1550=PROPERTY_DEFINITION('material property','material name',#2596);
#1551=PROPERTY_DEFINITION('material property','density of part',#2596);
#1552=AXIS2_PLACEMENT_3D('',#2141,#1699,#1700);
#1553=AXIS2_PLACEMENT_3D('',#2142,#1701,#1702);
#1554=AXIS2_PLACEMENT_3D('',#2151,#1707,#1708);
#1555=AXIS2_PLACEMENT_3D('',#2161,#1714,#1715);
#1556=AXIS2_PLACEMENT_3D('',#2170,#1720,#1721);
#1557=AXIS2_PLACEMENT_3D('',#2178,#1726,#1727);
#1558=AXIS2_PLACEMENT_3D('',#2182,#1729,#1730);
#1559=AXIS2_PLACEMENT_3D('',#2186,#1732,#1733);
#1560=AXIS2_PLACEMENT_3D('',#2190,#1735,#1736);
#1561=AXIS2_PLACEMENT_3D('',#2193,#1738,#1739);
#1562=AXIS2_PLACEMENT_3D('',#2197,#1741,#1742);
#1563=AXIS2_PLACEMENT_3D('',#2199,#1743,#1744);
#1564=AXIS2_PLACEMENT_3D('',#2201,#1745,#1746);
#1565=AXIS2_PLACEMENT_3D('',#2203,#1747,#1748);
#1566=AXIS2_PLACEMENT_3D('',#2207,#1750,#1751);
#1567=AXIS2_PLACEMENT_3D('',#2209,#1752,#1753);
#1568=AXIS2_PLACEMENT_3D('',#2211,#1754,#1755);
#1569=AXIS2_PLACEMENT_3D('',#2215,#1757,#1758);
#1570=AXIS2_PLACEMENT_3D('',#2217,#1759,#1760);
#1571=AXIS2_PLACEMENT_3D('',#2219,#1761,#1762);
#1572=AXIS2_PLACEMENT_3D('',#2223,#1764,#1765);
#1573=AXIS2_PLACEMENT_3D('',#2225,#1766,#1767);
#1574=AXIS2_PLACEMENT_3D('',#2227,#1768,#1769);
#1575=AXIS2_PLACEMENT_3D('',#2229,#1770,#1771);
#1576=AXIS2_PLACEMENT_3D('',#2231,#1773,#1774);
#1577=AXIS2_PLACEMENT_3D('',#2239,#1779,#1780);
#1578=AXIS2_PLACEMENT_3D('',#2242,#1782,#1783);
#1579=AXIS2_PLACEMENT_3D('',#2243,#1784,#1785);
#1580=AXIS2_PLACEMENT_3D('',#2247,#1788,#1789);
#1581=AXIS2_PLACEMENT_3D('',#2250,#1791,#1792);
#1582=AXIS2_PLACEMENT_3D('',#2251,#1793,#1794);
#1583=AXIS2_PLACEMENT_3D('',#2255,#1797,#1798);
#1584=AXIS2_PLACEMENT_3D('',#2258,#1800,#1801);
#1585=AXIS2_PLACEMENT_3D('',#2259,#1802,#1803);
#1586=AXIS2_PLACEMENT_3D('',#2263,#1806,#1807);
#1587=AXIS2_PLACEMENT_3D('',#2266,#1809,#1810);
#1588=AXIS2_PLACEMENT_3D('',#2267,#1811,#1812);
#1589=AXIS2_PLACEMENT_3D('',#2269,#1814,#1815);
#1590=AXIS2_PLACEMENT_3D('',#2271,#1816,#1817);
#1591=AXIS2_PLACEMENT_3D('',#2276,#1820,#1821);
#1592=AXIS2_PLACEMENT_3D('',#2278,#1823,#1824);
#1593=AXIS2_PLACEMENT_3D('',#2279,#1825,#1826);
#1594=AXIS2_PLACEMENT_3D('',#2280,#1827,#1828);
#1595=AXIS2_PLACEMENT_3D('',#2282,#1829,#1830);
#1596=AXIS2_PLACEMENT_3D('',#2287,#1833,#1834);
#1597=AXIS2_PLACEMENT_3D('',#2289,#1836,#1837);
#1598=AXIS2_PLACEMENT_3D('',#2290,#1838,#1839);
#1599=AXIS2_PLACEMENT_3D('',#2291,#1840,#1841);
#1600=AXIS2_PLACEMENT_3D('',#2294,#1842,#1843);
#1601=AXIS2_PLACEMENT_3D('',#2296,#1844,#1845);
#1602=AXIS2_PLACEMENT_3D('',#2297,#1846,#1847);
#1603=AXIS2_PLACEMENT_3D('',#2298,#1848,#1849);
#1604=AXIS2_PLACEMENT_3D('',#2300,#1850,#1851);
#1605=AXIS2_PLACEMENT_3D('',#2304,#1855,#1856);
#1606=AXIS2_PLACEMENT_3D('',#2307,#1857,#1858);
#1607=AXIS2_PLACEMENT_3D('',#2309,#1859,#1860);
#1608=AXIS2_PLACEMENT_3D('',#2310,#1861,#1862);
#1609=AXIS2_PLACEMENT_3D('',#2311,#1863,#1864);
#1610=AXIS2_PLACEMENT_3D('',#2313,#1865,#1866);
#1611=AXIS2_PLACEMENT_3D('',#2317,#1870,#1871);
#1612=AXIS2_PLACEMENT_3D('',#2323,#1875,#1876);
#1613=AXIS2_PLACEMENT_3D('',#2326,#1879,#1880);
#1614=AXIS2_PLACEMENT_3D('',#2336,#1886,#1887);
#1615=AXIS2_PLACEMENT_3D('',#2345,#1892,#1893);
#1616=AXIS2_PLACEMENT_3D('',#2354,#1898,#1899);
#1617=AXIS2_PLACEMENT_3D('',#2360,#1903,#1904);
#1618=AXIS2_PLACEMENT_3D('',#2362,#1905,#1906);
#1619=AXIS2_PLACEMENT_3D('',#2365,#1908,#1909);
#1620=AXIS2_PLACEMENT_3D('',#2366,#1910,#1911);
#1621=AXIS2_PLACEMENT_3D('',#2368,#1912,#1913);
#1622=AXIS2_PLACEMENT_3D('',#2370,#1914,#1915);
#1623=AXIS2_PLACEMENT_3D('',#2372,#1917,#1918);
#1624=AXIS2_PLACEMENT_3D('',#2375,#1921,#1922);
#1625=AXIS2_PLACEMENT_3D('',#2381,#1926,#1927);
#1626=AXIS2_PLACEMENT_3D('',#2384,#1930,#1931);
#1627=AXIS2_PLACEMENT_3D('',#2393,#1936,#1937);
#1628=AXIS2_PLACEMENT_3D('',#2402,#1942,#1943);
#1629=AXIS2_PLACEMENT_3D('',#2404,#1944,#1945);
#1630=AXIS2_PLACEMENT_3D('',#2406,#1946,#1947);
#1631=AXIS2_PLACEMENT_3D('',#2408,#1949,#1950);
#1632=AXIS2_PLACEMENT_3D('',#2414,#1954,#1955);
#1633=AXIS2_PLACEMENT_3D('',#2420,#1959,#1960);
#1634=AXIS2_PLACEMENT_3D('',#2423,#1963,#1964);
#1635=AXIS2_PLACEMENT_3D('',#2429,#1968,#1969);
#1636=AXIS2_PLACEMENT_3D('',#2430,#1970,#1971);
#1637=AXIS2_PLACEMENT_3D('',#2431,#1972,#1973);
#1638=AXIS2_PLACEMENT_3D('',#2432,#1974,#1975);
#1639=AXIS2_PLACEMENT_3D('',#2441,#1980,#1981);
#1640=AXIS2_PLACEMENT_3D('',#2450,#1986,#1987);
#1641=AXIS2_PLACEMENT_3D('',#2452,#1988,#1989);
#1642=AXIS2_PLACEMENT_3D('',#2454,#1990,#1991);
#1643=AXIS2_PLACEMENT_3D('',#2456,#1993,#1994);
#1644=AXIS2_PLACEMENT_3D('',#2458,#1995,#1996);
#1645=AXIS2_PLACEMENT_3D('',#2461,#1998,#1999);
#1646=AXIS2_PLACEMENT_3D('',#2462,#2000,#2001);
#1647=AXIS2_PLACEMENT_3D('',#2464,#2002,#2003);
#1648=AXIS2_PLACEMENT_3D('',#2466,#2004,#2005);
#1649=AXIS2_PLACEMENT_3D('',#2468,#2007,#2008);
#1650=AXIS2_PLACEMENT_3D('',#2471,#2011,#2012);
#1651=AXIS2_PLACEMENT_3D('',#2477,#2016,#2017);
#1652=AXIS2_PLACEMENT_3D('',#2478,#2018,#2019);
#1653=AXIS2_PLACEMENT_3D('',#2479,#2020,#2021);
#1654=AXIS2_PLACEMENT_3D('',#2480,#2022,#2023);
#1655=AXIS2_PLACEMENT_3D('',#2483,#2024,#2025);
#1656=AXIS2_PLACEMENT_3D('',#2487,#2027,#2028);
#1657=AXIS2_PLACEMENT_3D('',#2489,#2030,#2031);
#1658=AXIS2_PLACEMENT_3D('',#2492,#2033,#2034);
#1659=AXIS2_PLACEMENT_3D('',#2494,#2035,#2036);
#1660=AXIS2_PLACEMENT_3D('',#2498,#2038,#2039);
#1661=AXIS2_PLACEMENT_3D('',#2501,#2041,#2042);
#1662=AXIS2_PLACEMENT_3D('',#2503,#2043,#2044);
#1663=AXIS2_PLACEMENT_3D('',#2505,#2045,#2046);
#1664=AXIS2_PLACEMENT_3D('',#2507,#2047,#2048);
#1665=AXIS2_PLACEMENT_3D('',#2509,#2049,#2050);
#1666=AXIS2_PLACEMENT_3D('',#2510,#2051,#2052);
#1667=AXIS2_PLACEMENT_3D('',#2514,#2055,#2056);
#1668=AXIS2_PLACEMENT_3D('',#2518,#2058,#2059);
#1669=AXIS2_PLACEMENT_3D('',#2520,#2061,#2062);
#1670=AXIS2_PLACEMENT_3D('',#2524,#2065,#2066);
#1671=AXIS2_PLACEMENT_3D('',#2525,#2067,#2068);
#1672=AXIS2_PLACEMENT_3D('',#2526,#2069,#2070);
#1673=AXIS2_PLACEMENT_3D('',#2527,#2071,#2072);
#1674=AXIS2_PLACEMENT_3D('',#2528,#2073,#2074);
#1675=AXIS2_PLACEMENT_3D('',#2531,#2075,#2076);
#1676=AXIS2_PLACEMENT_3D('',#2534,#2079,#2080);
#1677=AXIS2_PLACEMENT_3D('',#2538,#2082,#2083);
#1678=AXIS2_PLACEMENT_3D('',#2542,#2085,#2086);
#1679=AXIS2_PLACEMENT_3D('',#2546,#2088,#2089);
#1680=AXIS2_PLACEMENT_3D('',#2549,#2091,#2092);
#1681=AXIS2_PLACEMENT_3D('',#2551,#2093,#2094);
#1682=AXIS2_PLACEMENT_3D('',#2553,#2095,#2096);
#1683=AXIS2_PLACEMENT_3D('',#2555,#2097,#2098);
#1684=AXIS2_PLACEMENT_3D('',#2557,#2099,#2100);
#1685=AXIS2_PLACEMENT_3D('',#2558,#2101,#2102);
#1686=AXIS2_PLACEMENT_3D('',#2560,#2104,#2105);
#1687=AXIS2_PLACEMENT_3D('',#2562,#2107,#2108);
#1688=AXIS2_PLACEMENT_3D('',#2565,#2111,#2112);
#1689=AXIS2_PLACEMENT_3D('',#2567,#2114,#2115);
#1690=AXIS2_PLACEMENT_3D('',#2569,#2117,#2118);
#1691=AXIS2_PLACEMENT_3D('',#2571,#2120,#2121);
#1692=AXIS2_PLACEMENT_3D('',#2573,#2123,#2124);
#1693=AXIS2_PLACEMENT_3D('',#2575,#2126,#2127);
#1694=AXIS2_PLACEMENT_3D('',#2577,#2129,#2130);
#1695=AXIS2_PLACEMENT_3D('',#2579,#2132,#2133);
#1696=AXIS2_PLACEMENT_3D('',#2581,#2135,#2136);
#1697=AXIS2_PLACEMENT_3D('',#2582,#2137,#2138);
#1698=AXIS2_PLACEMENT_3D('',#2583,#2139,#2140);
#1699=DIRECTION('axis',(0.,0.,1.));
#1700=DIRECTION('refdir',(1.,0.,0.));
#1701=DIRECTION('center_axis',(0.,0.832050294337844,0.554700196225228));
#1702=DIRECTION('ref_axis',(1.,0.,0.));
#1703=DIRECTION('',(-5.35513851837687E-17,-0.554700196225228,0.832050294337844));
#1704=DIRECTION('',(1.,0.,0.));
#1705=DIRECTION('',(2.54479722980719E-17,-0.554700196225228,0.832050294337844));
#1706=DIRECTION('',(-1.,0.,0.));
#1707=DIRECTION('center_axis',(0.,-1.,0.));
#1708=DIRECTION('ref_axis',(0.,0.,1.));
#1709=DIRECTION('',(0.,0.,-1.));
#1710=DIRECTION('',(-1.,0.,0.));
#1711=DIRECTION('',(0.,0.,1.));
#1712=DIRECTION('',(1.,0.,0.));
#1713=DIRECTION('',(0.,0.,-1.));
#1714=DIRECTION('center_axis',(0.,-0.832050294337843,0.554700196225229));
#1715=DIRECTION('ref_axis',(1.,0.,0.));
#1716=DIRECTION('',(-5.35513851837688E-17,-0.554700196225229,-0.832050294337844));
#1717=DIRECTION('',(1.,0.,0.));
#1718=DIRECTION('',(2.5447972298072E-17,-0.554700196225229,-0.832050294337844));
#1719=DIRECTION('',(-1.,0.,0.));
#1720=DIRECTION('center_axis',(-1.,9.65411325761003E-17,0.));
#1721=DIRECTION('ref_axis',(-9.65411325761003E-17,-1.,0.));
#1722=DIRECTION('',(9.65411325761003E-17,1.,0.));
#1723=DIRECTION('',(0.,0.,-1.));
#1724=DIRECTION('',(9.65411325761003E-17,1.,0.));
#1725=DIRECTION('',(0.,0.,1.));
#1726=DIRECTION('center_axis',(0.,0.,1.));
#1727=DIRECTION('ref_axis',(-1.,0.,0.));
#1728=DIRECTION('',(9.65411325761003E-17,1.,0.));
#1729=DIRECTION('center_axis',(0.,0.,-1.));
#1730=DIRECTION('ref_axis',(-1.,1.33226762955019E-15,0.));
#1731=DIRECTION('',(-1.,-2.41159923471097E-31,0.));
#1732=DIRECTION('center_axis',(0.,0.,-1.));
#1733=DIRECTION('ref_axis',(-1.77635683940025E-15,-1.,0.));
#1734=DIRECTION('',(1.93082265152201E-16,-1.,0.));
#1735=DIRECTION('center_axis',(0.,0.,-1.));
#1736=DIRECTION('ref_axis',(1.,-1.77635683940025E-15,0.));
#1737=DIRECTION('',(1.,0.,0.));
#1738=DIRECTION('center_axis',(0.,0.,-1.));
#1739=DIRECTION('ref_axis',(7.77156117237611E-16,1.,0.));
#1740=DIRECTION('',(4.58769844886428E-17,-1.,0.));
#1741=DIRECTION('center_axis',(0.,0.,1.));
#1742=DIRECTION('ref_axis',(-0.707106781186548,0.707106781186547,0.));
#1743=DIRECTION('center_axis',(0.,0.,1.));
#1744=DIRECTION('ref_axis',(1.,0.,0.));
#1745=DIRECTION('center_axis',(0.,0.,1.));
#1746=DIRECTION('ref_axis',(1.,0.,0.));
#1747=DIRECTION('center_axis',(0.,0.,1.));
#1748=DIRECTION('ref_axis',(-0.707106781186548,0.707106781186547,0.));
#1749=DIRECTION('',(-1.,0.,0.));
#1750=DIRECTION('center_axis',(0.,0.,1.));
#1751=DIRECTION('ref_axis',(0.707106781186547,0.707106781186547,0.));
#1752=DIRECTION('center_axis',(0.,0.,1.));
#1753=DIRECTION('ref_axis',(1.,0.,0.));
#1754=DIRECTION('center_axis',(0.,0.,1.));
#1755=DIRECTION('ref_axis',(0.707106781186547,0.707106781186547,0.));
#1756=DIRECTION('',(0.,1.,0.));
#1757=DIRECTION('center_axis',(0.,0.,1.));
#1758=DIRECTION('ref_axis',(0.707106781186547,-0.707106781186547,0.));
#1759=DIRECTION('center_axis',(0.,0.,1.));
#1760=DIRECTION('ref_axis',(1.,0.,0.));
#1761=DIRECTION('center_axis',(0.,0.,1.));
#1762=DIRECTION('ref_axis',(0.707106781186547,-0.707106781186547,0.));
#1763=DIRECTION('',(1.,0.,0.));
#1764=DIRECTION('center_axis',(0.,0.,1.));
#1765=DIRECTION('ref_axis',(-0.707106781186547,-0.707106781186548,0.));
#1766=DIRECTION('center_axis',(0.,0.,1.));
#1767=DIRECTION('ref_axis',(1.,0.,0.));
#1768=DIRECTION('center_axis',(0.,0.,1.));
#1769=DIRECTION('ref_axis',(1.,0.,0.));
#1770=DIRECTION('center_axis',(0.,0.,1.));
#1771=DIRECTION('ref_axis',(-0.707106781186547,-0.707106781186548,0.));
#1772=DIRECTION('',(4.58769844886428E-17,-1.,0.));
#1773=DIRECTION('center_axis',(0.,1.,0.));
#1774=DIRECTION('ref_axis',(0.,0.,-1.));
#1775=DIRECTION('',(-1.,0.,0.));
#1776=DIRECTION('',(0.,0.,-1.));
#1777=DIRECTION('',(1.,0.,0.));
#1778=DIRECTION('',(0.,0.,1.));
#1779=DIRECTION('center_axis',(0.,0.,1.));
#1780=DIRECTION('ref_axis',(7.77156117237611E-16,1.,0.));
#1781=DIRECTION('',(0.,0.,1.));
#1782=DIRECTION('center_axis',(0.,0.,-1.));
#1783=DIRECTION('ref_axis',(7.77156117237611E-16,1.,0.));
#1784=DIRECTION('center_axis',(0.,1.,0.));
#1785=DIRECTION('ref_axis',(-1.,0.,0.));
#1786=DIRECTION('',(0.,0.,1.));
#1787=DIRECTION('',(1.,0.,0.));
#1788=DIRECTION('center_axis',(0.,0.,1.));
#1789=DIRECTION('ref_axis',(1.,-1.77635683940025E-15,0.));
#1790=DIRECTION('',(0.,0.,1.));
#1791=DIRECTION('center_axis',(0.,0.,-1.));
#1792=DIRECTION('ref_axis',(1.,-1.77635683940025E-15,0.));
#1793=DIRECTION('center_axis',(1.,1.93082265152201E-16,0.));
#1794=DIRECTION('ref_axis',(-1.93082265152201E-16,1.,0.));
#1795=DIRECTION('',(0.,0.,1.));
#1796=DIRECTION('',(1.93082265152201E-16,-1.,0.));
#1797=DIRECTION('center_axis',(0.,0.,1.));
#1798=DIRECTION('ref_axis',(-1.77635683940025E-15,-1.,0.));
#1799=DIRECTION('',(0.,0.,1.));
#1800=DIRECTION('center_axis',(0.,0.,-1.));
#1801=DIRECTION('ref_axis',(-1.77635683940025E-15,-1.,0.));
#1802=DIRECTION('center_axis',(2.41159923471097E-31,-1.,0.));
#1803=DIRECTION('ref_axis',(1.,2.41159923471097E-31,0.));
#1804=DIRECTION('',(0.,0.,1.));
#1805=DIRECTION('',(-1.,-2.41159923471097E-31,0.));
#1806=DIRECTION('center_axis',(0.,0.,1.));
#1807=DIRECTION('ref_axis',(-1.,1.33226762955019E-15,0.));
#1808=DIRECTION('',(0.,0.,1.));
#1809=DIRECTION('center_axis',(0.,0.,-1.));
#1810=DIRECTION('ref_axis',(-1.,1.33226762955019E-15,0.));
#1811=DIRECTION('center_axis',(-1.,9.65411325761003E-17,0.));
#1812=DIRECTION('ref_axis',(-9.65411325761003E-17,-1.,0.));
#1813=DIRECTION('',(9.65411325761003E-17,1.,0.));
#1814=DIRECTION('center_axis',(0.,0.,1.));
#1815=DIRECTION('ref_axis',(1.,0.,0.));
#1816=DIRECTION('center_axis',(0.,0.,1.));
#1817=DIRECTION('ref_axis',(1.,0.,0.));
#1818=DIRECTION('',(0.,0.,1.));
#1819=DIRECTION('',(0.,0.,1.));
#1820=DIRECTION('center_axis',(0.,0.,1.));
#1821=DIRECTION('ref_axis',(1.,0.,0.));
#1822=DIRECTION('',(0.,0.,-1.));
#1823=DIRECTION('center_axis',(0.,0.,-1.));
#1824=DIRECTION('ref_axis',(1.,0.,0.));
#1825=DIRECTION('center_axis',(0.,0.,-1.));
#1826=DIRECTION('ref_axis',(-0.707106781186547,-0.707106781186548,0.));
#1827=DIRECTION('center_axis',(0.,0.,1.));
#1828=DIRECTION('ref_axis',(1.,0.,0.));
#1829=DIRECTION('center_axis',(0.,0.,1.));
#1830=DIRECTION('ref_axis',(1.,0.,0.));
#1831=DIRECTION('',(0.,0.,1.));
#1832=DIRECTION('',(0.,0.,1.));
#1833=DIRECTION('center_axis',(0.,0.,1.));
#1834=DIRECTION('ref_axis',(1.,0.,0.));
#1835=DIRECTION('',(0.,0.,-1.));
#1836=DIRECTION('center_axis',(0.,0.,-1.));
#1837=DIRECTION('ref_axis',(1.,0.,0.));
#1838=DIRECTION('center_axis',(0.,0.,-1.));
#1839=DIRECTION('ref_axis',(-0.707106781186548,0.707106781186547,0.));
#1840=DIRECTION('center_axis',(0.,0.,-1.));
#1841=DIRECTION('ref_axis',(1.,0.,0.));
#1842=DIRECTION('center_axis',(0.,0.,-1.));
#1843=DIRECTION('ref_axis',(0.707106781186547,-0.707106781186547,0.));
#1844=DIRECTION('center_axis',(0.,0.,1.));
#1845=DIRECTION('ref_axis',(1.,0.,0.));
#1846=DIRECTION('center_axis',(0.,0.,1.));
#1847=DIRECTION('ref_axis',(1.,0.,0.));
#1848=DIRECTION('center_axis',(0.,0.,1.));
#1849=DIRECTION('ref_axis',(1.,0.,0.));
#1850=DIRECTION('center_axis',(0.,0.,1.));
#1851=DIRECTION('ref_axis',(1.,0.,0.));
#1852=DIRECTION('',(0.,0.,1.));
#1853=DIRECTION('',(0.,0.,-1.));
#1854=DIRECTION('',(0.,0.,1.));
#1855=DIRECTION('center_axis',(0.,0.,-1.));
#1856=DIRECTION('ref_axis',(1.,0.,0.));
#1857=DIRECTION('center_axis',(0.,0.,-1.));
#1858=DIRECTION('ref_axis',(0.707106781186547,0.707106781186547,0.));
#1859=DIRECTION('center_axis',(0.,0.,1.));
#1860=DIRECTION('ref_axis',(1.,0.,0.));
#1861=DIRECTION('center_axis',(0.,0.,1.));
#1862=DIRECTION('ref_axis',(1.,0.,0.));
#1863=DIRECTION('center_axis',(0.,0.,1.));
#1864=DIRECTION('ref_axis',(1.,0.,0.));
#1865=DIRECTION('center_axis',(0.,0.,1.));
#1866=DIRECTION('ref_axis',(1.,0.,0.));
#1867=DIRECTION('',(0.,0.,1.));
#1868=DIRECTION('',(0.,0.,-1.));
#1869=DIRECTION('',(0.,0.,1.));
#1870=DIRECTION('center_axis',(0.,-0.17086044606705,-0.985295238986655));
#1871=DIRECTION('ref_axis',(-1.,0.,0.));
#1872=DIRECTION('',(-1.03197873620427E-16,-0.985295238986655,0.17086044606705));
#1873=DIRECTION('',(1.,0.,0.));
#1874=DIRECTION('',(-4.52023743957244E-17,0.985295238986655,-0.17086044606705));
#1875=DIRECTION('center_axis',(0.,0.17086044606705,-0.985295238986655));
#1876=DIRECTION('ref_axis',(-1.,0.,0.));
#1877=DIRECTION('',(-4.52023743957244E-17,0.985295238986655,0.17086044606705));
#1878=DIRECTION('',(-1.03197873620427E-16,-0.985295238986655,-0.17086044606705));
#1879=DIRECTION('center_axis',(1.,-1.04738021191052E-16,0.));
#1880=DIRECTION('ref_axis',(1.04738021191052E-16,1.,0.));
#1881=DIRECTION('',(-1.04738021191052E-16,-1.,0.));
#1882=DIRECTION('',(0.,0.,-1.));
#1883=DIRECTION('',(-1.04738021191052E-16,-1.,0.));
#1884=DIRECTION('',(0.,0.,1.));
#1885=DIRECTION('',(-1.04738021191052E-16,-1.,0.));
#1886=DIRECTION('center_axis',(0.589980504054651,0.,0.807417491038818));
#1887=DIRECTION('ref_axis',(0.807417491038818,0.,-0.589980504054651));
#1888=DIRECTION('',(0.807417491038818,0.,-0.589980504054651));
#1889=DIRECTION('',(0.,1.,0.));
#1890=DIRECTION('',(-0.807417491038818,0.,0.589980504054651));
#1891=DIRECTION('',(0.,1.,0.));
#1892=DIRECTION('center_axis',(0.589980504054651,0.,0.807417491038818));
#1893=DIRECTION('ref_axis',(0.807417491038818,0.,-0.589980504054651));
#1894=DIRECTION('',(-0.807417491038818,-8.45673102864502E-17,0.589980504054651));
#1895=DIRECTION('',(0.,1.,0.));
#1896=DIRECTION('',(0.807417491038818,0.,-0.589980504054651));
#1897=DIRECTION('',(0.,1.,0.));
#1898=DIRECTION('center_axis',(0.589289952345204,0.,-0.807921624951943));
#1899=DIRECTION('ref_axis',(-0.807921624951943,0.,-0.589289952345204));
#1900=DIRECTION('',(-0.807921624951943,0.,-0.589289952345204));
#1901=DIRECTION('',(0.807921624951943,0.,0.589289952345204));
#1902=DIRECTION('',(0.,1.,0.));
#1903=DIRECTION('center_axis',(0.,1.,0.));
#1904=DIRECTION('ref_axis',(0.589980504054649,0.,0.80741749103882));
#1905=DIRECTION('center_axis',(0.,1.,0.));
#1906=DIRECTION('ref_axis',(0.589980504054649,0.,0.80741749103882));
#1907=DIRECTION('',(0.,1.,0.));
#1908=DIRECTION('center_axis',(0.,-1.,0.));
#1909=DIRECTION('ref_axis',(0.589980504054649,0.,0.80741749103882));
#1910=DIRECTION('center_axis',(0.,1.,0.));
#1911=DIRECTION('ref_axis',(0.589980504054649,0.,0.80741749103882));
#1912=DIRECTION('center_axis',(1.04738021191053E-16,-1.,0.));
#1913=DIRECTION('ref_axis',(0.589980504054649,0.,0.80741749103882));
#1914=DIRECTION('center_axis',(0.,1.,0.));
#1915=DIRECTION('ref_axis',(0.589980504054649,0.,0.80741749103882));
#1916=DIRECTION('',(0.,1.,0.));
#1917=DIRECTION('center_axis',(-0.589172191503942,0.,-0.80800750538497));
#1918=DIRECTION('ref_axis',(-0.80800750538497,0.,0.589172191503942));
#1919=DIRECTION('',(-0.80800750538497,0.,0.589172191503942));
#1920=DIRECTION('',(0.80800750538497,0.,-0.589172191503942));
#1921=DIRECTION('center_axis',(-0.589172191503942,0.,-0.80800750538497));
#1922=DIRECTION('ref_axis',(-0.80800750538497,0.,0.589172191503942));
#1923=DIRECTION('',(0.80800750538497,8.46291072215405E-17,-0.589172191503942));
#1924=DIRECTION('',(-0.80800750538497,0.,0.589172191503942));
#1925=DIRECTION('',(0.,1.,0.));
#1926=DIRECTION('center_axis',(0.589289952345204,0.,-0.807921624951943));
#1927=DIRECTION('ref_axis',(-0.807921624951943,0.,-0.589289952345204));
#1928=DIRECTION('',(0.807921624951943,8.46201122749262E-17,0.589289952345204));
#1929=DIRECTION('',(-0.807921624951943,0.,-0.589289952345204));
#1930=DIRECTION('center_axis',(0.589980504054651,0.,0.807417491038818));
#1931=DIRECTION('ref_axis',(0.807417491038818,0.,-0.589980504054651));
#1932=DIRECTION('',(0.807417491038818,0.,-0.589980504054651));
#1933=DIRECTION('',(0.,1.,0.));
#1934=DIRECTION('',(-0.807417491038818,0.,0.589980504054651));
#1935=DIRECTION('',(0.,1.,0.));
#1936=DIRECTION('center_axis',(0.589980504054651,0.,0.807417491038818));
#1937=DIRECTION('ref_axis',(0.807417491038818,0.,-0.589980504054651));
#1938=DIRECTION('',(-0.807417491038818,-8.45673102864502E-17,0.589980504054651));
#1939=DIRECTION('',(0.,1.,0.));
#1940=DIRECTION('',(0.807417491038818,0.,-0.589980504054651));
#1941=DIRECTION('',(0.,1.,0.));
#1942=DIRECTION('center_axis',(0.,1.,0.));
#1943=DIRECTION('ref_axis',(-0.589172191503941,0.,-0.808007505384971));
#1944=DIRECTION('center_axis',(0.,1.,0.));
#1945=DIRECTION('ref_axis',(-0.589172191503941,0.,-0.808007505384971));
#1946=DIRECTION('center_axis',(0.,-1.,0.));
#1947=DIRECTION('ref_axis',(-0.589172191503941,0.,-0.808007505384971));
#1948=DIRECTION('',(0.,1.,0.));
#1949=DIRECTION('center_axis',(-0.589862916160349,0.,0.807503399459599));
#1950=DIRECTION('ref_axis',(0.807503399459599,0.,0.589862916160349));
#1951=DIRECTION('',(0.807503399459599,0.,0.589862916160349));
#1952=DIRECTION('',(0.,1.,0.));
#1953=DIRECTION('',(-0.807503399459599,0.,-0.589862916160349));
#1954=DIRECTION('center_axis',(-0.589862916160349,0.,0.807503399459599));
#1955=DIRECTION('ref_axis',(0.807503399459599,0.,0.589862916160349));
#1956=DIRECTION('',(-0.807503399459599,-8.45763081644464E-17,-0.589862916160349));
#1957=DIRECTION('',(0.807503399459599,0.,0.589862916160349));
#1958=DIRECTION('',(0.,1.,0.));
#1959=DIRECTION('center_axis',(-0.589172191503942,0.,-0.80800750538497));
#1960=DIRECTION('ref_axis',(-0.80800750538497,0.,0.589172191503942));
#1961=DIRECTION('',(-0.80800750538497,0.,0.589172191503942));
#1962=DIRECTION('',(0.80800750538497,0.,-0.589172191503942));
#1963=DIRECTION('center_axis',(-0.589172191503942,0.,-0.80800750538497));
#1964=DIRECTION('ref_axis',(-0.80800750538497,0.,0.589172191503942));
#1965=DIRECTION('',(0.80800750538497,8.46291072215405E-17,-0.589172191503942));
#1966=DIRECTION('',(-0.80800750538497,0.,0.589172191503942));
#1967=DIRECTION('',(0.,1.,0.));
#1968=DIRECTION('center_axis',(0.,1.,0.));
#1969=DIRECTION('ref_axis',(-0.589172191503941,0.,-0.808007505384971));
#1970=DIRECTION('center_axis',(1.04738021191053E-16,-1.,0.));
#1971=DIRECTION('ref_axis',(-0.589172191503941,0.,-0.808007505384971));
#1972=DIRECTION('center_axis',(0.,1.,0.));
#1973=DIRECTION('ref_axis',(-0.589172191503941,0.,-0.808007505384971));
#1974=DIRECTION('center_axis',(0.589980504054651,0.,-0.807417491038818));
#1975=DIRECTION('ref_axis',(-0.807417491038818,0.,-0.589980504054651));
#1976=DIRECTION('',(-0.807417491038818,0.,-0.589980504054651));
#1977=DIRECTION('',(0.,1.,0.));
#1978=DIRECTION('',(0.807417491038818,0.,0.589980504054651));
#1979=DIRECTION('',(0.,1.,0.));
#1980=DIRECTION('center_axis',(0.589980504054651,0.,-0.807417491038818));
#1981=DIRECTION('ref_axis',(-0.807417491038818,0.,-0.589980504054651));
#1982=DIRECTION('',(0.807417491038818,8.45673102864502E-17,0.589980504054651));
#1983=DIRECTION('',(0.,1.,0.));
#1984=DIRECTION('',(-0.807417491038818,0.,-0.589980504054651));
#1985=DIRECTION('',(0.,1.,0.));
#1986=DIRECTION('center_axis',(0.,1.,0.));
#1987=DIRECTION('ref_axis',(-0.808007505384774,0.,-0.589172191504211));
#1988=DIRECTION('center_axis',(0.,1.,0.));
#1989=DIRECTION('ref_axis',(-0.588363288905997,0.,0.808596710522444));
#1990=DIRECTION('center_axis',(0.,-1.,0.));
#1991=DIRECTION('ref_axis',(-0.588363288905997,0.,0.808596710522444));
#1992=DIRECTION('',(0.,1.,0.));
#1993=DIRECTION('center_axis',(0.,1.,0.));
#1994=DIRECTION('ref_axis',(0.759848647563566,0.,0.650100017532549));
#1995=DIRECTION('center_axis',(0.,1.,0.));
#1996=DIRECTION('ref_axis',(0.458824016601554,0.,-0.888527164350993));
#1997=DIRECTION('',(0.,1.,0.));
#1998=DIRECTION('center_axis',(0.,-1.,0.));
#1999=DIRECTION('ref_axis',(0.458824016601554,0.,-0.888527164350993));
#2000=DIRECTION('center_axis',(0.,1.,0.));
#2001=DIRECTION('ref_axis',(0.759848647563566,0.,0.650100017532549));
#2002=DIRECTION('center_axis',(1.04738021191053E-16,-1.,0.));
#2003=DIRECTION('ref_axis',(0.458824016601554,0.,-0.888527164350993));
#2004=DIRECTION('center_axis',(0.,1.,0.));
#2005=DIRECTION('ref_axis',(0.458824016601554,0.,-0.888527164350993));
#2006=DIRECTION('',(0.,1.,0.));
#2007=DIRECTION('center_axis',(-0.589172191503942,0.,0.80800750538497));
#2008=DIRECTION('ref_axis',(0.80800750538497,0.,0.589172191503942));
#2009=DIRECTION('',(0.80800750538497,0.,0.589172191503942));
#2010=DIRECTION('',(-0.80800750538497,0.,-0.589172191503942));
#2011=DIRECTION('center_axis',(-0.589172191503942,0.,0.80800750538497));
#2012=DIRECTION('ref_axis',(0.80800750538497,0.,0.589172191503942));
#2013=DIRECTION('',(-0.80800750538497,-8.46291072215405E-17,-0.589172191503942));
#2014=DIRECTION('',(0.80800750538497,0.,0.589172191503942));
#2015=DIRECTION('',(0.,1.,0.));
#2016=DIRECTION('center_axis',(0.,1.,0.));
#2017=DIRECTION('ref_axis',(-0.808007505384774,0.,-0.589172191504211));
#2018=DIRECTION('center_axis',(1.04738021191053E-16,-1.,0.));
#2019=DIRECTION('ref_axis',(-0.588363288905997,0.,0.808596710522444));
#2020=DIRECTION('center_axis',(0.,1.,0.));
#2021=DIRECTION('ref_axis',(-0.588363288905997,0.,0.808596710522444));
#2022=DIRECTION('center_axis',(0.,0.,1.));
#2023=DIRECTION('ref_axis',(0.707106781186548,-0.707106781186547,0.));
#2024=DIRECTION('center_axis',(0.,0.,-1.));
#2025=DIRECTION('ref_axis',(0.707106781186548,-0.707106781186547,0.));
#2026=DIRECTION('',(0.,0.,-1.));
#2027=DIRECTION('center_axis',(0.,0.,-1.));
#2028=DIRECTION('ref_axis',(0.707106781186548,-0.707106781186547,0.));
#2029=DIRECTION('',(0.,0.,1.));
#2030=DIRECTION('center_axis',(0.,0.,1.));
#2031=DIRECTION('ref_axis',(-1.,0.,0.));
#2032=DIRECTION('',(1.,1.04738021191053E-16,0.));
#2033=DIRECTION('center_axis',(0.,0.,-1.));
#2034=DIRECTION('ref_axis',(-0.707106781186548,-0.707106781186548,0.));
#2035=DIRECTION('center_axis',(0.,0.,-1.));
#2036=DIRECTION('ref_axis',(-0.707106781186549,0.707106781186546,0.));
#2037=DIRECTION('',(-1.,0.,0.));
#2038=DIRECTION('center_axis',(0.,0.,-1.));
#2039=DIRECTION('ref_axis',(0.707106781186548,0.707106781186548,0.));
#2040=DIRECTION('',(0.,1.,0.));
#2041=DIRECTION('center_axis',(0.,0.,1.));
#2042=DIRECTION('ref_axis',(-1.,0.,0.));
#2043=DIRECTION('center_axis',(0.,0.,1.));
#2044=DIRECTION('ref_axis',(-1.,0.,0.));
#2045=DIRECTION('center_axis',(0.,0.,1.));
#2046=DIRECTION('ref_axis',(-1.,0.,0.));
#2047=DIRECTION('center_axis',(0.,0.,1.));
#2048=DIRECTION('ref_axis',(-1.,0.,0.));
#2049=DIRECTION('center_axis',(0.,0.,1.));
#2050=DIRECTION('ref_axis',(-1.,0.,0.));
#2051=DIRECTION('center_axis',(-1.04738021191053E-16,1.,0.));
#2052=DIRECTION('ref_axis',(-1.,-1.04738021191053E-16,0.));
#2053=DIRECTION('',(1.,1.04738021191053E-16,0.));
#2054=DIRECTION('',(0.,0.,-1.));
#2055=DIRECTION('center_axis',(0.,0.,-1.));
#2056=DIRECTION('ref_axis',(0.707106781186548,0.707106781186548,0.));
#2057=DIRECTION('',(0.,0.,-1.));
#2058=DIRECTION('center_axis',(0.,0.,-1.));
#2059=DIRECTION('ref_axis',(0.707106781186548,0.707106781186548,0.));
#2060=DIRECTION('',(0.,0.,1.));
#2061=DIRECTION('center_axis',(0.,-1.,0.));
#2062=DIRECTION('ref_axis',(1.,0.,0.));
#2063=DIRECTION('',(0.,0.,1.));
#2064=DIRECTION('',(-1.,0.,0.));
#2065=DIRECTION('center_axis',(0.,0.,1.));
#2066=DIRECTION('ref_axis',(-0.707106781186549,0.707106781186546,0.));
#2067=DIRECTION('center_axis',(0.,0.,-1.));
#2068=DIRECTION('ref_axis',(-0.707106781186549,0.707106781186546,0.));
#2069=DIRECTION('center_axis',(0.,0.,1.));
#2070=DIRECTION('ref_axis',(-0.707106781186548,-0.707106781186548,0.));
#2071=DIRECTION('center_axis',(0.,0.,-1.));
#2072=DIRECTION('ref_axis',(-0.707106781186548,-0.707106781186548,0.));
#2073=DIRECTION('center_axis',(0.,0.,1.));
#2074=DIRECTION('ref_axis',(-0.707106781186548,0.707106781186547,0.));
#2075=DIRECTION('center_axis',(0.,0.,-1.));
#2076=DIRECTION('ref_axis',(-0.707106781186548,0.707106781186547,0.));
#2077=DIRECTION('',(0.,0.,-1.));
#2078=DIRECTION('',(0.,0.,1.));
#2079=DIRECTION('center_axis',(0.,0.,1.));
#2080=DIRECTION('ref_axis',(1.,0.,0.));
#2081=DIRECTION('',(0.,-1.,0.));
#2082=DIRECTION('center_axis',(0.,0.,-1.));
#2083=DIRECTION('ref_axis',(-0.707106781186547,-0.707106781186548,0.));
#2084=DIRECTION('',(1.,0.,0.));
#2085=DIRECTION('center_axis',(0.,0.,-1.));
#2086=DIRECTION('ref_axis',(0.707106781186547,-0.707106781186547,0.));
#2087=DIRECTION('',(0.,1.,0.));
#2088=DIRECTION('center_axis',(0.,0.,-1.));
#2089=DIRECTION('ref_axis',(0.707106781186547,0.707106781186547,0.));
#2090=DIRECTION('',(-1.,0.,0.));
#2091=DIRECTION('center_axis',(0.,0.,-1.));
#2092=DIRECTION('ref_axis',(-1.,0.,0.));
#2093=DIRECTION('center_axis',(0.,0.,-1.));
#2094=DIRECTION('ref_axis',(-1.,0.,0.));
#2095=DIRECTION('center_axis',(0.,0.,-1.));
#2096=DIRECTION('ref_axis',(-1.,0.,0.));
#2097=DIRECTION('center_axis',(0.,0.,-1.));
#2098=DIRECTION('ref_axis',(-1.,0.,0.));
#2099=DIRECTION('center_axis',(0.,0.,-1.));
#2100=DIRECTION('ref_axis',(-1.,0.,0.));
#2101=DIRECTION('center_axis',(-1.,-4.58769844886428E-17,0.));
#2102=DIRECTION('ref_axis',(4.58769844886428E-17,-1.,0.));
#2103=DIRECTION('',(0.,0.,-1.));
#2104=DIRECTION('center_axis',(0.,0.,1.));
#2105=DIRECTION('ref_axis',(-0.707106781186547,-0.707106781186548,0.));
#2106=DIRECTION('',(0.,0.,1.));
#2107=DIRECTION('center_axis',(0.,0.,1.));
#2108=DIRECTION('ref_axis',(0.707106781186547,-0.707106781186547,0.));
#2109=DIRECTION('',(0.,0.,-1.));
#2110=DIRECTION('',(0.,0.,1.));
#2111=DIRECTION('center_axis',(1.,0.,0.));
#2112=DIRECTION('ref_axis',(0.,1.,0.));
#2113=DIRECTION('',(0.,0.,-1.));
#2114=DIRECTION('center_axis',(0.,0.,1.));
#2115=DIRECTION('ref_axis',(0.707106781186547,0.707106781186547,0.));
#2116=DIRECTION('',(0.,0.,1.));
#2117=DIRECTION('center_axis',(0.,0.,-1.));
#2118=DIRECTION('ref_axis',(-1.,0.,0.));
#2119=DIRECTION('',(0.,0.,-1.));
#2120=DIRECTION('center_axis',(0.,0.,-1.));
#2121=DIRECTION('ref_axis',(-1.,0.,0.));
#2122=DIRECTION('',(0.,0.,-1.));
#2123=DIRECTION('center_axis',(0.,0.,-1.));
#2124=DIRECTION('ref_axis',(-1.,0.,0.));
#2125=DIRECTION('',(0.,0.,-1.));
#2126=DIRECTION('center_axis',(0.,0.,-1.));
#2127=DIRECTION('ref_axis',(-1.,0.,0.));
#2128=DIRECTION('',(0.,0.,-1.));
#2129=DIRECTION('center_axis',(0.,0.,-1.));
#2130=DIRECTION('ref_axis',(-1.,0.,0.));
#2131=DIRECTION('',(0.,0.,-1.));
#2132=DIRECTION('center_axis',(0.,0.,1.));
#2133=DIRECTION('ref_axis',(-1.,0.,0.));
#2134=DIRECTION('',(0.,1.,0.));
#2135=DIRECTION('center_axis',(0.,1.,0.));
#2136=DIRECTION('ref_axis',(-1.,0.,0.));
#2137=DIRECTION('center_axis',(0.,-1.,0.));
#2138=DIRECTION('ref_axis',(1.,0.,0.));
#2139=DIRECTION('center_axis',(-1.,0.,0.));
#2140=DIRECTION('ref_axis',(0.,-1.,0.));
#2141=CARTESIAN_POINT('',(0.,0.,0.));
#2142=CARTESIAN_POINT('Origin',(17.4,18.35,11.1));
#2143=CARTESIAN_POINT('',(1.66533453693773E-15,19.35,9.6));
#2144=CARTESIAN_POINT('',(2.30250601194E-15,17.35,12.6));
#2145=CARTESIAN_POINT('',(3.33066907387547E-15,24.4115384615385,2.00769230769231));
#2146=CARTESIAN_POINT('',(3.80000000000002,17.35,12.6));
#2147=CARTESIAN_POINT('',(17.4,17.35,12.6));
#2148=CARTESIAN_POINT('',(3.80000000000002,19.35,9.6));
#2149=CARTESIAN_POINT('',(3.80000000000002,23.0961538461538,3.98076923076924));
#2150=CARTESIAN_POINT('',(17.4,19.35,9.6));
#2151=CARTESIAN_POINT('Origin',(6.80000000000001,19.35,6.5));
#2152=CARTESIAN_POINT('',(3.80000000000002,19.35,17.));
#2153=CARTESIAN_POINT('',(3.80000000000002,19.35,15.3));
#2154=CARTESIAN_POINT('',(6.80000000000001,19.35,17.));
#2155=CARTESIAN_POINT('',(6.80000000000001,19.35,17.));
#2156=CARTESIAN_POINT('',(6.80000000000001,19.35,6.5));
#2157=CARTESIAN_POINT('',(6.80000000000001,19.35,12.05));
#2158=CARTESIAN_POINT('',(1.94047676477962E-15,19.35,6.5));
#2159=CARTESIAN_POINT('',(17.4,19.35,6.5));
#2160=CARTESIAN_POINT('',(1.66533453693773E-15,19.35,6.55));
#2161=CARTESIAN_POINT('Origin',(17.4,37.65,11.1));
#2162=CARTESIAN_POINT('',(4.35883213581094E-15,38.65,12.6));
#2163=CARTESIAN_POINT('',(3.88578058618805E-15,36.65,9.6));
#2164=CARTESIAN_POINT('',(4.44089209850063E-15,38.6653846153846,12.6230769230769));
#2165=CARTESIAN_POINT('',(3.80000000000001,36.65,9.6));
#2166=CARTESIAN_POINT('',(17.4,36.65,9.6));
#2167=CARTESIAN_POINT('',(3.80000000000002,38.65,12.6));
#2168=CARTESIAN_POINT('',(3.80000000000001,40.35,15.15));
#2169=CARTESIAN_POINT('',(17.4,38.65,12.6));
#2170=CARTESIAN_POINT('Origin',(4.99600361081319E-15,51.,6.6));
#2171=CARTESIAN_POINT('',(4.44089209850063E-15,51.,12.6));
#2172=CARTESIAN_POINT('',(4.44089209850063E-15,39.5,12.6));
#2173=CARTESIAN_POINT('',(8.88178419700125E-15,51.,6.5));
#2174=CARTESIAN_POINT('',(4.99600361081319E-15,51.,6.6));
#2175=CARTESIAN_POINT('',(3.61063835834615E-15,36.65,6.5));
#2176=CARTESIAN_POINT('',(4.99600361081319E-15,51.,6.5));
#2177=CARTESIAN_POINT('',(3.88578058618805E-15,36.65,12.05));
#2178=CARTESIAN_POINT('Origin',(28.,28.,12.6));
#2179=CARTESIAN_POINT('',(1.11022302462516E-15,5.,12.6));
#2180=CARTESIAN_POINT('',(4.44089209850063E-15,39.5,12.6));
#2181=CARTESIAN_POINT('',(5.,0.,12.6));
#2182=CARTESIAN_POINT('Origin',(4.99999999999999,4.99999999999999,12.6));
#2183=CARTESIAN_POINT('',(51.,0.,12.6));
#2184=CARTESIAN_POINT('',(16.5,0.,12.6));
#2185=CARTESIAN_POINT('',(56.,5.,12.6));
#2186=CARTESIAN_POINT('Origin',(51.,5.,12.6));
#2187=CARTESIAN_POINT('',(56.,51.,12.6));
#2188=CARTESIAN_POINT('',(56.,16.5,12.6));
#2189=CARTESIAN_POINT('',(51.,56.,12.6));
#2190=CARTESIAN_POINT('Origin',(51.,51.,12.6));
#2191=CARTESIAN_POINT('',(5.,56.,12.6));
#2192=CARTESIAN_POINT('',(39.5,56.,12.6));
#2193=CARTESIAN_POINT('Origin',(5.,51.,12.6));
#2194=CARTESIAN_POINT('',(3.80000000000002,47.2,12.6));
#2195=CARTESIAN_POINT('',(3.80000000000002,40.1,12.6));
#2196=CARTESIAN_POINT('',(4.07631384252186,48.8391427898903,12.6));
#2197=CARTESIAN_POINT('Origin',(8.80000000000002,47.2,12.6));
#2198=CARTESIAN_POINT('',(2.65,51.,12.6));
#2199=CARTESIAN_POINT('Origin',(5.,51.,12.6));
#2200=CARTESIAN_POINT('',(7.16085721010974,51.9236861574782,12.6));
#2201=CARTESIAN_POINT('Origin',(5.,51.,12.6));
#2202=CARTESIAN_POINT('',(8.80000000000002,52.2,12.6));
#2203=CARTESIAN_POINT('Origin',(8.80000000000002,47.2,12.6));
#2204=CARTESIAN_POINT('',(47.2,52.2,12.6));
#2205=CARTESIAN_POINT('',(40.1,52.2,12.6));
#2206=CARTESIAN_POINT('',(48.8391427898903,51.9236861574782,12.6));
#2207=CARTESIAN_POINT('Origin',(47.2,47.2,12.6));
#2208=CARTESIAN_POINT('',(51.9236861574782,48.8391427898903,12.6));
#2209=CARTESIAN_POINT('Origin',(51.,51.,12.6));
#2210=CARTESIAN_POINT('',(52.2,47.2,12.6));
#2211=CARTESIAN_POINT('Origin',(47.2,47.2,12.6));
#2212=CARTESIAN_POINT('',(52.2,8.8,12.6));
#2213=CARTESIAN_POINT('',(52.2,15.9,12.6));
#2214=CARTESIAN_POINT('',(51.9236861574782,7.16085721010974,12.6));
#2215=CARTESIAN_POINT('Origin',(47.2,8.8,12.6));
#2216=CARTESIAN_POINT('',(48.8391427898903,4.07631384252184,12.6));
#2217=CARTESIAN_POINT('Origin',(51.,5.,12.6));
#2218=CARTESIAN_POINT('',(47.2,3.79999999999999,12.6));
#2219=CARTESIAN_POINT('Origin',(47.2,8.8,12.6));
#2220=CARTESIAN_POINT('',(8.80000000000002,3.79999999999999,12.6));
#2221=CARTESIAN_POINT('',(15.9,3.79999999999999,12.6));
#2222=CARTESIAN_POINT('',(7.16085721010974,4.07631384252185,12.6));
#2223=CARTESIAN_POINT('Origin',(8.80000000000002,8.8,12.6));
#2224=CARTESIAN_POINT('',(2.64999999999999,4.99999999999999,12.6));
#2225=CARTESIAN_POINT('Origin',(4.99999999999999,4.99999999999999,12.6));
#2226=CARTESIAN_POINT('',(4.07631384252186,7.16085721010974,12.6));
#2227=CARTESIAN_POINT('Origin',(4.99999999999999,4.99999999999999,12.6));
#2228=CARTESIAN_POINT('',(3.80000000000002,8.8,12.6));
#2229=CARTESIAN_POINT('Origin',(8.80000000000002,8.8,12.6));
#2230=CARTESIAN_POINT('',(3.80000000000002,40.1,12.6));
#2231=CARTESIAN_POINT('Origin',(6.80000000000001,36.65,17.5));
#2232=CARTESIAN_POINT('',(6.80000000000001,36.65,6.5));
#2233=CARTESIAN_POINT('',(17.4,36.65,6.5));
#2234=CARTESIAN_POINT('',(6.80000000000001,36.65,17.));
#2235=CARTESIAN_POINT('',(6.80000000000001,36.65,12.05));
#2236=CARTESIAN_POINT('',(3.80000000000002,36.65,17.));
#2237=CARTESIAN_POINT('',(6.80000000000001,36.65,17.));
#2238=CARTESIAN_POINT('',(3.80000000000002,36.65,15.3));
#2239=CARTESIAN_POINT('Origin',(5.,51.,6.6));
#2240=CARTESIAN_POINT('',(5.,56.,6.5));
#2241=CARTESIAN_POINT('',(5.,56.,6.6));
#2242=CARTESIAN_POINT('Origin',(5.,51.,6.5));
#2243=CARTESIAN_POINT('Origin',(51.,56.,6.6));
#2244=CARTESIAN_POINT('',(51.,56.,6.5));
#2245=CARTESIAN_POINT('',(51.,56.,6.6));
#2246=CARTESIAN_POINT('',(51.,56.,6.5));
#2247=CARTESIAN_POINT('Origin',(51.,51.,6.6));
#2248=CARTESIAN_POINT('',(56.,51.,6.5));
#2249=CARTESIAN_POINT('',(56.,51.,6.6));
#2250=CARTESIAN_POINT('Origin',(51.,51.,6.5));
#2251=CARTESIAN_POINT('Origin',(56.,5.,6.6));
#2252=CARTESIAN_POINT('',(56.,5.,6.5));
#2253=CARTESIAN_POINT('',(56.,5.,6.6));
#2254=CARTESIAN_POINT('',(56.,5.,6.5));
#2255=CARTESIAN_POINT('Origin',(51.,5.,6.6));
#2256=CARTESIAN_POINT('',(51.,0.,6.5));
#2257=CARTESIAN_POINT('',(51.,0.,6.6));
#2258=CARTESIAN_POINT('Origin',(51.,5.,6.5));
#2259=CARTESIAN_POINT('Origin',(5.,-1.10933564796705E-29,6.6));
#2260=CARTESIAN_POINT('',(5.,0.,6.5));
#2261=CARTESIAN_POINT('',(5.,-1.10933564796705E-29,6.6));
#2262=CARTESIAN_POINT('',(5.,-1.10933564796705E-29,6.5));
#2263=CARTESIAN_POINT('Origin',(4.99999999999999,4.99999999999999,6.6));
#2264=CARTESIAN_POINT('',(0.,5.,6.5));
#2265=CARTESIAN_POINT('',(5.55111512312578E-16,5.,6.6));
#2266=CARTESIAN_POINT('Origin',(4.99999999999999,4.99999999999999,6.5));
#2267=CARTESIAN_POINT('Origin',(4.99600361081319E-15,51.,6.6));
#2268=CARTESIAN_POINT('',(4.99600361081319E-15,51.,6.5));
#2269=CARTESIAN_POINT('Origin',(4.99999999999999,4.99999999999999,6.5));
#2270=CARTESIAN_POINT('',(2.64999999999999,4.99999999999999,6.5));
#2271=CARTESIAN_POINT('Origin',(4.99999999999999,4.99999999999999,6.5));
#2272=CARTESIAN_POINT('',(2.64999999999999,4.99999999999999,6.5));
#2273=CARTESIAN_POINT('',(7.16085721010974,4.07631384252185,13.1));
#2274=CARTESIAN_POINT('',(7.16085721010974,4.07631384252185,13.1));
#2275=CARTESIAN_POINT('',(4.07631384252186,7.16085721010974,13.1));
#2276=CARTESIAN_POINT('Origin',(4.99999999999999,4.99999999999999,13.1));
#2277=CARTESIAN_POINT('',(4.07631384252186,7.16085721010974,13.1));
#2278=CARTESIAN_POINT('Origin',(4.99999999999999,4.99999999999999,13.1));
#2279=CARTESIAN_POINT('Origin',(8.80000000000002,8.8,13.1));
#2280=CARTESIAN_POINT('Origin',(5.,51.,6.5));
#2281=CARTESIAN_POINT('',(2.65,51.,6.5));
#2282=CARTESIAN_POINT('Origin',(5.,51.,6.5));
#2283=CARTESIAN_POINT('',(2.65,51.,6.5));
#2284=CARTESIAN_POINT('',(4.07631384252186,48.8391427898903,13.1));
#2285=CARTESIAN_POINT('',(4.07631384252186,48.8391427898903,13.1));
#2286=CARTESIAN_POINT('',(7.16085721010974,51.9236861574782,13.1));
#2287=CARTESIAN_POINT('Origin',(5.,51.,13.1));
#2288=CARTESIAN_POINT('',(7.16085721010974,51.9236861574782,13.1));
#2289=CARTESIAN_POINT('Origin',(5.,51.,13.1));
#2290=CARTESIAN_POINT('Origin',(8.80000000000002,47.2,13.1));
#2291=CARTESIAN_POINT('Origin',(51.,5.,13.1));
#2292=CARTESIAN_POINT('',(48.8391427898903,4.07631384252184,13.1));
#2293=CARTESIAN_POINT('',(51.9236861574782,7.16085721010974,13.1));
#2294=CARTESIAN_POINT('Origin',(47.2,8.8,13.1));
#2295=CARTESIAN_POINT('',(48.65,4.99999999999999,13.1));
#2296=CARTESIAN_POINT('Origin',(51.,5.,13.1));
#2297=CARTESIAN_POINT('Origin',(51.,5.,13.1));
#2298=CARTESIAN_POINT('Origin',(51.,5.,6.5));
#2299=CARTESIAN_POINT('',(48.65,5.,6.5));
#2300=CARTESIAN_POINT('Origin',(51.,5.,6.5));
#2301=CARTESIAN_POINT('',(48.65,4.99999999999999,6.5));
#2302=CARTESIAN_POINT('',(48.8391427898903,4.07631384252184,13.1));
#2303=CARTESIAN_POINT('',(51.9236861574782,7.16085721010974,13.1));
#2304=CARTESIAN_POINT('Origin',(51.,51.,13.1));
#2305=CARTESIAN_POINT('',(51.9236861574782,48.8391427898903,13.1));
#2306=CARTESIAN_POINT('',(48.8391427898903,51.9236861574782,13.1));
#2307=CARTESIAN_POINT('Origin',(47.2,47.2,13.1));
#2308=CARTESIAN_POINT('',(48.65,51.,13.1));
#2309=CARTESIAN_POINT('Origin',(51.,51.,13.1));
#2310=CARTESIAN_POINT('Origin',(51.,51.,13.1));
#2311=CARTESIAN_POINT('Origin',(51.,51.,6.5));
#2312=CARTESIAN_POINT('',(48.65,51.,6.5));
#2313=CARTESIAN_POINT('Origin',(51.,51.,6.5));
#2314=CARTESIAN_POINT('',(48.65,51.,6.5));
#2315=CARTESIAN_POINT('',(51.9236861574782,48.8391427898903,13.1));
#2316=CARTESIAN_POINT('',(48.8391427898903,51.9236861574782,13.1));
#2317=CARTESIAN_POINT('Origin',(6.80000000000001,32.325,17.75));
#2318=CARTESIAN_POINT('',(6.80000000000001,28.,18.5));
#2319=CARTESIAN_POINT('',(6.80000000000001,20.8736194005644,19.7357885432547));
#2320=CARTESIAN_POINT('',(3.80000000000002,28.,18.5));
#2321=CARTESIAN_POINT('',(6.80000000000001,28.,18.5));
#2322=CARTESIAN_POINT('',(3.80000000000001,42.3638007233449,16.0091675046223));
#2323=CARTESIAN_POINT('Origin',(6.80000000000001,23.675,17.75));
#2324=CARTESIAN_POINT('',(3.80000000000001,37.1297216095235,20.0831887184145));
#2325=CARTESIAN_POINT('',(6.80000000000001,14.5452783904765,16.1668112815855));
#2326=CARTESIAN_POINT('Origin',(6.80000000000001,6.8,6.6));
#2327=CARTESIAN_POINT('',(6.80000000000001,46.2,6.5));
#2328=CARTESIAN_POINT('',(6.80000000000001,49.2,6.5));
#2329=CARTESIAN_POINT('',(6.80000000000002,46.2,40.6));
#2330=CARTESIAN_POINT('',(6.80000000000001,46.2,6.6));
#2331=CARTESIAN_POINT('',(6.80000000000001,9.8,40.6));
#2332=CARTESIAN_POINT('',(6.80000000000001,17.4,40.6));
#2333=CARTESIAN_POINT('',(6.80000000000001,9.8,6.5));
#2334=CARTESIAN_POINT('',(6.80000000000001,9.8,6.6));
#2335=CARTESIAN_POINT('',(6.80000000000001,49.2,6.5));
#2336=CARTESIAN_POINT('Origin',(17.4749512601366,3.8,38.6185437275971));
#2337=CARTESIAN_POINT('',(17.4749512601366,49.2,38.6185437275971));
#2338=CARTESIAN_POINT('',(25.9703961167078,49.2,32.4109164538805));
#2339=CARTESIAN_POINT('',(21.6215141130781,49.2,35.5886474605182));
#2340=CARTESIAN_POINT('',(17.4749512601366,52.2,38.6185437275971));
#2341=CARTESIAN_POINT('',(17.4749512601366,3.8,38.6185437275971));
#2342=CARTESIAN_POINT('',(25.9703961167078,52.2,32.4109164538805));
#2343=CARTESIAN_POINT('',(34.8719944432188,52.2,25.9065125663575));
#2344=CARTESIAN_POINT('',(25.9703961167078,3.8,32.4109164538805));
#2345=CARTESIAN_POINT('Origin',(17.4749512601366,3.8,38.6185437275971));
#2346=CARTESIAN_POINT('',(25.9703961167078,6.8,32.4109164538805));
#2347=CARTESIAN_POINT('',(17.4749512601366,6.8,38.6185437275971));
#2348=CARTESIAN_POINT('',(35.442281815589,6.8,25.489803199591));
#2349=CARTESIAN_POINT('',(25.9703961167078,3.8,32.4109164538805));
#2350=CARTESIAN_POINT('',(25.9703961167078,3.8,32.4109164538805));
#2351=CARTESIAN_POINT('',(17.4749512601366,3.8,38.6185437275971));
#2352=CARTESIAN_POINT('',(19.0954577262017,3.8,37.4344385623215));
#2353=CARTESIAN_POINT('',(17.4749512601366,3.8,38.6185437275971));
#2354=CARTESIAN_POINT('Origin',(25.9703961167078,3.8,32.4109164538805));
#2355=CARTESIAN_POINT('',(21.7367406183923,49.2,29.3229304787599));
#2356=CARTESIAN_POINT('',(13.5694894180309,49.2,23.365819142696));
#2357=CARTESIAN_POINT('',(21.7367406183923,52.2,29.3229304787599));
#2358=CARTESIAN_POINT('',(29.9339526214725,52.2,35.3018949246564));
#2359=CARTESIAN_POINT('',(21.7367406183923,3.8,29.3229304787599));
#2360=CARTESIAN_POINT('Origin',(16.,3.8,36.6));
#2361=CARTESIAN_POINT('',(14.5250487398634,49.2,34.581456272403));
#2362=CARTESIAN_POINT('Origin',(16.,49.2,36.6));
#2363=CARTESIAN_POINT('',(14.5250487398634,52.2,34.581456272403));
#2364=CARTESIAN_POINT('',(14.5250487398634,3.8,34.581456272403));
#2365=CARTESIAN_POINT('Origin',(16.,52.2,36.6));
#2366=CARTESIAN_POINT('Origin',(16.,3.8,36.6));
#2367=CARTESIAN_POINT('',(14.5250487398634,6.8,34.581456272403));
#2368=CARTESIAN_POINT('Origin',(16.,6.8,36.6));
#2369=CARTESIAN_POINT('',(14.5250487398634,3.8,34.581456272403));
#2370=CARTESIAN_POINT('Origin',(16.,3.8,36.6));
#2371=CARTESIAN_POINT('',(14.5250487398634,3.8,34.581456272403));
#2372=CARTESIAN_POINT('Origin',(21.7367406183923,3.8,29.3229304787599));
#2373=CARTESIAN_POINT('',(22.2695085367967,49.2,28.9344538371973));
#2374=CARTESIAN_POINT('',(35.5426161133406,52.2,19.2561453724583));
#2375=CARTESIAN_POINT('Origin',(21.7367406183923,3.8,29.3229304787599));
#2376=CARTESIAN_POINT('',(21.7367406183923,6.8,29.3229304787599));
#2377=CARTESIAN_POINT('',(36.1104824664757,6.8,18.8420761199722));
#2378=CARTESIAN_POINT('',(21.7367406183923,3.8,29.3229304787599));
#2379=CARTESIAN_POINT('',(19.7430137973863,3.8,30.7766897477813));
#2380=CARTESIAN_POINT('',(21.7367406183923,3.8,29.3229304787599));
#2381=CARTESIAN_POINT('Origin',(25.9703961167078,3.8,32.4109164538805));
#2382=CARTESIAN_POINT('',(27.4075212818086,6.8,33.4591411750677));
#2383=CARTESIAN_POINT('',(14.1377087014998,3.8,23.7802726046849));
#2384=CARTESIAN_POINT('Origin',(34.2307795232796,3.8,26.3750487398634));
#2385=CARTESIAN_POINT('',(34.2307795232796,49.2,26.3750487398634));
#2386=CARTESIAN_POINT('',(41.7677669529664,49.2,20.8677669529664));
#2387=CARTESIAN_POINT('',(29.9994282446496,49.2,29.4668999666514));
#2388=CARTESIAN_POINT('',(34.2307795232796,52.2,26.3750487398634));
#2389=CARTESIAN_POINT('',(34.2307795232796,3.8,26.3750487398634));
#2390=CARTESIAN_POINT('',(41.7677669529664,52.2,20.8677669529664));
#2391=CARTESIAN_POINT('',(43.2499085747903,52.2,19.7847650724906));
#2392=CARTESIAN_POINT('',(41.7677669529664,3.8,20.8677669529664));
#2393=CARTESIAN_POINT('Origin',(34.2307795232796,3.8,26.3750487398634));
#2394=CARTESIAN_POINT('',(41.7677669529664,6.8,20.8677669529664));
#2395=CARTESIAN_POINT('',(34.2307795232796,6.8,26.3750487398634));
#2396=CARTESIAN_POINT('',(43.8201959471605,6.8,19.3680557057242));
#2397=CARTESIAN_POINT('',(41.7677669529664,3.8,20.8677669529664));
#2398=CARTESIAN_POINT('',(41.7677669529664,3.8,20.8677669529664));
#2399=CARTESIAN_POINT('',(34.2307795232796,3.8,26.3750487398634));
#2400=CARTESIAN_POINT('',(27.4733718577732,3.8,31.3126910684547));
#2401=CARTESIAN_POINT('',(34.2307795232796,3.8,26.3750487398634));
#2402=CARTESIAN_POINT('Origin',(40.,3.8,19.1));
#2403=CARTESIAN_POINT('',(38.5270695212402,49.2,17.0799812365376));
#2404=CARTESIAN_POINT('Origin',(40.,49.2,19.1));
#2405=CARTESIAN_POINT('',(38.5270695212402,52.2,17.0799812365376));
#2406=CARTESIAN_POINT('Origin',(40.,52.2,19.1));
#2407=CARTESIAN_POINT('',(38.5270695212402,3.8,17.0799812365376));
#2408=CARTESIAN_POINT('Origin',(30.0089586077672,3.8,23.2911043274962));
#2409=CARTESIAN_POINT('',(30.0089586077672,49.2,23.2911043274962));
#2410=CARTESIAN_POINT('',(18.4669990278009,49.2,14.8599646683939));
#2411=CARTESIAN_POINT('',(30.0089586077672,52.2,23.2911043274962));
#2412=CARTESIAN_POINT('',(30.0089586077672,3.8,23.2911043274962));
#2413=CARTESIAN_POINT('',(34.8168285364995,52.2,26.803144250275));
#2414=CARTESIAN_POINT('Origin',(30.0089586077672,3.8,23.2911043274962));
#2415=CARTESIAN_POINT('',(30.0089586077672,6.8,23.2911043274962));
#2416=CARTESIAN_POINT('',(32.2907079187437,6.8,24.9578704407041));
#2417=CARTESIAN_POINT('',(30.0089586077672,3.8,23.2911043274962));
#2418=CARTESIAN_POINT('',(19.0369344251403,3.8,15.2762895479208));
#2419=CARTESIAN_POINT('',(30.0089586077672,3.8,23.2911043274962));
#2420=CARTESIAN_POINT('Origin',(38.5270695212402,3.8,17.0799812365376));
#2421=CARTESIAN_POINT('',(30.6646729882206,49.2,22.8129792160862));
#2422=CARTESIAN_POINT('',(43.9377805647645,52.2,13.1346707513472));
#2423=CARTESIAN_POINT('Origin',(38.5270695212402,3.8,17.0799812365376));
#2424=CARTESIAN_POINT('',(38.5270695212402,6.8,17.0799812365376));
#2425=CARTESIAN_POINT('',(44.5056469178996,6.8,12.7206014988611));
#2426=CARTESIAN_POINT('',(38.5270695212402,3.8,17.0799812365376));
#2427=CARTESIAN_POINT('',(28.1381782488102,3.8,24.6552151266702));
#2428=CARTESIAN_POINT('',(38.5270695212402,3.8,17.0799812365376));
#2429=CARTESIAN_POINT('Origin',(40.,3.8,19.1));
#2430=CARTESIAN_POINT('Origin',(40.,6.8,19.1));
#2431=CARTESIAN_POINT('Origin',(40.,3.8,19.1));
#2432=CARTESIAN_POINT('Origin',(41.7677669529664,3.8,34.8322330470336));
#2433=CARTESIAN_POINT('',(41.7677669529664,49.2,34.8322330470336));
#2434=CARTESIAN_POINT('',(17.4749512601367,49.2,17.081456272403));
#2435=CARTESIAN_POINT('',(23.6452596696484,49.2,21.5901047795498));
#2436=CARTESIAN_POINT('',(41.7677669529664,52.2,34.8322330470336));
#2437=CARTESIAN_POINT('',(41.7677669529664,3.8,34.8322330470336));
#2438=CARTESIAN_POINT('',(17.4749512601367,52.2,17.081456272403));
#2439=CARTESIAN_POINT('',(39.9920837590357,52.2,33.5347401422803));
#2440=CARTESIAN_POINT('',(17.4749512601367,3.8,17.081456272403));
#2441=CARTESIAN_POINT('Origin',(41.7677669529664,3.8,34.8322330470336));
#2442=CARTESIAN_POINT('',(17.4749512601367,6.8,17.081456272403));
#2443=CARTESIAN_POINT('',(41.7677669529664,6.8,34.8322330470336));
#2444=CARTESIAN_POINT('',(37.4660273721593,6.8,31.688949040477));
#2445=CARTESIAN_POINT('',(17.4749512601367,3.8,17.081456272403));
#2446=CARTESIAN_POINT('',(17.4749512601367,3.8,17.081456272403));
#2447=CARTESIAN_POINT('',(41.7677669529664,3.8,34.8322330470336));
#2448=CARTESIAN_POINT('',(24.2155470420186,3.8,22.0068141463163));
#2449=CARTESIAN_POINT('',(41.7677669529664,3.8,34.8322330470336));
#2450=CARTESIAN_POINT('Origin',(16.,3.8,19.1));
#2451=CARTESIAN_POINT('',(14.529091777735,49.2,21.1214917763061));
#2452=CARTESIAN_POINT('Origin',(16.,49.2,19.1));
#2453=CARTESIAN_POINT('',(14.529091777735,52.2,21.1214917763061));
#2454=CARTESIAN_POINT('Origin',(16.,52.2,19.1));
#2455=CARTESIAN_POINT('',(14.529091777735,3.8,21.1214917763061));
#2456=CARTESIAN_POINT('Origin',(40.,3.8,36.6));
#2457=CARTESIAN_POINT('',(38.5270695212402,49.2,38.6200187634624));
#2458=CARTESIAN_POINT('Origin',(40.,49.2,36.6));
#2459=CARTESIAN_POINT('',(38.5270695212402,52.2,38.6200187634624));
#2460=CARTESIAN_POINT('',(38.5270695212402,3.8,38.6200187634624));
#2461=CARTESIAN_POINT('Origin',(40.,52.2,36.6));
#2462=CARTESIAN_POINT('Origin',(40.,3.8,36.6));
#2463=CARTESIAN_POINT('',(38.5270695212402,6.8,38.6200187634624));
#2464=CARTESIAN_POINT('Origin',(40.,6.8,36.6));
#2465=CARTESIAN_POINT('',(38.5270695212402,3.8,38.6200187634624));
#2466=CARTESIAN_POINT('Origin',(40.,3.8,36.6));
#2467=CARTESIAN_POINT('',(38.5270695212402,3.8,38.6200187634624));
#2468=CARTESIAN_POINT('Origin',(14.529091777735,3.8,21.1214917763061));
#2469=CARTESIAN_POINT('',(8.549503621608,49.2,16.7613750264526));
#2470=CARTESIAN_POINT('',(24.9169722906974,52.2,28.6959886542617));
#2471=CARTESIAN_POINT('Origin',(14.529091777735,3.8,21.1214917763061));
#2472=CARTESIAN_POINT('',(14.529091777735,6.8,21.1214917763061));
#2473=CARTESIAN_POINT('',(22.390477551287,6.8,26.8537527436777));
#2474=CARTESIAN_POINT('',(14.529091777735,3.8,21.1214917763061));
#2475=CARTESIAN_POINT('',(9.11736997474305,3.8,17.1754442789387));
#2476=CARTESIAN_POINT('',(14.529091777735,3.8,21.1214917763061));
#2477=CARTESIAN_POINT('Origin',(16.,3.8,19.1));
#2478=CARTESIAN_POINT('Origin',(16.,6.8,19.1));
#2479=CARTESIAN_POINT('Origin',(16.,3.8,19.1));
#2480=CARTESIAN_POINT('Origin',(46.2,9.8,6.6));
#2481=CARTESIAN_POINT('',(49.2,9.8,40.6));
#2482=CARTESIAN_POINT('',(46.2,6.8,40.6));
#2483=CARTESIAN_POINT('Origin',(46.2,9.8,40.6));
#2484=CARTESIAN_POINT('',(49.2,9.8,6.5));
#2485=CARTESIAN_POINT('',(49.2,9.8,6.6));
#2486=CARTESIAN_POINT('',(46.2,6.8,6.5));
#2487=CARTESIAN_POINT('Origin',(46.2,9.8,6.5));
#2488=CARTESIAN_POINT('',(46.2,6.8,6.6));
#2489=CARTESIAN_POINT('Origin',(28.,28.,40.6));
#2490=CARTESIAN_POINT('',(9.80000000000001,6.8,40.6));
#2491=CARTESIAN_POINT('',(38.6,6.8,40.6));
#2492=CARTESIAN_POINT('Origin',(9.80000000000001,9.8,40.6));
#2493=CARTESIAN_POINT('',(9.80000000000001,49.2,40.6));
#2494=CARTESIAN_POINT('Origin',(9.80000000000001,46.2,40.6));
#2495=CARTESIAN_POINT('',(46.2,49.2,40.6));
#2496=CARTESIAN_POINT('',(17.4,49.2,40.6));
#2497=CARTESIAN_POINT('',(49.2,46.2,40.6));
#2498=CARTESIAN_POINT('Origin',(46.2,46.2,40.6));
#2499=CARTESIAN_POINT('',(49.2,38.6,40.6));
#2500=CARTESIAN_POINT('',(14.1,43.5,40.6));
#2501=CARTESIAN_POINT('Origin',(12.5,43.5,40.6));
#2502=CARTESIAN_POINT('',(14.1,12.5,40.6));
#2503=CARTESIAN_POINT('Origin',(12.5,12.5,40.6));
#2504=CARTESIAN_POINT('',(45.1,43.5,40.6));
#2505=CARTESIAN_POINT('Origin',(43.5,43.5,40.6));
#2506=CARTESIAN_POINT('',(39.1,28.,40.6));
#2507=CARTESIAN_POINT('Origin',(28.,28.,40.6));
#2508=CARTESIAN_POINT('',(45.1,12.5,40.6));
#2509=CARTESIAN_POINT('Origin',(43.5,12.5,40.6));
#2510=CARTESIAN_POINT('Origin',(49.2,6.8,6.6));
#2511=CARTESIAN_POINT('',(9.80000000000001,6.8,6.5));
#2512=CARTESIAN_POINT('',(6.80000000000001,6.8,6.5));
#2513=CARTESIAN_POINT('',(9.80000000000001,6.8,6.6));
#2514=CARTESIAN_POINT('Origin',(46.2,46.2,6.6));
#2515=CARTESIAN_POINT('',(46.2,49.2,6.5));
#2516=CARTESIAN_POINT('',(46.2,49.2,6.6));
#2517=CARTESIAN_POINT('',(49.2,46.2,6.5));
#2518=CARTESIAN_POINT('Origin',(46.2,46.2,6.5));
#2519=CARTESIAN_POINT('',(49.2,46.2,6.6));
#2520=CARTESIAN_POINT('Origin',(6.80000000000001,49.2,6.6));
#2521=CARTESIAN_POINT('',(9.80000000000001,49.2,6.5));
#2522=CARTESIAN_POINT('',(9.80000000000001,49.2,6.6));
#2523=CARTESIAN_POINT('',(49.2,49.2,6.5));
#2524=CARTESIAN_POINT('Origin',(9.80000000000001,46.2,6.6));
#2525=CARTESIAN_POINT('Origin',(9.80000000000001,46.2,6.5));
#2526=CARTESIAN_POINT('Origin',(9.80000000000001,9.8,6.6));
#2527=CARTESIAN_POINT('Origin',(9.80000000000001,9.8,6.5));
#2528=CARTESIAN_POINT('Origin',(8.80000000000002,47.2,13.1));
#2529=CARTESIAN_POINT('',(3.80000000000002,47.2,42.6));
#2530=CARTESIAN_POINT('',(8.80000000000002,52.2,42.6));
#2531=CARTESIAN_POINT('Origin',(8.80000000000002,47.2,42.6));
#2532=CARTESIAN_POINT('',(8.80000000000002,52.2,13.1));
#2533=CARTESIAN_POINT('',(3.80000000000001,47.2,13.1));
#2534=CARTESIAN_POINT('Origin',(28.,28.,42.6));
#2535=CARTESIAN_POINT('',(3.80000000000002,8.8,42.6));
#2536=CARTESIAN_POINT('',(3.80000000000002,3.8,42.6));
#2537=CARTESIAN_POINT('',(8.80000000000002,3.8,42.6));
#2538=CARTESIAN_POINT('Origin',(8.80000000000002,8.8,42.6));
#2539=CARTESIAN_POINT('',(47.2,3.8,42.6));
#2540=CARTESIAN_POINT('',(52.2,3.8,42.6));
#2541=CARTESIAN_POINT('',(52.2,8.8,42.6));
#2542=CARTESIAN_POINT('Origin',(47.2,8.8,42.6));
#2543=CARTESIAN_POINT('',(52.2,47.2,42.6));
#2544=CARTESIAN_POINT('',(52.2,52.2,42.6));
#2545=CARTESIAN_POINT('',(47.2,52.2,42.6));
#2546=CARTESIAN_POINT('Origin',(47.2,47.2,42.6));
#2547=CARTESIAN_POINT('',(3.80000000000002,52.2,42.6));
#2548=CARTESIAN_POINT('',(45.1,12.5,42.6));
#2549=CARTESIAN_POINT('Origin',(43.5,12.5,42.6));
#2550=CARTESIAN_POINT('',(39.1,28.,42.6));
#2551=CARTESIAN_POINT('Origin',(28.,28.,42.6));
#2552=CARTESIAN_POINT('',(45.1,43.5,42.6));
#2553=CARTESIAN_POINT('Origin',(43.5,43.5,42.6));
#2554=CARTESIAN_POINT('',(14.1,12.5,42.6));
#2555=CARTESIAN_POINT('Origin',(12.5,12.5,42.6));
#2556=CARTESIAN_POINT('',(14.1,43.5,42.6));
#2557=CARTESIAN_POINT('Origin',(12.5,43.5,42.6));
#2558=CARTESIAN_POINT('Origin',(3.80000000000001,52.2,13.1));
#2559=CARTESIAN_POINT('',(3.80000000000002,8.8,13.1));
#2560=CARTESIAN_POINT('Origin',(8.80000000000002,8.8,13.1));
#2561=CARTESIAN_POINT('',(8.80000000000002,3.8,13.1));
#2562=CARTESIAN_POINT('Origin',(47.2,8.8,13.1));
#2563=CARTESIAN_POINT('',(47.2,3.8,13.1));
#2564=CARTESIAN_POINT('',(52.2,8.8,13.1));
#2565=CARTESIAN_POINT('Origin',(52.2,3.8,13.1));
#2566=CARTESIAN_POINT('',(52.2,47.2,13.1));
#2567=CARTESIAN_POINT('Origin',(47.2,47.2,13.1));
#2568=CARTESIAN_POINT('',(47.2,52.2,13.1));
#2569=CARTESIAN_POINT('Origin',(43.5,12.5,42.6));
#2570=CARTESIAN_POINT('',(45.1,12.5,42.6));
#2571=CARTESIAN_POINT('Origin',(28.,28.,42.6));
#2572=CARTESIAN_POINT('',(39.1,28.,42.6));
#2573=CARTESIAN_POINT('Origin',(43.5,43.5,42.6));
#2574=CARTESIAN_POINT('',(45.1,43.5,42.6));
#2575=CARTESIAN_POINT('Origin',(12.5,12.5,42.6));
#2576=CARTESIAN_POINT('',(14.1,12.5,42.6));
#2577=CARTESIAN_POINT('Origin',(12.5,43.5,42.6));
#2578=CARTESIAN_POINT('',(14.1,43.5,42.6));
#2579=CARTESIAN_POINT('Origin',(28.,28.,6.5));
#2580=CARTESIAN_POINT('',(49.2,6.8,6.5));
#2581=CARTESIAN_POINT('Origin',(52.2,52.2,13.1));
#2582=CARTESIAN_POINT('Origin',(3.80000000000002,3.8,13.1));
#2583=CARTESIAN_POINT('Origin',(49.2,49.2,6.6));
#2584=UNCERTAINTY_MEASURE_WITH_UNIT(LENGTH_MEASURE(0.01),#2588,
'DISTANCE_ACCURACY_VALUE',
'Maximum model space distance between geometric entities at asserted c
onnectivities');
#2585=UNCERTAINTY_MEASURE_WITH_UNIT(LENGTH_MEASURE(0.01),#2588,
'DISTANCE_ACCURACY_VALUE',
'Maximum model space distance between geometric entities at asserted c
onnectivities');
#2586=(
GEOMETRIC_REPRESENTATION_CONTEXT(3)
GLOBAL_UNCERTAINTY_ASSIGNED_CONTEXT((#2584))
GLOBAL_UNIT_ASSIGNED_CONTEXT((#2588,#2590,#2591))
REPRESENTATION_CONTEXT('','3D')
);
#2587=(
GEOMETRIC_REPRESENTATION_CONTEXT(3)
GLOBAL_UNCERTAINTY_ASSIGNED_CONTEXT((#2585))
GLOBAL_UNIT_ASSIGNED_CONTEXT((#2588,#2590,#2591))
REPRESENTATION_CONTEXT('','3D')
);
#2588=(
LENGTH_UNIT()
NAMED_UNIT(*)
SI_UNIT(.MILLI.,.METRE.)
);
#2589=(
LENGTH_UNIT()
NAMED_UNIT(*)
SI_UNIT($,.METRE.)
);
#2590=(
NAMED_UNIT(*)
PLANE_ANGLE_UNIT()
SI_UNIT($,.RADIAN.)
);
#2591=(
NAMED_UNIT(*)
SI_UNIT($,.STERADIAN.)
SOLID_ANGLE_UNIT()
);
#2592=SHAPE_DEFINITION_REPRESENTATION(#2593,#2594);
#2593=PRODUCT_DEFINITION_SHAPE('',$,#2596);
#2594=SHAPE_REPRESENTATION('',(#1552),#2586);
#2595=PRODUCT_DEFINITION_CONTEXT('part definition',#2600,'design');
#2596=PRODUCT_DEFINITION('Encoder','Encoder v12',#2597,#2595);
#2597=PRODUCT_DEFINITION_FORMATION('',$,#2602);
#2598=PRODUCT_RELATED_PRODUCT_CATEGORY('Encoder v12','Encoder v12',(#2602));
#2599=APPLICATION_PROTOCOL_DEFINITION('international standard',
'automotive_design',2009,#2600);
#2600=APPLICATION_CONTEXT(
'Core Data for Automotive Mechanical Design Process');
#2601=PRODUCT_CONTEXT('part definition',#2600,'mechanical');
#2602=PRODUCT('Encoder','Encoder v12',$,(#2601));
#2603=PRESENTATION_STYLE_ASSIGNMENT((#2604));
#2604=SURFACE_STYLE_USAGE(.BOTH.,#2605);
#2605=SURFACE_SIDE_STYLE('',(#2606));
#2606=SURFACE_STYLE_FILL_AREA(#2607);
#2607=FILL_AREA_STYLE('Stal \X2\2014\X0\ satynowa',(#2608));
#2608=FILL_AREA_STYLE_COLOUR('Stal \X2\2014\X0\ satynowa',#2609);
#2609=COLOUR_RGB('Stal \X2\2014\X0\ satynowa',0.627450980392157,0.627450980392157,
0.627450980392157);
ENDSEC;
END-ISO-10303-21;
